district,district_bn,seat_count,total_voters,total_votes_cast,valid_votes,rejected_votes,absent_voters,turnout_pct,rejection_pct,absence_pct,total_centers,total_candidates,avg_voters_per_center,avg_candidates_per_seat,safe_seats,competitive_seats,marginal_seats,very_close_seats,bnp_plus_votes,bnp_plus_pct,eleven_parties_votes,eleven_parties_pct,duf_votes,duf_pct,ndf_votes,ndf_pct,greater_sunni_votes,greater_sunni_pct,independent_votes,independent_pct,other_party_votes,other_party_pct,bnp_votes,bnp_pct,jamaat_votes,jamaat_pct,ncp_votes,ncp_pct,leading_party,leading_party_votes,leading_party_pct,runner_up_party,runner_up_votes,runner_up_pct,vote_margin,vote_margin_pct,most_winning_seats_party,most_winning_seats_count,bnp_won_seats,jamaat_won_seats,ncp_won_seats,independent_won_seats,other_party_won_seats,effective_num_parties
Bagerhat,বাগেরহাট,4,1349283,904970,888959,16011,444313,67.07,1.77,32.93,547,23,2466.7,5.75,1,1,1,1,379045,42.64,430134,48.39,0,0.0,1912,0.22,0,0.0,60704,6.83,17164,1.93,379045,42.64,429844,48.35,0,0.0,Bangladesh Jamaat-e-Islami,429844,48.35,Bangladesh Nationalist Party - BNP,379045,42.64,50799,5.71,Bangladesh Jamaat-e-Islami,3,1,3,0,0,0,2.38
Bandarban,বান্দরবান,1,310729,177277,171352,5925,133452,57.05,3.34,42.95,186,4,1670.59,4.0,1,0,0,0,139231,81.25,25124,14.66,0,0.0,2368,1.38,0,0.0,0,0.0,4629,2.7,139231,81.25,0,0.0,25124,14.66,Bangladesh Nationalist Party - BNP,139231,81.25,Jatiyo Nagorik Party - NCP,25124,14.66,114107,66.59,Bangladesh Nationalist Party - BNP,1,1,0,0,0,0,1.46
Barguna,বরগুনা,2,845905,478206,470185,8021,367699,56.53,1.68,43.47,312,13,2711.23,6.5,0,0,0,2,224138,47.67,88498,18.82,0,0.0,2174,0.46,0,0.0,285,0.06,155090,32.98,223765,47.59,83015,17.66,0,0.0,Bangladesh Nationalist Party - BNP,223765,47.59,Islamic Andolan Bangladesh,154762,32.92,69003,14.68,Bangladesh Nationalist Party - BNP,1,1,0,0,0,1,2.73
Barishal,বরিশাল,6,2255573,1268946,1242042,26904,986627,56.26,2.12,43.74,833,36,2707.77,6.0,3,3,0,0,662854,53.37,304121,24.49,22899,1.84,20746,1.67,0,0.0,44152,3.55,187270,15.08,660561,53.18,244636,19.7,0,0.0,Bangladesh Nationalist Party - BNP,660561,53.18,Bangladesh Jamaat-e-Islami,244636,19.7,415925,33.49,Bangladesh Nationalist Party - BNP,6,6,0,0,0,0,2.87
Bhola,ভোলা,4,1677950,945165,922159,23006,732785,56.33,2.43,43.67,525,29,3196.1,7.25,2,2,0,0,557890,60.5,301720,32.72,0,0.0,2330,0.25,302,0.03,2273,0.25,57644,6.25,451648,48.98,245176,26.59,0,0.0,Bangladesh Nationalist Party - BNP,451648,48.98,Bangladesh Jamaat-e-Islami,245176,26.59,206472,22.39,Bangladesh Nationalist Party - BNP,3,3,0,0,0,1,3.02
Bogura,বগুড়া,7,2957424,2107066,2071059,36007,850358,71.25,1.71,28.75,983,34,3008.57,4.86,5,1,1,0,1320900,63.78,722628,34.89,2563,0.12,3531,0.17,0,0.0,181,0.01,21256,1.03,1320627,63.77,721500,34.84,0,0.0,Bangladesh Nationalist Party - BNP,1320627,63.77,Bangladesh Jamaat-e-Islami,721500,34.84,599127,28.93,Bangladesh Nationalist Party - BNP,7,7,0,0,0,0,1.89
Brahmanbaria,ব্রাহ্মণবাড়িয়া,6,2568123,1320167,1287905,32262,1247956,51.41,2.44,48.59,805,49,3190.21,8.17,4,1,0,1,673129,52.27,285279,22.15,354,0.03,7029,0.55,3622,0.28,269679,20.94,48813,3.79,498122,38.68,149179,11.58,78351,6.08,Bangladesh Nationalist Party - BNP,498122,38.68,Independent,269679,20.94,228443,17.74,Bangladesh Nationalist Party - BNP,4,4,0,0,1,1,4.49
Chandpur,চাঁদপুর,5,2284735,1239303,1206889,32414,1045432,54.24,2.62,45.76,706,36,3236.17,7.2,4,0,0,1,716593,59.38,352614,29.22,652,0.05,3648,0.3,19916,1.65,74036,6.13,39430,3.27,715943,59.32,225865,18.71,0,0.0,Bangladesh Nationalist Party - BNP,715943,59.32,Bangladesh Jamaat-e-Islami,225865,18.71,490078,40.61,Bangladesh Nationalist Party - BNP,4,4,0,0,1,0,2.48
Chapainawabganj,চাঁপাইনবাবগঞ্জ,3,1410985,1036188,1014260,21928,374797,73.44,2.12,26.56,515,16,2739.78,5.33,0,2,0,1,441539,43.53,557429,54.96,585,0.06,10776,1.06,418,0.04,0,0.0,3513,0.35,441189,43.5,557429,54.96,0,0.0,Bangladesh Jamaat-e-Islami,557429,54.96,Bangladesh Nationalist Party - BNP,441189,43.5,116240,11.46,Bangladesh Jamaat-e-Islami,3,0,3,0,0,0,2.04
Chattogram,চট্টগ্রাম,14,5663523,2871515,2804231,67284,2792008,50.7,2.34,49.3,1701,98,3329.53,7.0,11,1,0,2,1603022,57.16,869434,31.0,1542,0.05,5591,0.2,228572,8.15,61947,2.21,34123,1.22,1600334,57.07,748262,26.68,2906,0.1,Bangladesh Nationalist Party - BNP,1600334,57.07,Bangladesh Jamaat-e-Islami,748262,26.68,852072,30.39,Bangladesh Nationalist Party - BNP,12,12,2,0,0,0,2.48
Chuadanga,চুয়াডাঙ্গা,2,993536,758236,745131,13105,235300,76.32,1.73,23.68,354,6,2806.6,3.0,0,2,0,0,315094,42.29,413722,55.52,0,0.0,0,0.0,0,0.0,0,0.0,16315,2.19,315094,42.29,413722,55.52,0,0.0,Bangladesh Jamaat-e-Islami,413722,55.52,Bangladesh Nationalist Party - BNP,315094,42.29,98628,13.24,Bangladesh Jamaat-e-Islami,2,0,2,0,0,0,2.05
Cox's Bazar,কক্সবাজার,4,1821362,1186746,1164978,21768,634616,65.16,1.83,34.84,598,18,3045.76,4.5,1,1,1,1,648511,55.67,491817,42.22,0,0.0,749,0.06,0,0.0,937,0.08,22964,1.97,647946,55.62,491243,42.17,0,0.0,Bangladesh Nationalist Party - BNP,647946,55.62,Bangladesh Jamaat-e-Islami,491243,42.17,156703,13.45,Bangladesh Nationalist Party - BNP,4,4,0,0,0,0,2.05
Cumilla,কুমিল্লা,11,4868048,2756415,2685225,71190,2111633,56.62,2.58,43.38,1488,83,3271.54,7.55,6,3,2,0,1378993,51.35,1070168,39.85,1240,0.05,5657,0.21,12428,0.46,154305,5.75,62434,2.33,1328401,49.47,882285,32.86,160527,5.98,Bangladesh Nationalist Party - BNP,1328401,49.47,Bangladesh Jamaat-e-Islami,882285,32.86,446116,16.61,Bangladesh Nationalist Party - BNP,8,8,1,1,1,0,2.77
Dhaka,ঢাকা,20,8366808,3989541,3919726,69815,4377267,47.68,1.75,52.32,3024,190,2766.8,9.5,5,4,2,9,2031887,51.84,1640163,41.84,6240,0.16,29694,0.76,2742,0.07,115418,2.94,93582,2.39,1995520,50.91,1053153,26.87,486191,12.4,Bangladesh Nationalist Party - BNP,1995520,50.91,Bangladesh Jamaat-e-Islami,1053153,26.87,942367,24.04,Bangladesh Nationalist Party - BNP,13,13,6,1,0,0,2.87
Dinajpur,দিনাজপুর,6,2638366,1920135,1877849,42286,718231,72.78,2.2,27.22,844,40,3126.03,6.67,1,2,0,3,924158,49.21,781176,41.6,1411,0.08,17829,0.95,0,0.0,141841,7.55,11434,0.61,923765,49.19,671184,35.74,108948,5.8,Bangladesh Nationalist Party - BNP,923765,49.19,Bangladesh Jamaat-e-Islami,671184,35.74,252581,13.45,Bangladesh Nationalist Party - BNP,5,5,0,0,1,0,2.64
Faridpur,ফরিদপুর,4,1753922,1097703,1076765,20938,656219,62.59,1.91,37.41,657,28,2669.59,7.0,0,2,2,0,521748,48.46,437696,40.65,1657,0.15,1034,0.1,0,0.0,95052,8.83,19578,1.82,521073,48.39,348682,32.38,0,0.0,Bangladesh Nationalist Party - BNP,521073,48.39,Bangladesh Jamaat-e-Islami,348682,32.38,172391,16.01,Bangladesh Nationalist Party - BNP,3,3,1,0,0,0,2.83
Feni,ফেনী,3,1290913,700885,682916,17969,590028,54.29,2.56,45.71,428,26,3016.15,8.67,2,1,0,0,400065,58.58,258213,37.81,1009,0.15,2458,0.36,507,0.07,698,0.1,19966,2.92,399666,58.52,181482,26.57,0,0.0,Bangladesh Nationalist Party - BNP,399666,58.52,Bangladesh Jamaat-e-Islami,181482,26.57,218184,31.95,Bangladesh Nationalist Party - BNP,3,3,0,0,0,0,2.35
Gaibandha,গাইবান্ধা,5,2172468,1320253,1288823,31430,852215,60.77,2.38,39.23,675,40,3218.47,8.0,1,1,2,1,485323,37.66,646683,50.18,4554,0.35,62379,4.84,0,0.0,78459,6.09,11425,0.89,483184,37.49,646683,50.18,0,0.0,Bangladesh Jamaat-e-Islami,646683,50.18,Bangladesh Nationalist Party - BNP,483184,37.49,163499,12.69,Bangladesh Jamaat-e-Islami,4,1,4,0,0,0,2.51
Gazipur,গাজীপুর,5,2715322,1463394,1431959,31435,1251928,53.89,2.15,46.11,935,42,2904.09,8.4,2,2,1,0,779224,54.42,562550,39.29,4895,0.34,12904,0.9,832,0.06,30358,2.12,41196,2.88,778855,54.39,323696,22.61,139337,9.73,Bangladesh Nationalist Party - BNP,778855,54.39,Bangladesh Jamaat-e-Islami,323696,22.61,455159,31.79,Bangladesh Nationalist Party - BNP,4,4,1,0,0,0,2.76
Gopalganj,গোপালগঞ্জ,3,1082653,481561,466921,14640,601092,44.48,3.04,55.52,397,30,2727.09,10.0,0,1,1,1,226068,48.42,86492,18.52,325,0.07,990,0.21,0,0.0,137956,29.55,15090,3.23,168650,36.12,33673,7.21,0,0.0,Bangladesh Nationalist Party - BNP,168650,36.12,Independent,137956,29.55,30694,6.57,Bangladesh Nationalist Party - BNP,3,3,0,0,0,0,3.98
Habiganj,হবিগঞ্জ,4,1818609,930334,906709,23625,888275,51.16,2.54,48.84,647,25,2810.83,6.25,4,0,0,0,565243,62.34,190100,20.97,1404,0.15,3315,0.37,103204,11.38,37549,4.14,5894,0.65,565243,62.34,44581,4.92,0,0.0,Bangladesh Nationalist Party - BNP,565243,62.34,Bangladesh Islami Front,97960,10.8,467283,51.54,Bangladesh Nationalist Party - BNP,4,4,0,0,0,0,2.39
Jamalpur,জামালপুর,5,2118833,1283810,1260828,22982,835023,60.59,1.79,39.41,623,34,3401.02,6.8,5,0,0,0,821183,65.13,393901,31.24,1840,0.15,5478,0.43,0,0.0,23440,1.86,14986,1.19,818998,64.96,393901,31.24,0,0.0,Bangladesh Nationalist Party - BNP,818998,64.96,Bangladesh Jamaat-e-Islami,393901,31.24,425097,33.72,Bangladesh Nationalist Party - BNP,5,5,0,0,0,0,1.92
Jashore,যশোর,6,2441728,1751584,1719664,31920,690144,71.74,1.82,28.26,824,37,2963.26,6.17,0,3,2,1,702736,40.86,878669,51.1,1194,0.07,9597,0.56,0,0.0,87694,5.1,39774,2.31,702483,40.85,875543,50.91,0,0.0,Bangladesh Jamaat-e-Islami,875543,50.91,Bangladesh Nationalist Party - BNP,702483,40.85,173060,10.06,Bangladesh Jamaat-e-Islami,5,1,5,0,0,0,2.33
Jhalokati,ঝালকাঠি,2,586338,342105,335771,6334,244233,58.35,1.85,41.65,237,18,2474.0,9.0,1,0,1,0,173963,51.81,122693,36.54,0,0.0,2867,0.85,0,0.0,4068,1.21,32180,9.58,173495,51.67,122693,36.54,0,0.0,Bangladesh Nationalist Party - BNP,173495,51.67,Bangladesh Jamaat-e-Islami,122693,36.54,50802,15.13,Bangladesh Nationalist Party - BNP,2,2,0,0,0,0,2.44
Jhenaidah,ঝিনাইদহ,4,1575346,1189600,1169262,20338,385746,75.51,1.71,24.49,588,21,2679.16,5.25,1,1,1,1,550819,47.11,526125,45.0,1184,0.1,2489,0.21,0,0.0,76241,6.52,12404,1.06,550451,47.08,525517,44.94,0,0.0,Bangladesh Nationalist Party - BNP,550451,47.08,Bangladesh Jamaat-e-Islami,525517,44.94,24934,2.13,Bangladesh Jamaat-e-Islami,3,1,3,0,0,0,2.34
Joypurhat,জয়পুরহাট,2,810359,593975,581605,12370,216384,73.3,2.08,26.7,255,8,3177.88,4.0,1,0,0,1,311448,53.55,255807,43.98,1188,0.2,0,0.0,0,0.0,13162,2.26,0,0.0,311448,53.55,254291,43.72,0,0.0,Bangladesh Nationalist Party - BNP,311448,53.55,Bangladesh Jamaat-e-Islami,254291,43.72,57157,9.83,Bangladesh Nationalist Party - BNP,1,1,1,0,0,0,2.09
Khagrachhari,খাগড়াছড়ি,1,547042,338030,328159,9871,209012,61.79,2.92,38.21,203,11,2694.79,11.0,1,0,0,0,149895,45.68,56509,17.22,0,0.0,1149,0.35,0,0.0,115902,35.32,4704,1.43,149149,45.45,56509,17.22,0,0.0,Bangladesh Nationalist Party - BNP,149149,45.45,Independent,115902,35.32,33247,10.13,Bangladesh Nationalist Party - BNP,1,1,0,0,0,0,2.77
Khulna,খুলনা,6,2076412,1382287,1354195,28092,694125,66.57,2.03,33.43,840,38,2471.92,6.33,1,0,3,2,673659,49.75,626823,46.29,8063,0.6,5605,0.41,859,0.06,3391,0.25,35795,2.64,673439,49.73,518632,38.3,0,0.0,Bangladesh Nationalist Party - BNP,673439,49.73,Bangladesh Jamaat-e-Islami,518632,38.3,154807,11.43,Bangladesh Nationalist Party - BNP,4,4,2,0,0,0,2.49
Kishoreganj,কিশোরগঞ্জ,6,2698461,1430642,1395969,34673,1267819,53.02,2.42,46.98,913,47,2955.6,7.83,2,0,3,1,879961,63.04,355513,25.47,2391,0.17,4500,0.32,3457,0.25,126642,9.07,23505,1.68,760962,54.51,211546,15.15,0,0.0,Bangladesh Nationalist Party - BNP,760962,54.51,Bangladesh Jamaat-e-Islami,211546,15.15,549416,39.36,Bangladesh Nationalist Party - BNP,5,5,0,0,1,0,2.89
Kurigram,কুড়িগ্রাম,4,1886407,1210682,1186925,23757,675725,64.18,1.96,35.82,706,28,2671.96,7.0,0,2,0,2,456220,38.44,532547,44.87,1157,0.1,68355,5.76,0,0.0,21278,1.79,107368,9.05,455398,38.37,352778,29.72,178869,15.07,Bangladesh Nationalist Party - BNP,455398,38.37,Bangladesh Jamaat-e-Islami,352778,29.72,102620,8.65,Bangladesh Jamaat-e-Islami,3,0,3,1,0,0,3.71
Kushtia,কুষ্টিয়া,4,1731267,1249455,1226256,23199,481812,72.17,1.86,27.83,599,25,2890.26,6.25,1,2,0,1,574553,46.85,602072,49.1,1210,0.1,1070,0.09,1335,0.11,17812,1.45,28204,2.3,573653,46.78,601772,49.07,0,0.0,Bangladesh Jamaat-e-Islami,601772,49.07,Bangladesh Nationalist Party - BNP,573653,46.78,28119,2.29,Bangladesh Jamaat-e-Islami,3,1,3,0,0,0,2.17
Lakshmipur,লক্ষ্মীপুর,4,1605119,949817,924164,25653,655302,59.17,2.7,40.83,496,29,3236.13,7.25,0,2,2,0,479257,51.86,373807,40.45,608,0.07,1716,0.19,1779,0.19,1225,0.13,65772,7.12,478071,51.73,316887,34.29,56437,6.11,Bangladesh Nationalist Party - BNP,478071,51.73,Bangladesh Jamaat-e-Islami,316887,34.29,161184,17.44,Bangladesh Nationalist Party - BNP,4,4,0,0,0,0,2.55
Lalmonirhat,লালমনিরহাট,3,1136483,771145,755460,15685,365338,67.85,2.03,32.15,386,22,2944.26,7.33,1,0,0,2,400138,52.97,300382,39.76,2160,0.29,8053,1.07,0,0.0,12368,1.64,32359,4.28,399711,52.91,300239,39.74,0,0.0,Bangladesh Nationalist Party - BNP,399711,52.91,Bangladesh Jamaat-e-Islami,300239,39.74,99472,13.17,Bangladesh Nationalist Party - BNP,3,3,0,0,0,0,2.28
Madaripur,মাদারীপুর,3,1133549,566964,552901,14063,566585,50.02,2.48,49.98,381,25,2975.19,8.33,0,0,2,1,223585,40.44,180458,32.64,679,0.12,804,0.15,2478,0.45,108918,19.7,35979,6.51,220562,39.89,81961,14.82,0,0.0,Bangladesh Nationalist Party - BNP,220562,39.89,Independent,108918,19.7,111644,20.19,Bangladesh Nationalist Party - BNP,3,3,0,0,0,0,3.91
Magura,মাগুরা,2,837191,578636,569760,8876,258555,69.12,1.53,30.88,301,11,2781.37,5.5,1,1,0,0,330648,58.03,203035,35.64,1185,0.21,4633,0.81,0,0.0,0,0.0,30259,5.31,330362,57.98,203035,35.64,0,0.0,Bangladesh Nationalist Party - BNP,330362,57.98,Bangladesh Jamaat-e-Islami,203035,35.64,127327,22.35,Bangladesh Nationalist Party - BNP,2,2,0,0,0,0,2.15
Manikganj,মানিকগঞ্জ,3,1320618,838404,823407,14997,482214,63.49,1.79,36.51,515,20,2564.31,6.67,3,0,0,0,478700,58.14,212328,25.79,3448,0.42,10261,1.25,0,0.0,108638,13.19,10032,1.22,477641,58.01,69611,8.45,0,0.0,Bangladesh Nationalist Party - BNP,477641,58.01,Independent,108638,13.19,369003,44.81,Bangladesh Nationalist Party - BNP,3,3,0,0,0,0,2.66
Meherpur,মেহেরপুর,2,581018,420223,410323,9900,160795,72.33,2.36,27.67,213,7,2727.78,3.5,0,0,2,0,190242,46.36,216119,52.67,781,0.19,3181,0.78,0,0.0,0,0.0,0,0.0,190242,46.36,216119,52.67,0,0.0,Bangladesh Jamaat-e-Islami,216119,52.67,Bangladesh Nationalist Party - BNP,190242,46.36,25877,6.31,Bangladesh Jamaat-e-Islami,2,0,2,0,0,0,2.03
Moulvibazar,মৌলভীবাজার,4,1591198,868229,842277,25952,722969,54.56,2.99,45.44,554,24,2872.2,6.0,2,1,1,0,490424,58.23,263935,31.34,3384,0.4,2747,0.33,0,0.0,81285,9.65,502,0.06,490205,58.2,206169,24.48,4275,0.51,Bangladesh Nationalist Party - BNP,490205,58.2,Bangladesh Jamaat-e-Islami,206169,24.48,284036,33.72,Bangladesh Nationalist Party - BNP,4,4,0,0,0,0,2.43
Munshiganj,মুন্সীগঞ্জ,3,1409347,784936,767433,17503,624411,55.7,2.23,44.3,469,19,3005.0,6.33,2,1,0,0,408381,53.21,206895,26.96,714,0.09,3569,0.47,637,0.08,118527,15.44,28710,3.74,408216,53.19,98192,12.79,56750,7.39,Bangladesh Nationalist Party - BNP,408216,53.19,Independent,118527,15.44,289689,37.75,Bangladesh Nationalist Party - BNP,3,3,0,0,0,0,2.99
Mymensingh,ময়মনসিংহ,11,4720128,2651313,2586621,64692,2068815,56.17,2.44,43.83,1365,68,3457.97,6.18,2,2,4,3,1125553,43.51,854854,33.05,3097,0.12,8431,0.33,1955,0.08,522240,20.19,70491,2.73,1123396,43.43,494202,19.11,21529,0.83,Bangladesh Nationalist Party - BNP,1123396,43.43,Independent,522240,20.19,601156,23.24,Bangladesh Nationalist Party - BNP,8,8,1,0,1,1,3.65
Naogaon,নওগাঁ,6,2310417,1682142,1643609,38533,628275,72.81,2.29,27.19,782,32,2954.5,5.33,0,3,2,1,842310,51.25,708784,43.12,4222,0.26,12487,0.76,0,0.0,56022,3.41,19784,1.2,842310,51.25,706234,42.97,0,0.0,Bangladesh Nationalist Party - BNP,842310,51.25,Bangladesh Jamaat-e-Islami,706234,42.97,136076,8.28,Bangladesh Nationalist Party - BNP,5,5,1,0,0,0,2.23
Narail,নড়াইল,2,677294,436275,428789,7486,241019,64.41,1.72,35.59,258,16,2625.17,8.0,0,2,0,0,144815,33.77,190483,44.42,0,0.0,1327,0.31,0,0.0,81172,18.93,10992,2.56,144481,33.7,190483,44.42,0,0.0,Bangladesh Jamaat-e-Islami,190483,44.42,Bangladesh Nationalist Party - BNP,144481,33.7,46002,10.73,Bangladesh Jamaat-e-Islami,1,1,1,0,0,0,2.88
Narayanganj,নারায়ণগঞ্জ,5,2368219,1366105,1336086,30019,1002114,57.68,2.2,42.32,797,48,2971.42,9.6,1,1,3,0,631073,47.23,510364,38.2,3641,0.27,1037,0.08,5261,0.39,121947,9.13,62763,4.7,547895,41.01,303823,22.74,104482,7.82,Bangladesh Nationalist Party - BNP,547895,41.01,Bangladesh Jamaat-e-Islami,303823,22.74,244072,18.27,Bangladesh Nationalist Party - BNP,4,4,0,1,0,0,4.08
Narsingdi,নরসিংদী,5,1947947,1121068,1098277,22791,826879,57.55,2.03,42.45,663,41,2938.08,8.2,5,0,0,0,633438,57.68,318075,28.96,817,0.07,4165,0.38,4037,0.37,72044,6.56,65701,5.98,632957,57.63,229728,20.92,19236,1.75,Bangladesh Nationalist Party - BNP,632957,57.63,Bangladesh Jamaat-e-Islami,229728,20.92,403229,36.71,Bangladesh Nationalist Party - BNP,5,5,0,0,0,0,2.58
Natore,নাটোর,4,1536097,1124354,1102294,22060,411743,73.2,1.96,26.8,566,27,2713.95,6.75,1,2,0,1,554419,50.3,372851,33.83,0,0.0,7967,0.72,0,0.0,140241,12.72,26816,2.43,553110,50.18,352330,31.96,20267,1.84,Bangladesh Nationalist Party - BNP,553110,50.18,Bangladesh Jamaat-e-Islami,352330,31.96,200780,18.21,Bangladesh Nationalist Party - BNP,4,4,0,0,0,0,2.69
Netrakona,নেত্রকোনা,5,2026916,1135616,1105822,29794,891300,56.03,2.62,43.97,676,25,2998.4,5.0,4,0,0,1,681498,61.63,316264,28.6,7660,0.69,6290,0.57,348,0.03,68137,6.16,25625,2.32,681228,61.6,161245,14.58,66347,6.0,Bangladesh Nationalist Party - BNP,681228,61.6,Bangladesh Jamaat-e-Islami,161245,14.58,519983,47.02,Bangladesh Nationalist Party - BNP,4,4,1,0,0,0,2.41
Nilphamari,নীলফামারী,4,1580288,1085805,1064512,21293,494483,68.71,1.96,31.29,562,27,2811.9,6.75,0,2,1,1,423367,39.77,528187,49.62,932,0.09,87212,8.19,0,0.0,5500,0.52,19314,1.81,305207,28.67,527841,49.59,0,0.0,Bangladesh Jamaat-e-Islami,527841,49.59,Bangladesh Nationalist Party - BNP,305207,28.67,222634,20.91,Bangladesh Jamaat-e-Islami,4,0,4,0,0,0,2.88
Noakhali,নোয়াখালী,6,2806692,1566208,1523640,42568,1240484,55.8,2.72,44.2,875,48,3207.65,8.0,0,4,2,0,772716,50.72,622904,40.88,1046,0.07,5805,0.38,777,0.05,54356,3.57,66036,4.33,771996,50.67,468549,30.75,153487,10.07,Bangladesh Nationalist Party - BNP,771996,50.67,Bangladesh Jamaat-e-Islami,468549,30.75,303447,19.92,Bangladesh Nationalist Party - BNP,5,5,0,1,0,0,2.75
Pabna,পাবনা,5,2274303,1545956,1515522,30434,728347,67.97,1.97,32.03,702,28,3239.75,5.6,1,1,1,2,776467,51.23,649902,42.88,456,0.03,4213,0.28,1420,0.09,66793,4.41,16271,1.07,775485,51.17,649470,42.85,0,0.0,Bangladesh Nationalist Party - BNP,775485,51.17,Bangladesh Jamaat-e-Islami,649470,42.85,126015,8.31,Bangladesh Jamaat-e-Islami,3,2,3,0,0,0,2.23
Panchagarh,পঞ্চগড়,2,873151,674906,659067,15839,198245,77.3,2.35,22.7,287,15,3042.34,7.5,0,1,0,1,348942,52.94,294412,44.67,4781,0.73,2126,0.32,2368,0.36,1821,0.28,4617,0.7,348116,52.82,127608,19.36,166126,25.21,Bangladesh Nationalist Party - BNP,348116,52.82,Jatiyo Nagorik Party - NCP,166126,25.21,181990,27.61,Bangladesh Nationalist Party - BNP,2,2,0,0,0,0,2.63
Patuakhali,পটুয়াখালী,4,1497872,898675,882698,15977,599197,60.0,1.78,40.0,513,20,2919.83,5.0,2,1,1,0,443568,50.25,175408,19.87,1313,0.15,1036,0.12,0,0.0,81553,9.24,179820,20.37,345920,39.19,115211,13.05,0,0.0,Bangladesh Nationalist Party - BNP,345920,39.19,Islamic Andolan Bangladesh,179820,20.37,166100,18.82,Bangladesh Nationalist Party - BNP,2,2,1,0,0,1,4.24
Pirojpur,পিরোজপুর,3,1031028,611716,598925,12791,419312,59.33,2.09,40.67,418,15,2466.57,5.0,1,1,0,1,273806,45.72,261503,43.66,209,0.03,4840,0.81,0,0.0,16300,2.72,42267,7.06,273663,45.69,225797,37.7,35318,5.9,Bangladesh Nationalist Party - BNP,273663,45.69,Bangladesh Jamaat-e-Islami,225797,37.7,47866,7.99,Bangladesh Nationalist Party - BNP,2,2,1,0,0,0,2.78
Rajbari,রাজবাড়ী,2,976759,625904,611578,14326,350855,64.08,2.29,35.92,354,13,2759.21,6.5,2,0,0,0,388774,63.57,164551,26.91,0,0.0,4795,0.78,0,0.0,37048,6.06,16410,2.68,388143,63.47,98966,16.18,65293,10.68,Bangladesh Nationalist Party - BNP,388143,63.47,Bangladesh Jamaat-e-Islami,98966,16.18,289177,47.28,Bangladesh Nationalist Party - BNP,2,2,0,0,0,0,2.25
Rajshahi,রাজশাহী,6,2269477,1626361,1589651,36710,643116,71.66,2.26,28.34,778,32,2917.07,5.33,2,2,0,2,880674,55.4,684501,43.06,0,0.0,6897,0.43,930,0.06,11846,0.75,4803,0.3,880277,55.38,682282,42.92,0,0.0,Bangladesh Nationalist Party - BNP,880277,55.38,Bangladesh Jamaat-e-Islami,682282,42.92,197995,12.46,Bangladesh Nationalist Party - BNP,4,4,2,0,0,0,2.04
Rangamati,রাঙ্গামাটি,1,503907,270014,260598,9416,233893,53.58,3.49,46.42,213,7,2365.76,7.0,1,0,0,0,201346,77.26,21776,8.36,0,0.0,2914,1.12,0,0.0,30996,11.89,3566,1.37,199855,76.69,0,0.0,0,0.0,Bangladesh Nationalist Party - BNP,199855,76.69,Independent,30996,11.89,168859,64.8,Bangladesh Nationalist Party - BNP,1,1,0,0,0,0,1.64
Rangpur,রংপুর,6,2575613,1701753,1664148,37605,873860,66.07,2.21,33.93,873,45,2950.3,7.5,3,1,0,2,603869,36.29,897448,53.93,2400,0.14,128103,7.7,1087,0.07,1715,0.1,29526,1.77,603869,36.29,748596,44.98,147947,8.89,Bangladesh Jamaat-e-Islami,748596,44.98,Bangladesh Nationalist Party - BNP,603869,36.29,144727,8.7,Bangladesh Jamaat-e-Islami,5,0,5,1,0,0,2.87
Satkhira,সাতক্ষীরা,4,1814005,1315291,1293733,21558,498714,72.51,1.64,27.49,609,20,2978.66,5.0,2,1,1,0,425261,32.87,742440,57.39,291,0.02,8528,0.66,0,0.0,104605,8.09,12608,0.97,425261,32.87,742440,57.39,0,0.0,Bangladesh Jamaat-e-Islami,742440,57.39,Bangladesh Nationalist Party - BNP,425261,32.87,317179,24.52,Bangladesh Jamaat-e-Islami,4,0,4,0,0,0,2.25
Shariatpur,শরিয়তপুর,3,1133940,571905,557911,13994,562035,50.44,2.45,49.56,392,21,2892.7,7.0,2,0,1,0,312540,56.02,197660,35.43,0,0.0,4568,0.82,614,0.11,15303,2.74,27226,4.88,311709,55.87,135819,24.34,368,0.07,Bangladesh Nationalist Party - BNP,311709,55.87,Bangladesh Jamaat-e-Islami,135819,24.34,175890,31.53,Bangladesh Nationalist Party - BNP,3,3,0,0,0,0,2.59
Sherpur,শেরপুর,2,881825,506664,496643,10021,375161,57.46,1.98,42.54,299,10,2949.25,5.0,0,1,0,1,195249,39.31,233979,47.11,0,0.0,735,0.15,0,0.0,61933,12.47,4747,0.96,195249,39.31,232523,46.82,452,0.09,Bangladesh Jamaat-e-Islami,232523,46.82,Bangladesh Nationalist Party - BNP,195249,39.31,37274,7.51,Bangladesh Jamaat-e-Islami,1,1,1,0,0,0,2.57
Sirajganj,সিরাজগঞ্জ,6,2665716,1720852,1688875,31977,944864,64.55,1.86,35.45,923,39,2888.1,6.5,1,3,0,2,932752,55.23,728187,43.12,3006,0.18,7279,0.43,1130,0.07,1922,0.11,14599,0.86,930944,55.12,509901,30.19,102185,6.05,Bangladesh Nationalist Party - BNP,930944,55.12,Bangladesh Jamaat-e-Islami,509901,30.19,421043,24.93,Bangladesh Nationalist Party - BNP,6,6,0,0,0,0,2.48
Sunamganj,সুনামগঞ্জ,5,2062138,1055434,1030855,24579,1006704,51.18,2.33,48.82,720,23,2864.08,4.6,4,1,0,0,604950,58.68,351055,34.05,1210,0.12,3269,0.32,0,0.0,68462,6.64,1909,0.19,604527,58.64,328320,31.85,0,0.0,Bangladesh Nationalist Party - BNP,604527,58.64,Bangladesh Jamaat-e-Islami,328320,31.85,276207,26.79,Bangladesh Nationalist Party - BNP,5,5,0,0,0,0,2.22
Sylhet,সিলেট,6,2871025,1391712,1359086,32626,1479313,48.47,2.34,51.53,1016,33,2825.81,5.5,3,1,0,2,770893,56.72,484468,35.65,2792,0.21,7456,0.55,0,0.0,84537,6.22,8940,0.66,699784,51.49,297187,21.87,0,0.0,Bangladesh Nationalist Party - BNP,699784,51.49,Bangladesh Jamaat-e-Islami,297187,21.87,402597,29.62,Bangladesh Nationalist Party - BNP,5,5,0,0,0,1,3.04
Tangail,টাঙ্গাইল,8,3294307,2043477,2005521,37956,1250830,62.03,1.86,37.97,1063,47,3099.07,5.88,4,4,0,0,1069571,53.33,527524,26.3,0,0.0,11433,0.57,1186,0.06,366131,18.26,29676,1.48,1068587,53.28,494321,24.65,33203,1.66,Bangladesh Nationalist Party - BNP,1068587,53.28,Bangladesh Jamaat-e-Islami,494321,24.65,574266,28.63,Bangladesh Nationalist Party - BNP,7,7,0,0,1,0,2.64
Thakurgaon,ঠাকুরগাঁও,3,1205517,894664,875902,18762,310853,74.21,2.1,25.79,417,20,2890.93,6.67,1,1,0,1,491759,56.14,345254,39.42,1908,0.22,29901,3.41,503,0.06,276,0.03,6301,0.72,489371,55.87,344808,39.37,0,0.0,Bangladesh Nationalist Party - BNP,489371,55.87,Bangladesh Jamaat-e-Islami,344808,39.37,144563,16.5,Bangladesh Nationalist Party - BNP,3,3,0,0,0,0,2.14
