seat_name,total_votes,bnp_alliance_ratio,Bangladesh Khelafat Majlish (BKM),Bangladesh Jatiya Party (BJP),Bangladesh Jatiya Samajtantrik Dal (Bangladesh JaSad),Bangladesh Nationalist Party (BNP),Jamiat Ulema-e-Islam Bangladesh (JUIB),Bangladesh Islami Front (BIF),Bangladesh Sangskritik Muktijote (BSM),bnp_alliance_votes,Islamic Front Bangladesh (IFB),seat_name_normalized,Gono Odhikar Parishad (GOP),Communist Party of Bangladesh (CPB),Bangladesh Khelafat Andolon (BKA),Bangladesh Republican Party (BRP),jamaat_ratio,Bangladesh Liberal Democratic Party (LDP),eleven_party_alliance_votes,Amar Bangladesh Party (AB),bnp_vs_eleven_party_alliance_votes,Insaniyat Biplob Bangladesh (IBB),Bangladesh Congress,democracy_platform_ratio,Revolutionary Workers Party of Bangladesh (RWPB),democracy_platform_votes,jamaat_votes,Islami Andolan Bangladesh (IAB),Janotar Dol,Independent Candidate (Independent),Bangladesh Jamaat-e-Islami (Jamaat),National Citizen Party (NCP),Jatiya Party (Manju) (JP–Manju),bnp_vs_eleven_party_alliance_ratio,Jatiya Party (JaPa),Khelafat Majlis,Ganosanhati Andolan (GSA),eleven_party_alliance_ratio,Bangladesh Nationalist Front (BNF),Bangladesh Development Party (BDP),Bangladesh Samajtantrik Dal (Basad),Bangladesh Muslim League (BML),comments
Bagerhat 1,244871.0,0.4668703113067697,0.0,0.0,0.0,114323.0,0.0,0.0,0.0,114323.0,0.0,0,0.0,0.0,0.0,0.0,0.4799547516855814,0.0,117818.0,291.0,0.0,0.0,0.0,0.0,0.0,0.0,117527.0,0.0,0.0,11750.0,117527.0,0.0,0.0,0.0,571.0,0.0,0.0,0.4811431325065034,0.0,0.0,0.0,409.0,
Bagerhat 2,237396.0,0.2797393384892753,0.0,0.0,0.0,66409.0,0.0,0.0,0.0,66409.0,0.0,0,0.0,0.0,0.0,0.0,0.49583396518896694,0.0,117709.0,0.0,0.0,0.0,0.0,0.0,0.0,0.0,117709.0,4313.0,0.0,48965.0,117709.0,0.0,0.0,0.0,0.0,0.0,0.0,0.49583396518896694,0.0,0.0,0.0,0.0,
Bagerhat 3,191481.0,0.5416255398707965,0.0,0.0,0.0,103711.0,0.0,0.0,0.0,103711.0,0.0,0,0.0,0.0,0.0,0.0,0.43714519978483507,0.0,83705.0,0.0,0.0,0.0,0.0,0.0018226351439568416,0.0,349.0,83705.0,3640.0,0.0,425.0,83705.0,0.0,0.0,0.0,0.0,0.0,0.0,0.43714519978483507,0.0,0.0,0.0,0.0,"Discrepancy in Bangladesh Nationalist Party (BNP): source1 has 103711, source2 has 102661. Took the max.; Discrepancy in Bangladesh Jamaat-e-Islami (Jamaat): source1 has 83705, source2 has 83550. Took the max."
Bagerhat 4,224585.0,0.4378119642896899,0.0,0.0,0.0,98326.0,0.0,0.0,0.0,98326.0,0.0,0,0.0,0.0,0.0,0.0,0.5168065543112853,0.0,116067.0,0.0,0.0,0.0,0.0,0.0014025869937885434,0.0,315.0,116067.0,8501.0,0.0,229.0,116067.0,0.0,0.0,0.0,1147.0,0.0,0.0,0.5168065543112853,0.0,0.0,0.0,0.0,
Bandarban 1,174770.0,0.8093780397093323,0.0,0.0,0.0,141455.0,0.0,0.0,0.0,141455.0,0.0,0,0.0,0.0,0.0,0.0,0.0,0.0,26162.0,0.0,0.0,0.0,0.0,0.0,0.0,0.0,0.0,4718.0,0.0,0.0,0.0,26162.0,0.0,0.0,2435.0,0.0,0.0,0.14969388338959777,0.0,0.0,0.0,0.0,
Barguna 1,283649.0,0.47997701384457553,0.0,0.0,0.0,136145.0,0.0,0.0,0.0,136145.0,0.0,0,0.0,0.0,0.0,0.0,0.0,0.0,6232.0,0.0,0.0,0.0,0.0,0.0,0.0,0.0,0.0,140291.0,0.0,0.0,0.0,0.0,981.0,0.0,0.0,6232.0,0.0,0.02197081604377241,0.0,0.0,0.0,0.0,
Barguna 2,194622.0,0.4657387140199977,0.0,0.0,0.0,90643.0,0.0,0.0,0.0,90643.0,0.0,0,0.0,0.0,0.0,0.0,0.43801317425573677,0.0,85247.0,0.0,0.0,0.0,219.0,0.0,0.0,0.0,85247.0,16463.0,0.0,298.0,85247.0,0.0,0.0,0.0,1248.0,0.0,0.0,0.43801317425573677,0.0,0.0,0.0,0.0,
Barishal 1,199585.0,0.503805396197109,0.0,0.0,0.0,100552.0,0.0,0.0,0.0,100552.0,0.0,0,0.0,0.0,0.0,0.0,0.23179597665155197,0.0,46263.0,0.0,0.0,0.0,0.0,0.0,0.0,0.0,46263.0,6846.0,0.0,44188.0,46263.0,0.0,1736.0,0.0,0.0,0.0,0.0,0.23179597665155197,0.0,0.0,0.0,0.0,
Barishal 2,230273.0,0.6180576967338768,0.0,0.0,135.0,141622.0,0.0,0.0,0.0,142322.0,0.0,0,700.0,0.0,0.0,0.0,0.33908447798916935,0.0,78082.0,0.0,0.0,0.0,0.0,0.0005862606558302536,0.0,135.0,78082.0,6021.0,0.0,0.0,78082.0,0.0,2329.0,0.0,1199.0,0.0,0.0,0.33908447798916935,0.0,0.0,0.0,0.0,"Discrepancy in Bangladesh Jamaat-e-Islami (Jamaat): source1 has 74082, source2 has 78082. Took the max."
Barishal 3,173705.0,0.4708557612043407,0.0,0.0,0.0,80930.0,0.0,0.0,0.0,81790.0,0.0,0,860.0,0.0,0.0,0.0,0.0,0.0,61192.0,61192.0,0.0,0.0,0.0,0.001231973748596759,0.0,214.0,0.0,16325.0,0.0,0.0,0.0,0.0,0.0,0.0,14184.0,0.0,0.0,0.3522754094585648,0.0,0.0,214.0,0.0,
Barishal 4,240506.0,0.5335500985422401,0.0,0.0,334.0,128322.0,0.0,0.0,413.0,128322.0,0.0,0,0.0,0.0,0.0,0.0,0.310528635460238,0.0,74684.0,0.0,0.0,0.0,0.0,0.001388738742484595,0.0,334.0,74684.0,36753.0,0.0,0.0,74684.0,0.0,0.0,0.0,0.0,0.0,0.0,0.310528635460238,0.0,0.0,0.0,0.0,
Barishal 5,254379.0,0.5312781322357585,0.0,0.0,0.0,135146.0,0.0,0.0,0.0,135146.0,0.0,0,0.0,0.0,0.0,0.0,0.0,0.0,0.0,0.0,0.0,0.0,0.0,0.0883956615915622,0.0,22486.0,0.0,95044.0,0.0,0.0,0.0,0.0,0.0,0.0,909.0,0.0,0.0,0.0,0.0,0.0,22486.0,0.0,
Barishal 6,168100.0,0.48992266508030935,0.0,0.0,0.0,82217.0,0.0,0.0,0.0,82356.0,0.0,0,139.0,0.0,0.0,0.0,0.3330636525877454,0.0,55988.0,0.0,0.0,0.0,0.0,0.0,0.0,0.0,55988.0,29146.0,0.0,366.0,55988.0,0.0,0.0,0.0,0.0,0.0,0.0,0.3330636525877454,0.0,0.0,0.0,244.0,
Bhola 1,208481.0,0.00529064998728901,0.0,105543.0,0.0,0.0,0.0,0.0,0.0,1103.0,303.0,0,1103.0,0.0,0.0,0.0,0.36136146699219596,0.0,75337.0,0.0,0.0,0.0,0.0,0.0,0.0,0.0,75337.0,25245.0,0.0,134.0,75337.0,0.0,0.0,0.0,599.0,0.0,0.0,0.36136146699219596,0.0,0.0,0.0,0.0,
Bhola 2,215422.0,0.5527986927983214,0.0,0.0,0.0,119085.0,0.0,0.0,0.0,119085.0,0.0,0,0.0,0.0,0.0,0.0,0.43497414377361643,381.0,94084.0,0.0,0.0,0.0,0.0,0.0,0.0,0.0,93703.0,0.0,0.0,1433.0,93703.0,0.0,0.0,0.0,450.0,0.0,0.0,0.43674276536286916,0.0,0.0,0.0,0.0,
Bhola 3,212153.0,0.6893609800474186,0.0,0.0,0.0,145990.0,0.0,0.0,0.0,146250.0,0.0,0,260.0,0.0,0.0,0.0,0.0,0.0,57351.0,0.0,0.0,0.0,0.0,0.0,0.0,0.0,0.0,7255.0,0.0,508.0,0.0,0.0,0.0,0.0,789.0,0.0,0.0,0.2703284893449539,0.0,57351.0,0.0,0.0,
Bhola 4,297387.0,0.6367157945707109,0.0,0.0,0.0,189351.0,0.0,0.0,0.0,189351.0,0.0,0,0.0,0.0,0.0,0.0,0.27552313988170296,0.0,81937.0,0.0,0.0,0.0,0.0,0.0,0.0,0.0,81937.0,24935.0,0.0,235.0,81937.0,0.0,0.0,0.0,545.0,0.0,0.0,0.27552313988170296,0.0,0.0,0.0,0.0,"Discrepancy in Bangladesh Jamaat-e-Islami (Jamaat): source1 has 81437, source2 has 81937. Took the max."
Bogura 1,231320.0,0.7411378177416565,0.0,0.0,0.0,171440.0,0.0,0.0,0.0,171440.0,0.0,0,0.0,0.0,0.0,0.0,0.2505576690299153,0.0,57959.0,0.0,0.0,0.0,597.0,0.0,0.0,0.0,57959.0,1026.0,0.0,0.0,57959.0,0.0,0.0,0.0,0.0,0.0,0.0,0.2505576690299153,0.0,0.0,0.0,0.0,
Bogura 2,243915.0,0.5961543980485005,0.0,0.0,0.0,145137.0,0.0,0.0,0.0,145411.0,0.0,0,274.0,0.0,0.0,0.0,0.3835270483570096,0.0,93548.0,0.0,0.0,0.0,0.0,0.014045876637353176,0.0,3426.0,93548.0,913.0,0.0,183.0,93548.0,0.0,0.0,0.0,434.0,0.0,0.0,0.3835270483570096,0.0,0.0,0.0,0.0,"Discrepancy in Bangladesh Nationalist Party (BNP): source1 has 145024, source2 has 145137. Took the max."
Bogura 3,241716.0,0.5270896423902431,0.0,0.0,0.0,127406.0,0.0,0.0,0.0,127406.0,0.0,0,0.0,0.0,0.0,0.0,0.45932416554965333,0.0,111026.0,0.0,0.0,0.0,0.0,0.0,0.0,0.0,111026.0,1789.0,0.0,0.0,111026.0,0.0,0.0,0.0,1495.0,0.0,0.0,0.45932416554965333,0.0,0.0,0.0,0.0,
Bogura 4,268378.0,0.5788067576328909,0.0,0.0,0.0,155339.0,0.0,0.0,0.0,155339.0,0.0,0,0.0,0.0,0.0,0.0,0.4060615996840278,0.0,108978.0,0.0,0.0,0.0,0.0,0.0,0.0,0.0,108978.0,2954.0,0.0,0.0,108978.0,0.0,0.0,0.0,1107.0,0.0,0.0,0.4060615996840278,0.0,0.0,0.0,0.0,
Bogura 5,400644.0,0.6211025249348548,0.0,0.0,0.0,248841.0,0.0,0.0,0.0,248841.0,0.0,0,0.0,1782.0,0.0,0.0,0.3577465280897755,1134.0,144463.0,0.0,0.0,0.0,0.0,0.0,0.0,0.0,143329.0,5558.0,0.0,0.0,143329.0,0.0,0.0,0.0,0.0,0.0,0.0,0.3605769710765667,0.0,0.0,0.0,0.0,
Bogura 6,317489.0,0.6812330505938788,0.0,0.0,0.0,216284.0,0.0,0.0,0.0,216284.0,0.0,0,0.0,0.0,0.0,0.0,0.30749411790644715,0.0,97626.0,0.0,0.0,0.0,0.0,0.00337334521825953,0.0,1071.0,97626.0,2508.0,0.0,0.0,97626.0,0.0,0.0,0.0,0.0,0.0,0.0,0.30749411790644715,0.0,0.0,795.0,0.0,
Bogura 7,383474.0,0.6889958641263815,0.0,0.0,0.0,264212.0,0.0,0.0,0.0,264212.0,0.0,0,0.0,0.0,0.0,0.0,0.30423183840364665,0.0,116665.0,0.0,0.0,0.0,0.0,0.0,0.0,0.0,116665.0,2061.0,0.0,0.0,116665.0,0.0,0.0,0.0,0.0,0.0,0.0,0.30423183840364665,0.0,0.0,0.0,536.0,"Discrepancy in Bangladesh Nationalist Party (BNP): source1 has 158196, source2 has 264212. Took the max."
Brahmanbaria 1,146825.0,0.4637629831431977,0.0,0.0,0.0,68092.0,0.0,0.0,0.0,68092.0,0.0,0,0.0,0.0,0.0,0.0,0.166388557806913,0.0,24430.0,0.0,0.0,139.0,0.0,0.0,0.0,0.0,24430.0,907.0,0.0,52992.0,24430.0,0.0,0.0,0.0,265.0,0.0,0.0,0.166388557806913,0.0,0.0,0.0,0.0,"Discrepancy in Independent Candidate (Independent): source1 has 106, source2 has 52992. Took the max."
Brahmanbaria 2,237976.0,0.0,0.0,0.0,0.0,0.0,80434.0,0.0,0.0,0.0,0.0,0,0.0,0.0,0.0,0.0,0.0,0.0,20401.0,0.0,0.0,1419.0,0.0,0.001613608094933943,0.0,384.0,0.0,3851.0,0.0,131107.0,0.0,20401.0,0.0,0.0,199.0,0.0,0.0,0.0857271321477796,0.0,0.0,0.0,0.0,"Discrepancy in Independent Candidate (Independent): source1 has 118547, source2 has 131107. Took the max."
Brahmanbaria 3,287272.0,0.7297474170820686,0.0,0.0,0.0,209636.0,0.0,0.0,0.0,209636.0,1344.0,0,0.0,0.0,0.0,0.0,0.0,0.0,62547.0,0.0,0.0,3345.0,0.0,0.0,0.0,0.0,0.0,6231.0,0.0,278.0,0.0,62547.0,0.0,0.0,3891.0,0.0,0.0,0.21772744994291124,0.0,0.0,0.0,0.0,
Brahmanbaria 4,237367.0,0.5896312461294114,0.0,0.0,0.0,139842.0,0.0,0.0,0.0,139959.0,0.0,0,117.0,0.0,0.0,0.0,0.3867260402667599,0.0,91796.0,0.0,0.0,773.0,0.0,0.0,0.0,0.0,91796.0,2277.0,0.0,0.0,91796.0,0.0,0.0,0.0,2453.0,0.0,0.0,0.3867260402667599,0.0,0.0,0.0,0.0,
Brahmanbaria 5,253284.0,0.33967798992435366,60857.0,0.0,0.0,85769.0,0.0,0.0,0.0,86035.0,0.0,0,0.0,359.0,0.0,0.0,0.0,0.0,60857.0,0.0,0.0,257.0,0.0,0.0010502045135105257,0.0,266.0,0.0,20696.0,0.0,84708.0,0.0,0.0,0.0,0.0,372.0,0.0,266.0,0.2402717897695867,0.0,0.0,0.0,0.0,
Brahmanbaria 6,151616.0,0.6307447762769101,0.0,0.0,0.0,0.0,0.0,2353.0,0.0,95631.0,2353.0,0,289.0,0.0,0.0,0.0,0.26366610384128325,0.0,39976.0,0.0,0.0,139.0,0.0,0.629940111861545,0.0,95509.0,39976.0,8572.0,0.0,2592.0,39976.0,0.0,0.0,0.0,0.0,0.0,95342.0,0.26366610384128325,0.0,0.0,0.0,0.0,
Chandpur 1,208969.0,0.6376496035297101,0.0,0.0,0.0,133032.0,0.0,4371.0,0.0,133249.0,0.0,0,217.0,0.0,0.0,0.0,0.3367389421397432,0.0,70368.0,0.0,0.0,0.0,0.0,0.0,0.0,0.0,70368.0,0.0,0.0,0.0,70368.0,0.0,0.0,0.0,652.0,0.0,0.0,0.3367389421397432,0.0,0.0,0.0,0.0,
Chandpur 2,244864.0,0.7057836186617877,0.0,0.0,0.0,172506.0,0.0,0.0,0.0,172821.0,0.0,0,315.0,0.0,0.0,509.0,0.0,57473.0,57756.0,0.0,0.0,0.0,0.0,0.0005839976476738108,0.0,143.0,0.0,12307.0,0.0,0.0,0.0,0.0,0.0,0.0,1328.0,0.0,0.0,0.23586970726607423,0.0,0.0,0.0,0.0,
Chandpur 3,283839.0,0.5832038585254317,0.0,0.0,0.0,165404.0,0.0,2274.0,0.0,165536.0,0.0,0,132.0,676.0,0.0,0.0,0.3553599047347264,0.0,100865.0,0.0,0.0,0.0,0.0,0.0,0.0,0.0,100865.0,14181.0,0.0,0.0,100865.0,0.0,0.0,0.0,0.0,0.0,0.0,0.3553599047347264,0.0,0.0,0.0,0.0,
Chandpur 4,216493.0,0.31943296088095224,0.0,0.0,0.0,69155.0,0.0,509.0,0.0,69155.0,0.0,0,0.0,0.0,0.0,0.0,0.3080561496214658,0.0,66692.0,0.0,0.0,0.0,0.0,0.0,0.0,0.0,66692.0,5261.0,0.0,74359.0,66692.0,0.0,0.0,0.0,277.0,0.0,0.0,0.3080561496214658,0.0,0.0,0.0,0.0,"Discrepancy in Independent Candidate (Independent): source1 has 74175, source2 has 74359. Took the max."
Chandpur 5,269775.0,0.6872541933092392,0.0,0.0,0.0,185404.0,0.0,0.0,0.0,185404.0,0.0,0,0.0,0.0,0.0,0.0,0.0,75660.0,75660.0,0.0,0.0,256.0,0.0,0.0,0.0,0.0,0.0,6671.0,0.0,268.0,0.0,0.0,0.0,0.0,1516.0,0.0,0.0,0.2804559355018071,0.0,0.0,0.0,0.0,
Chapainawabganj 1,373757.0,0.434814598790123,0.0,0.0,0.0,162515.0,0.0,446.0,557.0,162515.0,0.0,0,0.0,0.0,0.0,0.0,0.5535494987384851,0.0,206893.0,0.0,0.0,0.0,0.0,0.0,0.0,0.0,206893.0,1083.0,0.0,0.0,206893.0,0.0,0.0,0.0,2263.0,0.0,0.0,0.5535494987384851,0.0,0.0,0.0,0.0,
Chapainawabganj 2,336216.0,0.4613670973421848,0.0,0.0,0.0,155119.0,0.0,0.0,0.0,155119.0,0.0,0,0.0,626.0,0.0,0.0,0.5092767744545174,0.0,171227.0,0.0,0.0,0.0,0.0,0.0,0.0,0.0,171227.0,1069.0,0.0,0.0,171227.0,0.0,0.0,0.0,8175.0,0.0,0.0,0.5092767744545174,0.0,0.0,0.0,0.0,
Chapainawabganj 3,318495.0,0.4,0.0,0.0,0.0,127037.0,0.0,0.0,0.0,127398.0,0.0,0,361.0,0.0,0.0,0.0,0.5954253598957597,0.0,189640.0,0.0,0.0,0.0,0.0,0.0020000313976671533,0.0,637.0,189640.0,820.0,0.0,0.0,189640.0,0.0,0.0,0.0,0.0,0.0,0.0,0.5954253598957597,0.0,0.0,0.0,0.0,
Chattogram 1,218411.0,0.5897093095127993,0.0,0.0,0.0,128799.0,0.0,0.0,0.0,128799.0,0.0,0,0.0,0.0,0.0,0.0,0.38705925983581413,0.0,84538.0,0.0,0.0,780.0,0.0,0.0011812591856637258,0.0,258.0,84538.0,2108.0,0.0,0.0,84538.0,0.0,0.0,0.0,1659.0,0.0,0.0,0.38705925983581413,0.0,0.0,0.0,269.0,
Chattogram 10,209080.0,0.5881863401568778,0.0,0.0,0.0,122978.0,0.0,0.0,0.0,122978.0,2441.0,0,0.0,0.0,0.0,0.0,0.3678926726611823,0.0,77080.0,0.0,0.0,960.0,0.0,0.0,0.0,0.0,76919.0,3880.0,0.0,357.0,76919.0,0.0,0.0,0.0,1079.0,0.0,0.0,0.3686627128371915,0.0,0.0,0.0,0.0,
Chattogram 11,202518.0,0.5732971883980683,0.0,0.0,0.0,115999.0,0.0,0.0,0.0,116103.0,5127.0,0,104.0,0.0,0.0,0.0,0.3786379482317621,0.0,76681.0,0.0,0.0,210.0,0.0,0.0005925399223772702,0.0,120.0,76681.0,2557.0,0.0,178.0,76681.0,0.0,0.0,0.0,1004.0,0.0,0.0,0.3786379482317621,0.0,0.0,120.0,0.0,
Chattogram 12,217671.0,0.6204041879717556,0.0,0.0,0.0,135044.0,0.0,28999.0,0.0,135044.0,28999.0,0,0.0,0.0,0.0,0.0,0.09971930114714408,118.0,21824.0,0.0,0.0,929.0,0.0,0.0,0.0,0.0,21706.0,901.0,0.0,243.0,21706.0,0.0,0.0,0.0,732.0,0.0,0.0,0.10026140367802786,0.0,0.0,0.0,0.0,
Chattogram 13,264921.0,0.4769723804454913,0.0,0.0,0.0,126192.0,0.0,51450.0,0.0,126360.0,51450.0,0,168.0,0.0,0.0,0.0,0.13222809818776163,0.0,35030.0,0.0,0.0,191.0,0.0,0.0,0.0,0.0,35030.0,0.0,0.0,0.0,35030.0,0.0,0.0,0.0,440.0,0.0,0.0,0.13222809818776163,0.0,0.0,0.0,0.0,
Chattogram 14,181728.0,0.4209202764571227,0.0,0.0,0.0,76493.0,0.0,22992.0,0.0,76493.0,0.0,0,0.0,0.0,0.0,0.0,0.0,75467.0,75467.0,0.0,0.0,149.0,0.0,0.0,0.0,0.0,0.0,1539.0,0.0,4795.0,0.0,0.0,0.0,0.0,293.0,0.0,0.0,0.41527447614016555,0.0,0.0,0.0,0.0,
Chattogram 15,314808.0,0.4150498081370232,0.0,0.0,0.0,130661.0,0.0,0.0,0.0,130661.0,0.0,0,0.0,0.0,0.0,0.0,0.5757096388910066,0.0,181238.0,0.0,0.0,0.0,0.0,0.0,0.0,0.0,181238.0,2909.0,0.0,0.0,181238.0,0.0,0.0,0.0,0.0,0.0,0.0,0.5757096388910066,0.0,0.0,0.0,0.0,
Chattogram 16,237854.0,0.3504166421418181,0.0,0.0,0.0,83105.0,0.0,844.0,0.0,83348.0,844.0,0,243.0,0.0,0.0,0.0,0.39169826868583246,0.0,93167.0,0.0,0.0,0.0,0.0,0.0,0.0,0.0,93167.0,4054.0,0.0,55492.0,93167.0,0.0,0.0,0.0,0.0,0.0,0.0,0.39169826868583246,0.0,0.0,0.0,105.0,
Chattogram 2,0.0,,0.0,0.0,0.0,0.0,0.0,0.0,0.0,0.0,0.0,0,0.0,0.0,0.0,0.0,,0.0,0.0,0.0,0.0,0.0,0.0,,0.0,0.0,0.0,0.0,0.0,0.0,0.0,0.0,0.0,,0.0,0.0,0.0,,0.0,0.0,0.0,0.0,
Chattogram 3,112699.0,0.6480714114588417,0.0,0.0,0.0,73037.0,0.0,0.0,0.0,73037.0,0.0,0,0.0,0.0,0.0,0.0,0.3519285885411583,0.0,39662.0,0.0,0.0,0.0,0.0,0.0,0.0,0.0,39662.0,0.0,0.0,0.0,39662.0,0.0,0.0,0.0,0.0,0.0,0.0,0.3519285885411583,0.0,0.0,0.0,0.0,
Chattogram 4,0.0,,0.0,0.0,0.0,0.0,0.0,0.0,0.0,0.0,0.0,0,0.0,0.0,0.0,0.0,,0.0,0.0,0.0,0.0,0.0,0.0,,0.0,0.0,0.0,0.0,0.0,0.0,0.0,0.0,0.0,,0.0,0.0,0.0,,0.0,0.0,0.0,0.0,
Chattogram 5,193643.0,0.7594077761654178,46589.0,0.0,0.0,147054.0,0.0,0.0,0.0,147054.0,0.0,0,0.0,0.0,0.0,0.0,0.0,0.0,46589.0,0.0,0.0,0.0,0.0,0.0,0.0,0.0,0.0,0.0,0.0,0.0,0.0,0.0,0.0,0.0,0.0,0.0,0.0,0.2405922238345822,0.0,0.0,0.0,0.0,
Chattogram 6,189476.0,0.5967299288564251,0.0,0.0,0.0,112237.0,0.0,27146.0,0.0,113066.0,27146.0,0,0.0,0.0,0.0,0.0,0.11673246215879583,0.0,22118.0,0.0,0.0,0.0,0.0,0.004375224302814076,0.0,829.0,22118.0,0.0,0.0,0.0,22118.0,0.0,0.0,0.0,0.0,0.0,829.0,0.11673246215879583,0.0,0.0,0.0,0.0,
Chattogram 7,175849.0,0.5776205721954631,0.0,0.0,0.0,101445.0,0.0,30239.0,0.0,101574.0,0.0,0,129.0,441.0,0.0,0.0,0.2372433167092221,0.0,41877.0,158.0,0.0,0.0,0.0,0.0,0.0,0.0,41719.0,1307.0,0.0,0.0,41719.0,0.0,0.0,0.0,411.0,0.0,0.0,0.2381418148525155,0.0,0.0,0.0,0.0,
Chattogram 8,254559.0,0.6009176654528027,0.0,0.0,0.0,152969.0,0.0,42585.0,0.0,152969.0,0.0,0,0.0,0.0,0.0,0.0,0.21041880271371274,0.0,56913.0,0.0,0.0,884.0,0.0,0.0,0.0,0.0,53564.0,1208.0,0.0,0.0,53564.0,3349.0,0.0,0.0,0.0,0.0,0.0,0.22357488833629924,0.0,0.0,0.0,0.0,
Chattogram 9,170782.0,0.646602100923985,0.0,0.0,0.0,109388.0,0.0,0.0,0.0,110428.0,4204.0,0,0.0,0.0,0.0,0.0,0.31506247731025516,0.0,53807.0,0.0,0.0,112.0,0.0,0.0074656579733227155,0.0,1275.0,53807.0,941.0,561.0,0.0,53807.0,0.0,0.0,0.0,0.0,0.0,1040.0,0.31506247731025516,0.0,0.0,0.0,0.0,
Chuadanga 1,374356.0,0.4092174293987541,0.0,0.0,0.0,153193.0,0.0,0.0,0.0,153193.0,0.0,0,0.0,0.0,0.0,0.0,0.5637441365972496,0.0,211041.0,0.0,0.0,0.0,0.0,0.0,0.0,0.0,211041.0,10122.0,0.0,0.0,211041.0,0.0,0.0,0.0,0.0,0.0,0.0,0.5637441365972496,0.0,0.0,0.0,0.0,
Chuadanga 2,378262.0,0.4332367512464905,0.0,0.0,0.0,163877.0,0.0,0.0,0.0,163877.0,0.0,0,0.0,0.0,0.0,0.0,0.5499124945143842,0.0,208011.0,0.0,0.0,0.0,0.0,0.0,0.0,0.0,208011.0,6374.0,0.0,0.0,208011.0,0.0,0.0,0.0,0.0,0.0,0.0,0.5499124945143842,0.0,0.0,0.0,0.0,
Cox's Bazar 1,356275.0,0.6231674970177531,0.0,0.0,0.0,222019.0,0.0,0.0,0.0,222019.0,0.0,0,0.0,0.0,0.0,0.0,0.36412321942319836,0.0,129728.0,0.0,0.0,0.0,0.0,0.0,0.0,0.0,129728.0,4528.0,0.0,0.0,129728.0,0.0,0.0,0.0,0.0,0.0,0.0,0.36412321942319836,0.0,0.0,0.0,0.0,
Cox's Bazar 2,227185.0,0.5534696392807624,0.0,0.0,0.0,125543.0,0.0,0.0,0.0,125740.0,0.0,0,197.0,0.0,0.0,0.0,0.40446772454167307,0.0,91889.0,0.0,0.0,0.0,0.0,0.0,0.0,0.0,91889.0,8799.0,0.0,0.0,91889.0,0.0,0.0,0.0,757.0,0.0,0.0,0.40446772454167307,0.0,0.0,0.0,0.0,"Discrepancy in Bangladesh Nationalist Party (BNP): source1 has 124660, source2 has 125543. Took the max.; Discrepancy in Bangladesh Jamaat-e-Islami (Jamaat): source1 has 89817, source2 has 91889. Took the max."
Cox's Bazar 3,350988.0,0.5188097598778306,0.0,0.0,0.0,182096.0,0.0,0.0,0.0,182096.0,0.0,0,0.0,0.0,0.0,0.0,0.46106134682667216,0.0,162429.0,0.0,0.0,0.0,0.0,0.0,0.0,0.0,161827.0,5149.0,0.0,947.0,161827.0,0.0,0.0,0.0,0.0,0.0,0.0,0.4627765051796643,0.0,0.0,0.0,0.0,
Cox's Bazar 4,250332.0,0.49367240304875126,0.0,0.0,0.0,123582.0,0.0,0.0,0.0,123582.0,0.0,0,0.0,0.0,0.0,0.0,0.4874846204240768,0.0,122033.0,0.0,0.0,0.0,0.0,0.0,0.0,0.0,122033.0,4338.0,0.0,0.0,122033.0,0.0,0.0,0.0,0.0,0.0,0.0,0.4874846204240768,0.0,0.0,0.0,0.0,
Cumilla 1,244890.0,0.5775654375433869,0.0,0.0,0.0,141440.0,0.0,0.0,0.0,141440.0,0.0,0,0.0,0.0,0.0,411.0,0.38729633713095674,0.0,95356.0,511.0,0.0,0.0,0.0,0.0005880191106210951,0.0,144.0,94845.0,6502.0,0.0,406.0,94845.0,0.0,0.0,0.0,631.0,0.0,0.0,0.3893829882804524,0.0,0.0,144.0,0.0,
Cumilla 10,296847.0,0.5523384100226716,0.0,0.0,0.0,163667.0,0.0,0.0,422.0,163960.0,0.0,0,293.0,0.0,0.0,0.0,0.416824155204533,0.0,123733.0,0.0,0.0,0.0,400.0,0.0,0.0,0.0,123733.0,7959.0,0.0,0.0,123733.0,0.0,0.0,0.0,0.0,0.0,0.0,0.416824155204533,0.0,0.0,0.0,0.0,
Cumilla 11,213894.0,0.3582989705181071,0.0,0.0,0.0,76638.0,0.0,0.0,186.0,76638.0,0.0,0,0.0,0.0,0.0,0.0,0.6232432887318017,0.0,133308.0,0.0,0.0,0.0,194.0,0.0,0.0,0.0,133308.0,2766.0,0.0,0.0,133308.0,0.0,0.0,0.0,704.0,0.0,0.0,0.6232432887318017,0.0,0.0,0.0,0.0,
Cumilla 2,201414.0,0.3824808603175549,0.0,0.0,0.0,77037.0,0.0,0.0,0.0,77037.0,767.0,0,0.0,0.0,0.0,0.0,0.26504612390399873,0.0,53384.0,0.0,0.0,0.0,0.0,0.0,0.0,0.0,53384.0,6611.0,0.0,63045.0,53384.0,0.0,0.0,0.0,570.0,0.0,0.0,0.26504612390399873,0.0,0.0,0.0,0.0,
Cumilla 3,274507.0,0.5825862364165577,0.0,0.0,0.0,159291.0,0.0,0.0,0.0,159924.0,0.0,0,633.0,0.0,0.0,111.0,0.3992575781309766,0.0,109599.0,0.0,0.0,167.0,717.0,0.0,0.0,0.0,109599.0,3593.0,0.0,0.0,109599.0,0.0,0.0,0.0,0.0,0.0,0.0,0.3992575781309766,0.0,0.0,0.0,0.0,
Cumilla 4,219375.0,0.2273960113960114,0.0,0.0,0.0,0.0,0.0,0.0,0.0,49885.0,0.0,0,49885.0,0.0,0.0,0.0,0.0,0.0,166831.0,0.0,0.0,427.0,0.0,0.0,0.0,0.0,0.0,2232.0,0.0,0.0,0.0,166583.0,0.0,0.0,0.0,248.0,0.0,0.7604831908831908,0.0,0.0,0.0,0.0,
Cumilla 5,388026.0,0.3465875998000134,0.0,0.0,0.0,134485.0,0.0,0.0,0.0,134485.0,0.0,0,0.0,342.0,0.0,0.0,0.3209759139851453,0.0,126576.0,2029.0,0.0,167.0,0.0,0.0003943034745094401,0.0,153.0,124547.0,1505.0,0.0,0.0,124547.0,0.0,0.0,0.0,124547.0,0.0,0.0,0.3262049450294568,0.0,0.0,0.0,147.0,
Cumilla 6,331614.0,0.6089037254156942,0.0,0.0,0.0,201706.0,0.0,4648.0,153.0,201921.0,0.0,0,215.0,0.0,0.0,0.0,0.36141718986532534,0.0,119851.0,0.0,0.0,0.0,0.0,0.002919056493392921,0.0,968.0,119851.0,2476.0,0.0,0.0,119851.0,0.0,0.0,0.0,0.0,0.0,0.0,0.36141718986532534,0.0,0.0,515.0,1597.0,
Cumilla 7,181056.0,0.2679226316719689,26319.0,0.0,0.0,48509.0,0.0,0.0,261.0,48509.0,0.0,0,0.0,0.0,0.0,0.0,0.0,0.0,26319.0,0.0,0.0,0.0,0.0,0.0,0.0,0.0,0.0,14277.0,0.0,91690.0,0.0,0.0,0.0,0.0,0.0,0.0,0.0,0.14536386532343584,0.0,0.0,0.0,0.0,
Cumilla 8,220369.0,0.7677032613480117,0.0,0.0,0.0,169178.0,0.0,0.0,0.0,169178.0,0.0,0,0.0,0.0,0.0,161.0,0.20461589425009868,0.0,45091.0,0.0,0.0,0.0,0.0,0.0007260549351315294,0.0,160.0,45091.0,2276.0,0.0,0.0,45091.0,0.0,0.0,0.0,0.0,0.0,0.0,0.20461589425009868,0.0,0.0,160.0,0.0,
Cumilla 9,302665.0,0.5617035336097665,0.0,0.0,0.0,170008.0,0.0,0.0,124.0,170008.0,3919.0,0,0.0,0.0,0.0,0.0,0.39304511588720203,0.0,118961.0,0.0,0.0,0.0,0.0,0.0,0.0,0.0,118961.0,7626.0,0.0,811.0,118961.0,0.0,0.0,0.0,1216.0,0.0,0.0,0.39304511588720203,0.0,0.0,0.0,0.0,
Dhaka 1,299523.0,0.5801925060846747,0.0,0.0,0.0,173781.0,0.0,0.0,0.0,173781.0,0.0,0,0.0,0.0,0.0,0.0,0.3760045138436781,0.0,112893.0,0.0,0.0,0.0,0.0,0.0,0.0,0.0,112622.0,6607.0,0.0,4880.0,112622.0,0.0,0.0,0.0,1362.0,0.0,0.0,0.37690928576436533,0.0,0.0,0.0,0.0,
Dhaka 10,157572.0,0.5104714035488539,0.0,0.0,0.0,80436.0,0.0,0.0,0.0,80436.0,0.0,0,0.0,0.0,0.0,0.0,0.48952859645114616,0.0,77136.0,0.0,0.0,0.0,0.0,0.0,0.0,0.0,77136.0,0.0,0.0,0.0,77136.0,0.0,0.0,0.0,0.0,0.0,0.0,0.48952859645114616,0.0,0.0,0.0,0.0,
Dhaka 11,192853.0,0.4766013492141683,0.0,0.0,0.0,91833.0,0.0,0.0,196.0,91914.0,0.0,0,81.0,0.0,0.0,283.0,0.0,0.0,93872.0,0.0,0.0,0.0,0.0,0.0,0.0,0.0,0.0,4375.0,0.0,794.0,0.0,93872.0,0.0,0.0,1048.0,0.0,0.0,0.4867541599041757,0.0,0.0,0.0,0.0,
Dhaka 12,122268.0,0.2665374423397782,0.0,47.0,0.0,0.0,0.0,184.0,115.0,32589.0,0.0,0,115.0,453.0,0.0,0.0,0.43979618542873034,0.0,53773.0,0.0,0.0,133.0,0.0,0.2655968855301469,30963.0,32474.0,53773.0,2058.0,175.0,29869.0,53773.0,0.0,0.0,0.0,1770.0,0.0,1511.0,0.43979618542873034,0.0,0.0,0.0,0.0,
Dhaka 13,178267.0,0.4976972743132492,86067.0,0.0,0.0,88387.0,0.0,0.0,0.0,88723.0,0.0,0,336.0,0.0,0.0,0.0,0.0,0.0,86067.0,0.0,0.0,513.0,0.0,0.0027262477070910487,0.0,486.0,0.0,0.0,0.0,1683.0,0.0,0.0,0.0,0.0,0.0,0.0,0.0,0.4827982744983648,0.0,0.0,486.0,464.0,
Dhaka 14,206956.0,0.40261214944239354,0.0,0.0,0.0,83323.0,0.0,0.0,0.0,83323.0,0.0,0,0.0,369.0,0.0,83.0,0.4885724501826475,385.0,101636.0,138.0,0.0,0.0,0.0,0.0010581959450317942,0.0,219.0,101113.0,3760.0,0.0,16328.0,101113.0,0.0,0.0,0.0,857.0,0.0,0.0,0.49109955739384215,0.0,0.0,0.0,0.0,
Dhaka 15,152484.0,0.4165486214947142,0.0,0.0,210.0,63517.0,0.0,0.0,0.0,63517.0,0.0,0,0.0,1501.0,0.0,0.0,0.5582946407491933,0.0,85131.0,0.0,0.0,0.0,0.0,0.0013771936727787833,0.0,210.0,85131.0,0.0,378.0,0.0,85131.0,0.0,0.0,0.0,1421.0,0.0,0.0,0.5582946407491933,0.0,0.0,0.0,0.0,
Dhaka 16,180799.0,0.47332120199779865,0.0,138.0,0.0,85467.0,0.0,0.0,142.0,85576.0,0.0,0,109.0,0.0,102.0,0.0,0.49130802714616784,0.0,89424.0,0.0,0.0,0.0,0.0,0.0,0.0,0.0,88828.0,3679.0,0.0,0.0,88828.0,0.0,0.0,0.0,1464.0,0.0,0.0,0.4946045055558936,0.0,0.0,0.0,0.0,
Dhaka 17,145677.0,0.4990424020264009,0.0,92.0,0.0,72699.0,0.0,0.0,0.0,72699.0,0.0,0,0.0,0.0,0.0,0.0,0.4688454594754148,0.0,68360.0,0.0,0.0,80.0,130.0,0.0,0.0,0.0,68300.0,1768.0,0.0,278.0,68300.0,0.0,1041.0,0.0,1168.0,0.0,0.0,0.46925732957158645,61.0,0.0,0.0,0.0,
Dhaka 18,269989.0,0.536003318653723,0.0,0.0,0.0,144715.0,0.0,1647.0,0.0,144715.0,0.0,0,0.0,0.0,0.0,0.0,0.0,0.0,111297.0,0.0,0.0,0.0,0.0,0.002259351306905096,0.0,610.0,0.0,4727.0,0.0,4135.0,0.0,111297.0,0.0,0.0,2557.0,0.0,0.0,0.4122279055813385,0.0,0.0,260.0,0.0,
Dhaka 19,316259.0,0.6038594949076548,0.0,0.0,0.0,190976.0,0.0,0.0,0.0,190976.0,0.0,0,0.0,0.0,0.0,0.0,0.0,0.0,125283.0,0.0,0.0,0.0,0.0,0.0,0.0,0.0,0.0,0.0,0.0,0.0,0.0,125283.0,0.0,0.0,0.0,0.0,0.0,0.3961405050923452,0.0,0.0,0.0,0.0,"Discrepancy in National Citizen Party (NCP): source1 has 123283, source2 has 125283. Took the max."
Dhaka 2,250198.0,0.654653514416582,0.0,0.0,0.0,163793.0,0.0,0.0,0.0,163793.0,0.0,0,0.0,0.0,0.0,0.0,0.3199585927945067,0.0,80053.0,0.0,0.0,0.0,0.0,0.0,0.0,0.0,80053.0,6352.0,0.0,0.0,80053.0,0.0,0.0,0.0,0.0,0.0,0.0,0.3199585927945067,0.0,0.0,0.0,0.0,
Dhaka 20,233380.0,0.6963064529951153,0.0,0.0,207.0,162504.0,0.0,0.0,0.0,162504.0,0.0,0,0.0,0.0,0.0,0.0,0.0,0.0,67534.0,492.0,0.0,0.0,0.0,0.0008869654640500472,0.0,207.0,0.0,0.0,0.0,0.0,0.0,57787.0,0.0,0.0,3135.0,9255.0,0.0,0.28937355386065644,0.0,0.0,0.0,0.0,
Dhaka 3,191118.0,0.5213899266421792,0.0,0.0,0.0,99163.0,0.0,0.0,0.0,99647.0,0.0,0,97.0,0.0,0.0,0.0,0.43566801661800564,0.0,83264.0,0.0,0.0,0.0,155.0,0.003050471436494731,0.0,583.0,83264.0,6286.0,0.0,313.0,83264.0,0.0,0.0,0.0,1075.0,0.0,387.0,0.43566801661800564,0.0,0.0,196.0,0.0,
Dhaka 4,162069.0,0.45935373205239743,0.0,0.0,0.0,74447.0,0.0,0.0,128.0,74447.0,0.0,0,0.0,367.0,0.0,0.0,0.4773707494955852,0.0,77367.0,0.0,0.0,0.0,0.0,0.0011353189073789558,0.0,184.0,77367.0,6518.0,191.0,2867.0,77367.0,0.0,0.0,0.0,0.0,0.0,0.0,0.4773707494955852,0.0,0.0,184.0,0.0,
Dhaka 5,201368.0,0.43494497636168605,0.0,0.0,0.0,87491.0,0.0,0.0,35.0,87584.0,0.0,0,93.0,206.0,0.0,0.0,0.4799223312542211,788.0,97510.0,0.0,0.0,0.0,262.0,0.0,0.0,0.0,96641.0,14204.0,0.0,0.0,96641.0,0.0,0.0,0.0,1346.0,0.0,0.0,0.48423781335664057,0.0,0.0,0.0,0.0,
Dhaka 6,137179.0,0.5758024187375619,0.0,0.0,0.0,78850.0,0.0,0.0,0.0,78988.0,0.0,0,138.0,0.0,0.0,0.0,0.40601695594806786,0.0,55697.0,0.0,0.0,0.0,319.0,0.0,0.0,0.0,55697.0,0.0,0.0,0.0,55697.0,0.0,0.0,0.0,1778.0,0.0,0.0,0.40601695594806786,0.0,0.0,0.0,245.0,
Dhaka 7,226175.0,0.4627655576434177,0.0,98.0,0.0,104666.0,0.0,0.0,150.0,104666.0,0.0,0,0.0,0.0,2783.0,218.0,0.435428318779706,0.0,101266.0,0.0,0.0,0.0,0.0,0.0009196418702332265,0.0,208.0,98483.0,5081.0,0.0,11517.0,98483.0,0.0,0.0,0.0,2294.0,0.0,0.0,0.4477329501492207,0.0,0.0,0.0,0.0,
Dhaka 8,117667.0,0.509692607103096,0.0,0.0,56.0,59366.0,0.0,326.0,78.0,59974.0,0.0,0,608.0,714.0,0.0,0.0,0.0,0.0,54127.0,0.0,0.0,0.0,0.0,0.0004759193316732814,0.0,56.0,0.0,1436.0,129.0,0.0,0.0,54127.0,0.0,0.0,731.0,0.0,0.0,0.46000152974070896,0.0,0.0,0.0,0.0,
Dhaka 9,217688.0,0.5108779537686965,0.0,0.0,0.0,111212.0,0.0,0.0,0.0,111212.0,0.0,0,0.0,462.0,0.0,0.0,0.0,0.0,53460.0,0.0,0.0,131.0,0.0,0.0,0.0,0.0,0.0,5827.0,0.0,44684.0,0.0,53460.0,0.0,0.0,1202.0,0.0,0.0,0.24558083128146704,124.0,0.0,0.0,118.0,
Dinajpur 1,304095.0,0.5909633502688305,0.0,0.0,0.0,179314.0,0.0,0.0,0.0,179709.0,0.0,0,395.0,0.0,0.0,0.0,0.38632992979167696,0.0,117481.0,0.0,0.0,0.0,0.0,0.0,0.0,0.0,117481.0,3095.0,0.0,0.0,117481.0,0.0,0.0,0.0,1530.0,0.0,0.0,0.38632992979167696,0.0,0.0,0.0,0.0,
Dinajpur 2,280043.0,0.5153387158400674,1046.0,0.0,0.0,144317.0,0.0,0.0,0.0,144317.0,0.0,0,0.0,0.0,0.0,0.0,0.37453891009594953,0.0,105933.0,0.0,0.0,0.0,0.0,0.0,0.0,0.0,104887.0,1061.0,0.0,19475.0,104887.0,0.0,0.0,0.0,4647.0,0.0,0.0,0.3782740507707745,0.0,0.0,0.0,4610.0,"Discrepancy in Bangladesh Nationalist Party (BNP): source1 has 144317, source2 has 139622. Took the max.; Discrepancy in Bangladesh Jamaat-e-Islami (Jamaat): source1 has 101831, source2 has 104887. Took the max."
Dinajpur 3,283414.0,0.49612228048014567,0.0,0.0,0.0,140608.0,0.0,0.0,0.0,140608.0,0.0,0,0.0,701.0,0.0,0.0,0.4807066693953016,0.0,136239.0,0.0,0.0,0.0,0.0,0.0009985392394165427,0.0,283.0,136239.0,1408.0,337.0,0.0,136239.0,0.0,0.0,0.0,3838.0,0.0,0.0,0.4807066693953016,0.0,0.0,283.0,0.0,"Discrepancy in Bangladesh Nationalist Party (BNP): source1 has 139207, source2 has 140608. Took the max.; Discrepancy in Bangladesh Jamaat-e-Islami (Jamaat): source1 has 134618, source2 has 136239. Took the max."
Dinajpur 4,300624.0,0.5545698280909043,0.0,0.0,0.0,166717.0,0.0,0.0,0.0,166717.0,0.0,0,0.0,0.0,0.0,0.0,0.4292937356964181,0.0,129056.0,0.0,0.0,0.0,0.0,0.0,0.0,0.0,129056.0,1699.0,0.0,0.0,129056.0,0.0,0.0,0.0,3152.0,0.0,0.0,0.4292937356964181,0.0,0.0,0.0,0.0,"Discrepancy in Bangladesh Nationalist Party (BNP): source1 has 165577, source2 has 166717. Took the max.; Discrepancy in Bangladesh Jamaat-e-Islami (Jamaat): source1 has 127666, source2 has 129056. Took the max."
Dinajpur 5,333045.0,0.2958879430707562,0.0,0.0,0.0,98544.0,0.0,0.0,0.0,98544.0,0.0,0,0.0,0.0,0.0,0.0,0.0,0.0,110195.0,0.0,0.0,0.0,0.0,0.0,0.0,0.0,0.0,0.0,0.0,122803.0,0.0,110195.0,0.0,0.0,1503.0,0.0,0.0,0.33087120359110633,0.0,0.0,0.0,0.0,"Discrepancy in Independent Candidate (Independent): source1 has 113650, source2 has 122803. Took the max.; Discrepancy in National Citizen Party (NCP): source1 has 108948, source2 has 110195. Took the max."
Dinajpur 6,401188.0,0.5112765087689563,0.0,0.0,0.0,205118.0,0.0,0.0,0.0,205118.0,0.0,0,0.0,0.0,0.0,0.0,0.4753457232020898,0.0,190703.0,0.0,0.0,0.0,0.0,0.0011191760471399943,0.0,449.0,190703.0,1659.0,0.0,570.0,190703.0,0.0,0.0,0.0,2689.0,0.0,0.0,0.4753457232020898,0.0,0.0,449.0,0.0,"Discrepancy in Bangladesh Nationalist Party (BNP): source1 has 203887, source2 has 205118. Took the max.; Discrepancy in Bangladesh Jamaat-e-Islami (Jamaat): source1 has 188719, source2 has 190703. Took the max."
Faridpur 1,318998.0,0.3964789747898106,0.0,0.0,0.0,126476.0,0.0,0.0,0.0,126476.0,0.0,0,0.0,0.0,0.0,0.0,0.4851817252772745,0.0,154772.0,0.0,0.0,0.0,0.0,0.0,0.0,0.0,154772.0,0.0,0.0,37085.0,154772.0,0.0,0.0,0.0,506.0,0.0,0.0,0.4851817252772745,0.0,0.0,0.0,0.0,"Discrepancy in Bangladesh Nationalist Party (BNP): source1 has 126475, source2 has 126476. Took the max.; Discrepancy in Bangladesh Jamaat-e-Islami (Jamaat): source1 has 154772, source2 has 154145. Took the max."
Faridpur 2,214916.0,0.5693805952092911,89305.0,0.0,0.0,121694.0,0.0,0.0,0.0,122369.0,0.0,0,675.0,0.0,0.0,0.0,0.0,0.0,89305.0,0.0,0.0,617.0,257.0,0.0,0.0,0.0,0.0,2368.0,0.0,0.0,0.0,0.0,0.0,0.0,0.0,0.0,0.0,0.4155344413631372,0.0,0.0,0.0,0.0,
Faridpur 3,279143.0,0.5321466058615119,0.0,0.0,0.0,148545.0,0.0,0.0,0.0,148545.0,0.0,0,0.0,957.0,0.0,0.0,0.44462873867515934,0.0,124115.0,0.0,0.0,0.0,0.0,0.0008991807066628932,0.0,251.0,124115.0,4022.0,0.0,1253.0,124115.0,0.0,0.0,0.0,0.0,0.0,0.0,0.44462873867515934,0.0,0.0,0.0,0.0,
Faridpur 4,274996.0,0.463435831793917,1118.0,0.0,0.0,127443.0,0.0,0.0,0.0,127443.0,0.0,0,0.0,714.0,0.0,0.0,0.27565855503352776,0.0,76923.0,0.0,0.0,0.0,0.0,0.0,0.0,0.0,75805.0,11498.0,0.0,57868.0,75805.0,0.0,0.0,0.0,550.0,0.0,0.0,0.27972406871372674,0.0,0.0,0.0,0.0,
Feni 1,212495.0,0.5642673945269301,0.0,0.0,0.0,119904.0,0.0,0.0,0.0,119904.0,0.0,0,0.0,0.0,310.0,0.0,0.40290359773171136,0.0,85925.0,0.0,0.0,0.0,215.0,0.0,0.0,0.0,85615.0,5323.0,0.0,0.0,85615.0,0.0,0.0,0.0,940.0,0.0,0.0,0.4043624555871903,0.0,0.0,0.0,188.0,
Feni 2,221252.0,0.5948827581219605,820.0,0.0,0.0,131210.0,0.0,0.0,0.0,131619.0,0.0,0,409.0,0.0,304.0,0.0,0.0,0.0,81182.0,80058.0,0.0,239.0,0.0,0.0010847359571890876,0.0,240.0,0.0,6849.0,0.0,0.0,0.0,0.0,0.0,0.0,0.0,0.0,0.0,0.3669209769855188,0.0,0.0,0.0,0.0,
Feni 3,276022.0,0.5717841331488069,0.0,0.0,0.0,157825.0,0.0,0.0,0.0,157825.0,531.0,0,0.0,0.0,320.0,0.0,0.39185282332567695,0.0,108480.0,0.0,0.0,327.0,0.0,0.002648339625102347,0.0,731.0,108160.0,6701.0,0.0,0.0,108160.0,0.0,0.0,0.0,1427.0,0.0,0.0,0.3930121512053387,0.0,0.0,731.0,0.0,"Discrepancy in Bangladesh Nationalist Party (BNP): source1 has 157425, source2 has 157825. Took the max."
Gaibandha 1,178723.0,0.2126027427919182,0.0,0.0,0.0,37997.0,0.0,0.0,0.0,37997.0,0.0,0,0.0,0.0,0.0,0.0,0.7873972572080817,0.0,140726.0,0.0,0.0,0.0,0.0,0.0,0.0,0.0,140726.0,0.0,0.0,0.0,140726.0,0.0,0.0,0.0,0.0,0.0,0.0,0.7873972572080817,0.0,0.0,0.0,0.0,
Gaibandha 2,215520.0,0.4310040831477357,0.0,0.0,0.0,92890.0,0.0,0.0,0.0,92890.0,0.0,0,0.0,0.0,0.0,0.0,0.5689959168522642,0.0,122630.0,0.0,0.0,0.0,0.0,0.0,0.0,0.0,122630.0,0.0,0.0,0.0,122630.0,0.0,0.0,0.0,0.0,0.0,0.0,0.5689959168522642,0.0,0.0,0.0,0.0,
Gaibandha 3,303321.0,0.46110885827225945,0.0,0.0,0.0,139864.0,0.0,0.0,0.0,139864.0,0.0,0,0.0,0.0,0.0,0.0,0.5388911417277406,0.0,163457.0,0.0,0.0,0.0,0.0,0.0,0.0,0.0,163457.0,0.0,0.0,0.0,163457.0,0.0,0.0,0.0,0.0,0.0,0.0,0.5388911417277406,0.0,0.0,0.0,0.0,"Discrepancy in Bangladesh Jamaat-e-Islami (Jamaat): source1 has 163457, source2 has 162457. Took the max."
Gaibandha 4,282510.0,0.5053697214257903,0.0,0.0,0.0,142772.0,0.0,0.0,0.0,142772.0,0.0,0,0.0,0.0,0.0,0.0,0.49463027857420977,0.0,139738.0,0.0,0.0,0.0,0.0,0.0,0.0,0.0,139738.0,0.0,0.0,0.0,139738.0,0.0,0.0,0.0,0.0,0.0,0.0,0.49463027857420977,0.0,0.0,0.0,0.0,
Gaibandha 5,162757.0,0.4514890296577106,0.0,0.0,0.0,73483.0,0.0,0.0,0.0,73483.0,0.0,0,0.0,0.0,0.0,0.0,0.5485109703422895,0.0,89274.0,0.0,0.0,0.0,0.0,0.0,0.0,0.0,89274.0,0.0,0.0,0.0,89274.0,0.0,0.0,0.0,0.0,0.0,0.0,0.5485109703422895,0.0,0.0,0.0,0.0,
Gazipur 1,374494.0,0.5572532537236912,0.0,0.0,0.0,208688.0,0.0,0.0,0.0,208688.0,0.0,0,0.0,0.0,0.0,0.0,0.39934685201899095,0.0,149721.0,0.0,0.0,0.0,0.0,0.0,0.0,0.0,149553.0,5696.0,0.0,6703.0,149553.0,0.0,0.0,0.0,3325.0,0.0,0.0,0.3997954573371002,0.0,0.0,0.0,0.0,
Gazipur 2,350983.0,0.5380630970730776,0.0,0.0,0.0,188606.0,0.0,0.0,0.0,188851.0,0.0,0,245.0,1397.0,0.0,0.0,0.0,0.0,140950.0,0.0,0.0,417.0,0.0,0.003290757672024001,0.0,1155.0,0.0,12657.0,537.0,444.0,0.0,140950.0,0.0,0.0,4125.0,0.0,0.0,0.40158640162059134,0.0,0.0,1155.0,0.0,
Gazipur 3,295692.0,0.5490273663135966,100539.0,0.0,0.0,162343.0,0.0,0.0,0.0,162343.0,0.0,0,0.0,0.0,0.0,0.0,0.0,0.0,100539.0,0.0,0.0,0.0,0.0,0.0016368383317776605,0.0,484.0,0.0,6036.0,0.0,21963.0,0.0,0.0,0.0,0.0,1995.0,0.0,0.0,0.3400125806582525,0.0,0.0,484.0,0.0,
Gazipur 4,199689.0,0.4526538767783904,0.0,0.0,0.0,90390.0,0.0,0.0,0.0,90390.0,0.0,0,0.0,1091.0,0.0,0.0,0.5096875641622723,0.0,101779.0,0.0,0.0,0.0,0.0,0.0,0.0,0.0,101779.0,2348.0,0.0,1521.0,101779.0,0.0,0.0,0.0,2147.0,0.0,0.0,0.5096875641622723,0.0,0.0,0.0,0.0,
Gazipur 5,225552.0,0.5935172377101511,0.0,0.0,0.0,133869.0,0.0,0.0,0.0,133869.0,837.0,0,0.0,0.0,0.0,0.0,0.34636358799744627,0.0,78123.0,0.0,0.0,0.0,0.0,0.0,0.0,0.0,78123.0,4411.0,6592.0,0.0,78123.0,0.0,0.0,0.0,1497.0,0.0,0.0,0.34636358799744627,0.0,0.0,0.0,0.0,
Gopalganj 1,191979.0,0.6448153183421104,0.0,0.0,0.0,69462.0,0.0,0.0,0.0,123791.0,0.0,0,54329.0,349.0,0.0,0.0,0.18041035738283875,0.0,34635.0,0.0,0.0,0.0,0.0,0.0,0.0,0.0,34635.0,5870.0,0.0,26713.0,34635.0,0.0,0.0,0.0,621.0,0.0,0.0,0.18041035738283875,0.0,0.0,0.0,0.0,
Gopalganj 2,148621.0,0.2715161383653723,28604.0,0.0,0.0,40048.0,0.0,0.0,0.0,40353.0,0.0,0,305.0,0.0,0.0,0.0,0.0,0.0,28604.0,0.0,0.0,0.0,0.0,0.0,0.0,0.0,0.0,2911.0,0.0,74748.0,0.0,0.0,0.0,0.0,419.0,0.0,0.0,0.1924627071544398,0.0,0.0,0.0,0.0,"Discrepancy in Independent Candidate (Independent): source1 has 33039, source2 has 74748. Took the max."
Gopalganj 3,127748.0,0.4977847011303504,25153.0,0.0,0.0,60991.0,0.0,0.0,0.0,63591.0,0.0,0,2600.0,0.0,0.0,0.0,0.0,0.0,25153.0,0.0,0.0,0.0,0.0,0.0,0.0,0.0,0.0,0.0,0.0,38144.0,0.0,0.0,0.0,0.0,0.0,0.0,0.0,0.19689545041801046,0.0,0.0,0.0,0.0,"Discrepancy in Independent Candidate (Independent): source1 has 34339, source2 has 38144. Took the max."
Habiganj 1,168131.0,0.6661412826902832,56132.0,0.0,0.0,111999.0,0.0,0.0,0.0,111999.0,0.0,0,0.0,0.0,0.0,0.0,0.0,0.0,56132.0,0.0,0.0,0.0,0.0,0.0,0.0,0.0,0.0,0.0,0.0,0.0,0.0,0.0,0.0,0.0,0.0,0.0,0.0,0.33385871730971683,0.0,0.0,0.0,0.0,
Habiganj 2,192345.0,0.6581039278379994,0.0,0.0,0.0,126583.0,0.0,0.0,0.0,126583.0,0.0,0,0.0,0.0,0.0,0.0,0.0,0.0,65762.0,0.0,0.0,0.0,0.0,0.0,0.0,0.0,0.0,0.0,0.0,0.0,0.0,0.0,0.0,0.0,0.0,65762.0,0.0,0.3418960721620006,0.0,0.0,0.0,0.0,
Habiganj 3,208883.0,0.6814724032113672,0.0,0.0,0.0,142348.0,0.0,0.0,132.0,142348.0,14133.0,0,0.0,0.0,0.0,0.0,0.21815083084789091,0.0,45568.0,0.0,0.0,0.0,0.0,0.0,0.0,0.0,45568.0,5443.0,0.0,0.0,45568.0,0.0,0.0,0.0,1259.0,0.0,0.0,0.21815083084789091,0.0,0.0,0.0,0.0,
Habiganj 4,386288.0,0.48686990017810544,0.0,0.0,0.0,188072.0,0.0,84323.0,484.0,188072.0,84323.0,0,0.0,0.0,0.0,0.0,0.0,0.0,26466.0,0.0,0.0,484.0,0.0,0.0008516961438098,0.0,329.0,0.0,0.0,0.0,1271.0,0.0,0.0,0.0,0.0,0.0,26466.0,0.0,0.06851364784823759,0.0,0.0,329.0,536.0,"Discrepancy in Independent Candidate (Independent): source1 has 619, source2 has 1271. Took the max."
Jamalpur 1,271476.0,0.6396734886325126,0.0,0.0,0.0,173656.0,0.0,0.0,0.0,173656.0,0.0,0,0.0,0.0,0.0,0.0,0.3603265113674874,0.0,97820.0,0.0,0.0,0.0,0.0,0.0,0.0,0.0,97820.0,0.0,0.0,0.0,97820.0,0.0,0.0,0.0,0.0,0.0,0.0,0.3603265113674874,0.0,0.0,0.0,0.0,"Discrepancy in Bangladesh Nationalist Party (BNP): source1 has 173656, source2 has 172115. Took the max.; Discrepancy in Bangladesh Jamaat-e-Islami (Jamaat): source1 has 97820, source2 has 93661. Took the max."
Jamalpur 2,160181.0,0.5984480056935592,0.0,0.0,0.0,95860.0,0.0,0.0,0.0,95860.0,0.0,0,0.0,0.0,0.0,0.0,0.3897715709104076,0.0,62434.0,0.0,0.0,0.0,0.0,0.0,0.0,0.0,62434.0,1713.0,0.0,174.0,62434.0,0.0,0.0,0.0,0.0,0.0,0.0,0.3897715709104076,0.0,0.0,0.0,0.0,
Jamalpur 3,304094.0,0.6855347359697989,0.0,0.0,0.0,207412.0,0.0,0.0,0.0,208467.0,0.0,0,412.0,0.0,0.0,0.0,0.2677790420067479,0.0,81430.0,0.0,0.0,0.0,0.0,0.0021144777601662646,0.0,643.0,81430.0,2546.0,0.0,10807.0,81430.0,0.0,0.0,0.0,844.0,0.0,643.0,0.2677790420067479,0.0,0.0,0.0,0.0,
Jamalpur 4,195731.0,0.7550617939927758,0.0,0.0,0.0,147406.0,0.0,0.0,0.0,147789.0,0.0,0,383.0,1314.0,0.0,0.0,0.22963659307927717,0.0,44947.0,0.0,0.0,0.0,0.0,0.001936330984872095,0.0,379.0,44947.0,1302.0,0.0,0.0,44947.0,0.0,0.0,0.0,0.0,0.0,0.0,0.22963659307927717,0.0,0.0,0.0,0.0,
Jamalpur 5,322457.0,0.619874898048422,0.0,0.0,0.0,199344.0,0.0,0.0,0.0,199883.0,0.0,0,539.0,547.0,0.0,0.0,0.3510576604012318,0.0,113201.0,0.0,0.0,0.0,225.0,0.0017986894376614557,0.0,580.0,113201.0,4282.0,0.0,0.0,113201.0,0.0,3739.0,0.0,0.0,0.0,0.0,0.3510576604012318,0.0,0.0,0.0,0.0,
Jashore 1,215801.0,0.4334641637434488,0.0,0.0,0.0,93542.0,0.0,0.0,0.0,93542.0,0.0,0,0.0,0.0,0.0,0.0,0.5518649125814987,0.0,119093.0,0.0,0.0,0.0,0.0,0.0,0.0,0.0,119093.0,1768.0,0.0,0.0,119093.0,0.0,0.0,0.0,1398.0,0.0,0.0,0.5518649125814987,0.0,0.0,0.0,0.0,
Jashore 2,334891.0,0.43729750874165024,0.0,0.0,0.0,146447.0,0.0,0.0,0.0,146447.0,0.0,0,0.0,0.0,0.0,0.0,0.5403698516830849,0.0,181381.0,416.0,0.0,0.0,0.0,0.0014094138092692846,0.0,472.0,180965.0,5781.0,0.0,577.0,180965.0,0.0,0.0,0.0,0.0,0.0,0.0,0.5416120469048138,233.0,0.0,472.0,0.0,"Discrepancy in Independent Candidate (Independent): source1 has 188, source2 has 577. Took the max.; Discrepancy in Bangladesh Nationalist Front (BNF): source1 has 233, source2 has 203. Took the max."
Jashore 3,408053.0,0.49341384575042946,0.0,0.0,0.0,201339.0,0.0,0.0,0.0,201339.0,0.0,0,0.0,753.0,0.0,0.0,0.4594084591952516,0.0,187463.0,0.0,0.0,0.0,0.0,0.0,0.0,0.0,187463.0,13322.0,0.0,0.0,187463.0,0.0,0.0,0.0,3404.0,0.0,0.0,0.4594084591952516,0.0,0.0,0.0,0.0,
Jashore 4,313188.0,0.4212070705135573,0.0,0.0,0.0,131917.0,0.0,0.0,0.0,131917.0,0.0,0,0.0,0.0,0.0,0.0,0.5648747717026195,0.0,177213.0,0.0,0.0,0.0,0.0,0.0,0.0,0.0,176912.0,0.0,0.0,797.0,176912.0,0.0,0.0,0.0,1751.0,301.0,0.0,0.5658358557799149,0.0,0.0,0.0,0.0,
Jashore 5,279441.0,0.19637418990055147,0.0,0.0,0.0,54875.0,0.0,0.0,0.0,54875.0,0.0,0,0.0,0.0,0.0,0.0,0.47550645753486426,0.0,132876.0,0.0,0.0,0.0,0.0,0.0,0.0,0.0,132876.0,4400.0,0.0,85045.0,132876.0,0.0,0.0,0.0,2245.0,0.0,0.0,0.47550645753486426,0.0,0.0,0.0,0.0,
Jashore 6,175322.0,0.4571074936402733,0.0,0.0,0.0,80141.0,0.0,0.0,0.0,80141.0,0.0,0,0.0,0.0,0.0,0.0,0.5260834350509348,0.0,92906.0,672.0,0.0,0.0,0.0,0.0,0.0,0.0,92234.0,1285.0,0.0,0.0,92234.0,0.0,0.0,0.0,990.0,0.0,0.0,0.5299163824277615,0.0,0.0,0.0,0.0,
Jhalokathi 1,126438.0,0.4914819911735396,0.0,0.0,0.0,62010.0,0.0,0.0,0.0,62142.0,0.0,0,132.0,0.0,0.0,0.0,0.4359448899856056,0.0,55120.0,0.0,0.0,0.0,0.0,0.0008699916164444234,0.0,110.0,55120.0,7744.0,63.0,938.0,55120.0,0.0,0.0,0.0,321.0,0.0,0.0,0.4359448899856056,0.0,0.0,0.0,0.0,
Jhalokathi 2,212164.0,0.5355809656680681,0.0,0.0,0.0,113419.0,0.0,0.0,0.0,113631.0,0.0,0,212.0,0.0,0.0,0.0,0.3325540619520748,0.0,70556.0,0.0,0.0,0.0,0.0,0.0004949001715653928,0.0,105.0,70556.0,24543.0,0.0,3202.0,70556.0,0.0,0.0,0.0,0.0,0.0,0.0,0.3325540619520748,0.0,0.0,0.0,0.0,
Jhenaidah 1,232324.0,0.7462896644341523,0.0,0.0,0.0,173381.0,0.0,0.0,0.0,173381.0,0.0,0,0.0,0.0,0.0,0.0,0.24558375372324856,0.0,57665.0,610.0,0.0,0.0,0.0,0.0,0.0,0.0,57055.0,0.0,0.0,0.0,57055.0,0.0,0.0,0.0,969.0,0.0,0.0,0.24820939722112223,0.0,0.0,0.0,0.0,
Jhenaidah 2,378148.0,0.4653839237547204,0.0,0.0,0.0,175984.0,0.0,0.0,0.0,175984.0,0.0,0,0.0,557.0,0.0,0.0,0.517527528904027,0.0,195702.0,0.0,0.0,0.0,0.0,0.0008991188635137566,0.0,340.0,195702.0,4571.0,0.0,0.0,195702.0,0.0,0.0,0.0,994.0,0.0,0.0,0.517527528904027,0.0,0.0,340.0,0.0,
Jhenaidah 3,329886.0,0.45533608579933676,0.0,0.0,0.0,149821.0,0.0,0.0,0.0,150209.0,0.0,0,388.0,0.0,0.0,0.0,0.5330841563449191,0.0,175857.0,0.0,0.0,0.0,0.0,0.0,0.0,0.0,175857.0,3820.0,0.0,0.0,175857.0,0.0,0.0,0.0,0.0,0.0,0.0,0.5330841563449191,0.0,0.0,0.0,0.0,
Jhenaidah 4,264994.0,0.2909650784546065,0.0,0.0,0.0,77104.0,0.0,0.0,0.0,77104.0,0.0,0,0.0,0.0,0.0,0.0,0.40000528313848616,0.0,105999.0,0.0,0.0,0.0,0.0,0.0,0.0,0.0,105999.0,3907.0,0.0,77140.0,105999.0,0.0,0.0,0.0,613.0,0.0,0.0,0.40000528313848616,0.0,0.0,0.0,0.0,"Discrepancy in Independent Candidate (Independent): source1 has 77140, source2 has 77104. Took the max."
Joypurhat 1,334982.0,0.4636338668943406,0.0,0.0,0.0,155309.0,0.0,0.0,0.0,155309.0,0.0,0,0.0,0.0,0.0,0.0,0.493136944671654,0.0,165192.0,0.0,0.0,0.0,0.0,0.0017254658459260497,0.0,578.0,165192.0,0.0,0.0,13286.0,165192.0,0.0,0.0,0.0,0.0,0.0,0.0,0.493136944671654,0.0,0.0,578.0,0.0,
Joypurhat 2,252137.0,0.6269012481309764,0.0,0.0,0.0,158065.0,0.0,0.0,0.0,158065.0,0.0,0,0.0,0.0,0.0,0.0,0.36693146979618224,0.0,94072.0,1555.0,0.0,0.0,0.0,0.0,0.0,0.0,92517.0,0.0,0.0,0.0,92517.0,0.0,0.0,0.0,0.0,0.0,0.0,0.3730987518690236,0.0,0.0,0.0,0.0,
Khagrachhari 1,733509.0,0.2069436094171987,0.0,0.0,0.0,151040.0,0.0,0.0,0.0,151795.0,0.0,0,755.0,0.0,0.0,0.0,0.07981497159544054,0.0,58545.0,0.0,0.0,683.0,0.0,0.0,0.0,0.0,58545.0,3089.0,0.0,517159.0,58545.0,0.0,0.0,0.0,1024.0,0.0,0.0,0.07981497159544054,0.0,0.0,0.0,184.0,"Discrepancy in Independent Candidate (Independent): source1 has 68315, source2 has 517159. Took the max."
Khulna 1,206507.0,0.5880478627843124,0.0,0.0,0.0,121352.0,0.0,881.0,0.0,121436.0,0.0,0,84.0,4742.0,0.0,0.0,0.34064704828407755,0.0,70346.0,0.0,0.0,0.0,0.0,0.0024841772918109315,0.0,513.0,70346.0,5619.0,0.0,1604.0,70346.0,0.0,0.0,0.0,630.0,0.0,0.0,0.34064704828407755,0.0,0.0,0.0,0.0,
Khulna 2,189284.0,0.4659506350246191,0.0,0.0,0.0,88197.0,0.0,0.0,0.0,88197.0,0.0,0,0.0,0.0,0.0,0.0,0.4954935440924748,0.0,93789.0,0.0,0.0,0.0,0.0,0.0,0.0,0.0,93789.0,7298.0,0.0,0.0,93789.0,0.0,0.0,0.0,0.0,0.0,0.0,0.4954935440924748,0.0,0.0,0.0,0.0,
Khulna 3,149104.0,0.5019650713595879,0.0,0.0,0.0,74845.0,0.0,0.0,0.0,74845.0,0.0,0,0.0,0.0,0.0,0.0,0.4427111278034124,0.0,66010.0,0.0,0.0,0.0,0.0,0.001649855134671102,0.0,246.0,66010.0,5705.0,0.0,1087.0,66010.0,0.0,0.0,0.0,1070.0,0.0,0.0,0.4427111278034124,0.0,0.0,246.0,0.0,
Khulna 4,246896.0,0.49884161752316764,0.0,0.0,0.0,123162.0,0.0,0.0,0.0,123162.0,0.0,0,0.0,0.0,0.0,0.0,0.0,0.0,109530.0,0.0,0.0,0.0,0.0,0.0,0.0,0.0,0.0,13345.0,0.0,859.0,0.0,0.0,0.0,0.0,0.0,109530.0,0.0,0.443628086319746,0.0,0.0,0.0,0.0,
Khulna 5,298209.0,0.49915998511111337,0.0,0.0,0.0,148854.0,0.0,0.0,0.0,148854.0,0.0,0,0.0,1790.0,0.0,0.0,0.49041444087871255,0.0,146246.0,0.0,0.0,0.0,0.0,0.0,0.0,0.0,146246.0,0.0,0.0,0.0,146246.0,0.0,0.0,0.0,1319.0,0.0,0.0,0.49041444087871255,0.0,0.0,0.0,0.0,
Khulna 6,282672.0,0.4411827135337069,0.0,0.0,0.0,124710.0,0.0,0.0,0.0,124710.0,0.0,0,0.0,1571.0,0.0,0.0,0.5332116375162733,0.0,150724.0,0.0,0.0,0.0,0.0,0.0,0.0,0.0,150724.0,2950.0,0.0,0.0,150724.0,0.0,0.0,0.0,2717.0,0.0,0.0,0.5332116375162733,0.0,0.0,0.0,0.0,
Kishoreganj 1,265551.0,0.46708541862015207,101132.0,0.0,0.0,124035.0,0.0,0.0,0.0,124035.0,0.0,0,0.0,925.0,0.0,0.0,0.0,0.0,101816.0,0.0,0.0,0.0,0.0,0.0008811866647084741,0.0,234.0,0.0,0.0,0.0,37334.0,0.0,0.0,0.0,0.0,0.0,684.0,0.0,0.3834141087775983,0.0,0.0,234.0,0.0,
Kishoreganj 2,272616.0,0.5284502743786131,0.0,0.0,0.0,143669.0,0.0,0.0,0.0,144064.0,0.0,0,395.0,0.0,0.0,0.0,0.4437560524694075,0.0,120975.0,0.0,0.0,0.0,0.0,0.0,0.0,0.0,120975.0,3566.0,0.0,1676.0,120975.0,0.0,0.0,0.0,2113.0,0.0,0.0,0.4437560524694075,222.0,0.0,0.0,0.0,
Kishoreganj 3,228764.0,0.49162455631130775,0.0,0.0,0.0,112466.0,0.0,0.0,0.0,112466.0,0.0,0,0.0,0.0,0.0,0.0,0.44795509783007814,0.0,102476.0,0.0,0.0,0.0,0.0,0.0,0.0,0.0,102476.0,10777.0,0.0,1487.0,102476.0,0.0,0.0,0.0,1249.0,0.0,0.0,0.44795509783007814,0.0,0.0,0.0,0.0,
Kishoreganj 4,199797.0,0.6630329784731502,879.0,0.0,0.0,132472.0,0.0,0.0,0.0,132472.0,0.0,0,0.0,0.0,0.0,0.0,0.2894387803620675,0.0,58708.0,0.0,0.0,516.0,0.0,0.0,0.0,0.0,57829.0,2487.0,0.0,5509.0,57829.0,0.0,0.0,0.0,0.0,0.0,0.0,0.2938382458195068,0.0,0.0,0.0,0.0,
Kishoreganj 5,206782.0,0.32135292240136953,0.0,0.0,0.0,66450.0,0.0,1313.0,0.0,66450.0,0.0,0,0.0,0.0,0.0,0.0,0.26307899140157265,0.0,54400.0,0.0,0.0,0.0,0.0,0.0,0.0,0.0,54400.0,2688.0,0.0,81501.0,54400.0,0.0,0.0,0.0,295.0,0.0,0.0,0.26307899140157265,0.0,0.0,0.0,135.0,"Discrepancy in Independent Candidate (Independent): source1 has 79604, source2 has 81501. Took the max."
Kishoreganj 6,237990.0,0.7864153956048573,44095.0,0.0,0.0,187159.0,0.0,2172.0,0.0,187159.0,0.0,0,0.0,312.0,0.0,0.0,0.0,0.0,44095.0,0.0,0.0,630.0,0.0,0.0,0.0,0.0,0.0,2411.0,0.0,0.0,0.0,0.0,0.0,0.0,806.0,0.0,0.0,0.18528089415521662,0.0,0.0,0.0,0.0,
Kurigram 1,264115.0,0.46580088219146965,0.0,0.0,0.0,123025.0,0.0,0.0,0.0,123025.0,0.0,0,0.0,0.0,0.0,0.0,0.5341991178085304,0.0,141090.0,0.0,0.0,0.0,0.0,0.0,0.0,0.0,141090.0,0.0,0.0,0.0,141090.0,0.0,0.0,0.0,0.0,0.0,0.0,0.5341991178085304,0.0,0.0,0.0,0.0,
Kurigram 2,349204.0,0.48778078143434783,0.0,0.0,0.0,170335.0,0.0,0.0,0.0,170335.0,0.0,0,0.0,0.0,0.0,0.0,0.0,0.0,178869.0,0.0,0.0,0.0,0.0,0.0,0.0,0.0,0.0,0.0,0.0,0.0,0.0,178869.0,0.0,0.0,0.0,0.0,0.0,0.5122192185656522,0.0,0.0,0.0,0.0,
Kurigram 3,220662.0,0.3596088134794391,0.0,0.0,0.0,79352.0,0.0,0.0,0.0,79352.0,0.0,0,0.0,0.0,0.0,0.0,0.4891191052378751,0.0,107930.0,0.0,0.0,0.0,0.0,0.0,0.0,0.0,107930.0,33380.0,0.0,0.0,107930.0,0.0,0.0,0.0,0.0,0.0,0.0,0.4891191052378751,0.0,0.0,0.0,0.0,"Discrepancy in Bangladesh Nationalist Party (BNP): source1 has 79352, source2 has 672. Took the max.; Discrepancy in Bangladesh Jamaat-e-Islami (Jamaat): source1 has 107930, source2 has 106923. Took the max."
Kurigram 4,202082.0,0.41776605536366423,0.0,0.0,0.0,84423.0,0.0,0.0,0.0,84423.0,0.0,0,0.0,0.0,0.0,0.0,0.5354756979839868,0.0,108210.0,0.0,0.0,0.0,0.0,0.0,0.0,0.0,108210.0,9449.0,0.0,0.0,108210.0,0.0,0.0,0.0,0.0,0.0,0.0,0.5354756979839868,0.0,0.0,0.0,0.0,"Discrepancy in Bangladesh Nationalist Party (BNP): source1 has 84423, source2 has 83762. Took the max.; Discrepancy in Bangladesh Jamaat-e-Islami (Jamaat): source1 has 108210, source2 has 106347. Took the max."
Kushtia 1,276669.0,0.6018816708774746,0.0,0.0,0.0,165909.0,0.0,0.0,0.0,166522.0,241.0,0,613.0,0.0,0.0,0.0,0.31330579139694004,0.0,86682.0,0.0,0.0,0.0,0.0,0.0007337287516852268,0.0,203.0,86682.0,4063.0,0.0,17864.0,86682.0,0.0,0.0,0.0,1094.0,0.0,0.0,0.31330579139694004,0.0,0.0,0.0,0.0,
Kushtia 2,341719.0,0.42087504645629886,0.0,0.0,0.0,143821.0,0.0,0.0,0.0,143821.0,1123.0,0,0.0,805.0,0.0,0.0,0.5621080478404771,0.0,192083.0,0.0,0.0,0.0,0.0,0.0,0.0,0.0,192083.0,3887.0,0.0,0.0,192083.0,0.0,0.0,0.0,0.0,0.0,0.0,0.5621080478404771,0.0,0.0,0.0,0.0,
Kushtia 3,316404.0,0.40409729333383904,0.0,0.0,0.0,127559.0,0.0,0.0,0.0,127858.0,0.0,0,299.0,0.0,0.0,475.0,0.5767183727133665,0.0,182476.0,0.0,0.0,0.0,0.0,0.0013969482054588438,0.0,442.0,182476.0,5153.0,0.0,0.0,182476.0,0.0,0.0,0.0,0.0,0.0,0.0,0.5767183727133665,0.0,0.0,442.0,0.0,"Discrepancy in Bangladesh Nationalist Party (BNP): source1 has 126909, source2 has 127559. Took the max.; Discrepancy in Bangladesh Jamaat-e-Islami (Jamaat): source1 has 180690, source2 has 182476. Took the max."
Kushtia 4,302777.0,0.46107531285401465,0.0,0.0,0.0,139603.0,0.0,0.0,0.0,139603.0,0.0,0,0.0,0.0,0.0,0.0,0.4894724500209725,0.0,148509.0,0.0,0.0,0.0,0.0,0.0,0.0,0.0,148201.0,13739.0,0.0,0.0,148201.0,0.0,0.0,0.0,0.0,0.0,0.0,0.49048970034051464,0.0,0.0,0.0,0.0,
Lakshmipur 1,158061.0,0.5498952935891839,0.0,0.0,0.0,86811.0,0.0,0.0,0.0,86917.0,0.0,0,106.0,0.0,0.0,0.0,0.0,0.0,59265.0,0.0,0.0,0.0,0.0,0.0012843142837259034,0.0,203.0,0.0,11156.0,0.0,0.0,0.0,59265.0,0.0,0.0,414.0,0.0,0.0,0.3749501774631313,0.0,0.0,203.0,0.0,
Lakshmipur 2,289538.0,0.5068246655015922,0.0,0.0,0.0,146321.0,0.0,0.0,0.0,146745.0,0.0,0,424.0,0.0,0.0,0.0,0.46176322278940934,0.0,133698.0,0.0,0.0,0.0,0.0,0.0008738058562261258,0.0,253.0,133698.0,6774.0,0.0,0.0,133698.0,0.0,0.0,0.0,0.0,0.0,0.0,0.46176322278940934,0.0,0.0,0.0,0.0,
Lakshmipur 3,265581.0,0.5106238774611136,0.0,0.0,0.0,135612.0,0.0,0.0,0.0,135612.0,0.0,0,0.0,0.0,0.0,0.0,0.4623900053091147,488.0,123290.0,0.0,0.0,0.0,0.0,0.0,0.0,0.0,122802.0,5051.0,0.0,0.0,122802.0,0.0,0.0,0.0,1339.0,0.0,0.0,0.4642274861530004,0.0,0.0,0.0,0.0,
Lakshmipur 4,233615.0,0.49422340175074375,0.0,0.0,0.0,115199.0,0.0,0.0,0.0,115458.0,0.0,0,259.0,0.0,0.0,0.0,0.3157160285084434,0.0,73756.0,0.0,0.0,0.0,0.0,0.09622669777197526,0.0,22480.0,73756.0,21103.0,0.0,818.0,73756.0,0.0,0.0,0.0,0.0,0.0,0.0,0.3157160285084434,0.0,0.0,440.0,0.0,
Lalmonirhat 1,268258.0,0.5169873778228422,0.0,0.0,0.0,138686.0,0.0,0.0,0.0,138686.0,0.0,0,0.0,0.0,0.0,0.0,0.4830126221771578,0.0,129572.0,0.0,0.0,0.0,0.0,0.0,0.0,0.0,129572.0,0.0,0.0,0.0,129572.0,0.0,0.0,0.0,0.0,0.0,0.0,0.4830126221771578,0.0,0.0,0.0,0.0,
Lalmonirhat 2,241198.0,0.5138765661406811,0.0,0.0,0.0,123946.0,0.0,0.0,0.0,123946.0,0.0,0,0.0,0.0,0.0,0.0,0.4861234338593189,0.0,117252.0,0.0,0.0,0.0,0.0,0.0,0.0,0.0,117252.0,0.0,0.0,0.0,117252.0,0.0,0.0,0.0,0.0,0.0,0.0,0.4861234338593189,0.0,0.0,0.0,0.0,"Discrepancy in Bangladesh Nationalist Party (BNP): source1 has 123946, source2 has 118359. Took the max.; Discrepancy in Bangladesh Jamaat-e-Islami (Jamaat): source1 has 117252, source2 has 107886. Took the max."
Lalmonirhat 3,195895.0,0.7128870057939202,0.0,0.0,0.0,139651.0,0.0,0.0,0.0,139651.0,0.0,0,0.0,0.0,0.0,0.0,0.2871129942060798,0.0,56244.0,0.0,0.0,0.0,0.0,0.0,0.0,0.0,56244.0,0.0,0.0,0.0,56244.0,0.0,0.0,0.0,0.0,0.0,0.0,0.2871129942060798,0.0,0.0,0.0,0.0,
Madaripur 1,178991.0,0.3773932767569319,64909.0,0.0,0.0,64524.0,0.0,0.0,0.0,67550.0,0.0,0,3026.0,208.0,0.0,0.0,0.0,0.0,64978.0,0.0,0.0,0.0,0.0,0.0,0.0,0.0,0.0,6205.0,0.0,39870.0,0.0,0.0,0.0,0.0,180.0,0.0,0.0,0.3630238391874452,0.0,0.0,0.0,0.0,
Madaripur 2,185670.0,0.3325469919750094,36169.0,0.0,0.0,61744.0,0.0,0.0,0.0,61744.0,0.0,0,0.0,0.0,0.0,0.0,0.0,0.0,36169.0,0.0,0.0,0.0,0.0,0.0006893951634620564,0.0,128.0,0.0,16865.0,0.0,69817.0,0.0,0.0,0.0,0.0,646.0,0.0,0.0,0.19480260677546185,0.0,0.0,128.0,0.0,"Discrepancy in Independent Candidate (Independent): source1 has 46476, source2 has 69817. Took the max."
Madaripur 3,196762.0,0.48885455524948923,0.0,0.0,0.0,96188.0,0.0,0.0,0.0,96188.0,0.0,0,0.0,0.0,0.0,0.0,0.43019485469755336,0.0,84646.0,0.0,0.0,0.0,0.0,0.001844868419715189,0.0,363.0,84646.0,13058.0,0.0,0.0,84646.0,0.0,0.0,0.0,0.0,0.0,0.0,0.43019485469755336,0.0,0.0,363.0,0.0,
Magura 1,292560.0,0.6345023243095433,0.0,0.0,0.0,185338.0,0.0,0.0,0.0,185630.0,0.0,0,292.0,0.0,0.0,0.0,0.30657301066447906,0.0,89691.0,0.0,0.0,0.0,821.0,0.004228192507519825,0.0,1237.0,89691.0,13414.0,0.0,0.0,89691.0,0.0,0.0,0.0,1767.0,0.0,0.0,0.30657301066447906,0.0,0.0,1237.0,0.0,
Magura 2,284084.0,0.5206065811520536,0.0,0.0,0.0,147896.0,0.0,0.0,0.0,147896.0,0.0,0,0.0,0.0,0.0,0.0,0.41191337773334646,0.0,117018.0,0.0,0.0,0.0,0.0,0.0,0.0,0.0,117018.0,16223.0,0.0,0.0,117018.0,0.0,0.0,0.0,2947.0,0.0,0.0,0.41191337773334646,0.0,0.0,0.0,0.0,
Manikganj 1,298463.0,0.4651799385518473,0.0,0.0,0.0,137773.0,0.0,0.0,0.0,138839.0,0.0,0,1066.0,0.0,0.0,0.0,0.2389240877428693,0.0,71310.0,0.0,0.0,0.0,0.0,0.0,0.0,0.0,71310.0,3247.0,283.0,84784.0,71310.0,0.0,0.0,0.0,0.0,0.0,0.0,0.2389240877428693,0.0,0.0,0.0,0.0,"Discrepancy in Independent Candidate (Independent): source1 has 77818, source2 has 84784. Took the max."
Manikganj 2,349766.0,0.5025531355248938,81531.0,0.0,0.0,175776.0,0.0,0.0,0.0,175776.0,0.0,0,0.0,0.0,0.0,0.0,0.0,0.0,81531.0,0.0,0.0,0.0,0.0,0.0,0.0,0.0,0.0,3847.0,0.0,0.0,0.0,0.0,0.0,0.0,7081.0,81531.0,0.0,0.2331015593282366,0.0,0.0,0.0,0.0,
Manikganj 3,266022.0,0.6290645134612927,64242.0,0.0,3510.0,167345.0,0.0,0.0,0.0,167345.0,0.0,0,0.0,0.0,0.0,0.0,0.0,0.0,64242.0,0.0,0.0,0.0,0.0,0.013194397455849516,0.0,3510.0,0.0,2787.0,0.0,24845.0,0.0,0.0,1327.0,0.0,1966.0,0.0,0.0,0.24149130523039447,0.0,0.0,0.0,0.0,
Meherpur 1,230933.0,0.4565869754430939,0.0,0.0,0.0,105441.0,0.0,0.0,0.0,105441.0,0.0,0,0.0,792.0,0.0,0.0,0.5337955164484938,0.0,123271.0,0.0,0.0,0.0,0.0,0.0,0.0,0.0,123271.0,0.0,0.0,0.0,123271.0,0.0,0.0,0.0,1429.0,0.0,0.0,0.5337955164484938,0.0,0.0,0.0,0.0,
Meherpur 2,182294.0,0.4716995622456033,0.0,0.0,0.0,85988.0,0.0,0.0,0.0,85988.0,0.0,0,0.0,0.0,0.0,0.0,0.5283004377543967,0.0,96306.0,0.0,0.0,0.0,0.0,0.0,0.0,0.0,96306.0,0.0,0.0,0.0,96306.0,0.0,0.0,0.0,0.0,0.0,0.0,0.5283004377543967,0.0,0.0,0.0,0.0,
Moulvibazar 1,181295.0,0.5421109241843405,0.0,0.0,0.0,98282.0,0.0,0.0,0.0,98282.0,0.0,0,0.0,0.0,0.0,0.0,0.4578890758156596,0.0,83013.0,0.0,0.0,0.0,0.0,0.0,0.0,0.0,83013.0,0.0,0.0,0.0,83013.0,0.0,0.0,0.0,0.0,0.0,0.0,0.4578890758156596,0.0,0.0,0.0,0.0,
Moulvibazar 2,141839.0,0.6231078899315421,0.0,0.0,0.0,88381.0,0.0,0.0,0.0,88381.0,0.0,0,0.0,0.0,0.0,0.0,0.3768921100684579,0.0,53458.0,0.0,0.0,0.0,0.0,0.0,0.0,0.0,53458.0,0.0,0.0,0.0,53458.0,0.0,0.0,0.0,0.0,0.0,0.0,0.3768921100684579,0.0,0.0,0.0,0.0,
Moulvibazar 3,234393.0,0.6687785044775227,0.0,0.0,0.0,156757.0,0.0,0.0,0.0,156757.0,0.0,0,0.0,0.0,0.0,0.0,0.3312214955224772,0.0,77636.0,0.0,0.0,0.0,0.0,0.0,0.0,0.0,77636.0,0.0,0.0,0.0,77636.0,0.0,0.0,0.0,0.0,0.0,0.0,0.3312214955224772,0.0,0.0,0.0,0.0,
Moulvibazar 4,221081.0,0.7729158091378273,50204.0,0.0,0.0,170877.0,0.0,0.0,0.0,170877.0,0.0,0,0.0,0.0,0.0,0.0,0.0,0.0,50204.0,0.0,0.0,0.0,0.0,0.0,0.0,0.0,0.0,0.0,0.0,0.0,0.0,0.0,0.0,0.0,0.0,0.0,0.0,0.22708419086217269,0.0,0.0,0.0,0.0,"Discrepancy in Bangladesh Khelafat Majlish (BKM): source1 has 49189, source2 has 50204. Took the max.; Discrepancy in Bangladesh Nationalist Party (BNP): source1 has 169608, source2 has 170877. Took the max."
Munshiganj 1,309610.0,0.5412034495009851,0.0,0.0,0.0,167562.0,0.0,0.0,0.0,167562.0,0.0,0,0.0,443.0,0.0,0.0,0.32805141952779304,0.0,101568.0,0.0,0.0,320.0,0.0,0.0,0.0,0.0,101568.0,9039.0,0.0,30678.0,101568.0,0.0,0.0,0.0,0.0,0.0,0.0,0.32805141952779304,0.0,0.0,0.0,0.0,
Munshiganj 2,196602.0,0.6162399161758273,0.0,0.0,0.0,121154.0,0.0,0.0,0.0,121154.0,651.0,0,0.0,0.0,0.0,0.0,0.0,0.0,58573.0,0.0,0.0,0.0,0.0,0.0,0.0,0.0,0.0,13367.0,0.0,0.0,0.0,58573.0,0.0,0.0,2857.0,0.0,0.0,0.2979267759229306,0.0,0.0,0.0,0.0,
Munshiganj 3,276051.0,0.4523258383414659,54456.0,0.0,0.0,124691.0,0.0,0.0,0.0,124865.0,0.0,0,0.0,304.0,0.0,0.0,0.0,0.0,54750.0,0.0,0.0,0.0,0.0,0.0006303183107469272,174.0,174.0,0.0,6392.0,0.0,88936.0,0.0,0.0,0.0,0.0,804.0,0.0,0.0,0.1983329167436452,0.0,0.0,0.0,0.0,
Mymensingh 1,264400.0,0.385499243570348,53222.0,0.0,0.0,101926.0,0.0,0.0,0.0,101926.0,0.0,0,0.0,174.0,0.0,0.0,0.0,0.0,53496.0,0.0,0.0,0.0,0.0,0.0,0.0,0.0,0.0,315.0,0.0,108265.0,0.0,0.0,0.0,0.0,0.0,0.0,0.0,0.20232980332829048,0.0,0.0,0.0,0.0,
Mymensingh 10,213095.0,0.35640911330627184,0.0,0.0,0.0,75585.0,0.0,0.0,0.0,75949.0,0.0,0,0.0,299.0,0.0,0.0,0.31001665923649074,322.0,66385.0,0.0,0.0,0.0,0.0,0.0017081583331378025,0.0,364.0,66063.0,2504.0,0.0,67013.0,66063.0,0.0,0.0,0.0,945.0,0.0,364.0,0.31152772237734344,0.0,0.0,0.0,0.0,
Mymensingh 11,201687.0,0.5534367609216261,0.0,0.0,0.0,111230.0,0.0,0.0,0.0,111621.0,0.0,0,391.0,0.0,0.0,0.0,0.0,0.0,22195.0,0.0,0.0,0.0,0.0,0.0,0.0,0.0,0.0,1855.0,0.0,66016.0,0.0,22195.0,0.0,0.0,0.0,0.0,0.0,0.11004675561637586,0.0,0.0,0.0,0.0,
Mymensingh 2,320155.0,0.3699395605253705,146202.0,0.0,0.0,118438.0,0.0,0.0,0.0,118438.0,0.0,0,0.0,0.0,0.0,0.0,0.0,0.0,146202.0,0.0,0.0,0.0,0.0,0.0,0.0,0.0,0.0,3857.0,0.0,49862.0,0.0,0.0,0.0,0.0,725.0,0.0,0.0,0.45666005528572096,0.0,0.0,0.0,0.0,
Mymensingh 3,170120.0,0.4427462967317188,0.0,0.0,0.0,75320.0,0.0,0.0,0.0,75320.0,0.0,0,0.0,0.0,0.0,0.0,0.0,0.0,25706.0,0.0,0.0,0.0,0.0,0.0,0.0,0.0,0.0,2745.0,0.0,65995.0,0.0,0.0,0.0,0.0,0.0,0.0,0.0,0.151105102280743,0.0,0.0,0.0,0.0,
Mymensingh 4,368173.0,0.4880531706561861,0.0,0.0,0.0,179688.0,0.0,0.0,0.0,179688.0,0.0,0,0.0,1397.0,0.0,0.0,0.46684574914510296,0.0,171880.0,0.0,0.0,0.0,0.0,0.0,0.0,0.0,171880.0,8701.0,0.0,0.0,171880.0,0.0,0.0,0.0,3845.0,0.0,0.0,0.46684574914510296,0.0,0.0,0.0,0.0,"Discrepancy in Bangladesh Nationalist Party (BNP): source1 has 179668, source2 has 179688. Took the max."
Mymensingh 5,238120.0,0.5413153032084663,0.0,0.0,0.0,128898.0,0.0,0.0,0.0,128898.0,0.0,0,0.0,0.0,0.0,0.0,0.4293129514530489,0.0,102576.0,348.0,0.0,0.0,0.0,0.0,0.0,0.0,102228.0,6646.0,0.0,0.0,102228.0,0.0,0.0,0.0,0.0,0.0,0.0,0.4307743994624559,0.0,0.0,0.0,0.0,"Discrepancy in Bangladesh Nationalist Party (BNP): source1 has 128896, source2 has 128898. Took the max.; Discrepancy in Bangladesh Jamaat-e-Islami (Jamaat): source1 has 102226, source2 has 102228. Took the max."
Mymensingh 6,234069.0,0.21137356933212,0.0,0.0,0.0,49476.0,0.0,0.0,0.0,49476.0,0.0,0,0.0,0.0,0.0,0.0,0.3303513066659831,0.0,77325.0,0.0,0.0,0.0,0.0,0.0,0.0,0.0,77325.0,1967.0,0.0,105301.0,77325.0,0.0,0.0,0.0,0.0,0.0,0.0,0.3303513066659831,0.0,0.0,0.0,0.0,"Discrepancy in Independent Candidate (Independent): source1 has 53331, source2 has 105301. Took the max."
Mymensingh 7,222909.0,0.4443472448398225,0.0,0.0,0.0,99049.0,0.0,0.0,0.0,99049.0,0.0,0,0.0,0.0,0.0,0.0,0.38065309162034733,0.0,84851.0,0.0,0.0,0.0,0.0,0.0,0.0,0.0,84851.0,4058.0,0.0,34372.0,84851.0,0.0,0.0,0.0,579.0,0.0,0.0,0.38065309162034733,0.0,0.0,0.0,0.0,
Mymensingh 8,189990.0,0.5720564240223169,0.0,0.0,0.0,108685.0,0.0,0.0,0.0,108685.0,0.0,0,0.0,0.0,0.0,0.0,0.0,46515.0,46515.0,0.0,0.0,0.0,0.0,0.0,0.0,0.0,0.0,33029.0,0.0,0.0,0.0,0.0,0.0,0.0,1761.0,0.0,0.0,0.24482867519343124,0.0,0.0,0.0,0.0,
Mymensingh 9,194083.0,0.4418779594297285,0.0,0.0,0.0,85761.0,0.0,0.0,0.0,85761.0,0.0,0,0.0,0.0,0.0,0.0,0.0,0.0,71168.0,0.0,0.0,0.0,0.0,0.0,0.0,0.0,0.0,5595.0,0.0,30509.0,0.0,0.0,0.0,0.0,798.0,0.0,0.0,0.3666884786405816,0.0,71168.0,0.0,0.0,
Naogaon 1,359069.0,0.4842077706513233,0.0,0.0,0.0,173864.0,0.0,0.0,0.0,173864.0,0.0,0,0.0,0.0,0.0,0.0,0.42837449069677414,0.0,153816.0,0.0,0.0,0.0,0.0,0.0,0.0,0.0,153816.0,9058.0,0.0,18088.0,153816.0,0.0,0.0,0.0,4243.0,0.0,0.0,0.42837449069677414,0.0,0.0,0.0,0.0,
Naogaon 2,278739.0,0.48264864263701884,0.0,0.0,0.0,134533.0,0.0,0.0,0.0,134533.0,0.0,0,0.0,0.0,0.0,0.0,0.507736628171874,0.0,144206.0,2680.0,0.0,0.0,0.0,0.0,0.0,0.0,141526.0,0.0,0.0,0.0,141526.0,0.0,0.0,0.0,0.0,0.0,0.0,0.5173513573629811,0.0,0.0,0.0,0.0,
Naogaon 3,314202.0,0.5311519341060846,0.0,0.0,0.0,166889.0,0.0,0.0,0.0,166889.0,0.0,0,0.0,0.0,0.0,0.0,0.3800771478221017,0.0,119421.0,0.0,0.0,0.0,0.0,0.003924227089579315,0.0,1233.0,119421.0,3643.0,0.0,17952.0,119421.0,0.0,0.0,0.0,4869.0,0.0,0.0,0.3800771478221017,195.0,0.0,1233.0,0.0,
Naogaon 4,236474.0,0.566354017777853,0.0,0.0,0.0,133928.0,0.0,0.0,0.0,133928.0,0.0,0,0.0,2313.0,0.0,0.0,0.4126669316711351,0.0,97585.0,0.0,0.0,0.0,0.0,0.0,0.0,0.0,97585.0,609.0,0.0,712.0,97585.0,0.0,0.0,0.0,1327.0,0.0,0.0,0.4126669316711351,0.0,0.0,0.0,0.0,"Discrepancy in Bangladesh Nationalist Party (BNP): source1 has 133924, source2 has 133928. Took the max."
Naogaon 5,241150.0,0.536533278042712,0.0,0.0,0.0,129385.0,0.0,0.0,0.0,129385.0,0.0,0,0.0,741.0,0.0,0.0,0.4343645034211072,0.0,104747.0,0.0,0.0,0.0,0.0,0.0,0.0,0.0,104747.0,4101.0,0.0,0.0,104747.0,0.0,0.0,0.0,2176.0,0.0,0.0,0.4343645034211072,0.0,0.0,0.0,0.0,"Discrepancy in Bangladesh Nationalist Party (BNP): source1 has 129358, source2 has 129385. Took the max."
Naogaon 6,228521.0,0.4763938543941257,0.0,0.0,0.0,108866.0,0.0,0.0,0.0,108866.0,0.0,0,0.0,0.0,0.0,555.0,0.4272211306619523,0.0,97629.0,0.0,0.0,0.0,0.0,0.0,0.0,0.0,97629.0,1833.0,0.0,19638.0,97629.0,0.0,0.0,0.0,0.0,0.0,0.0,0.4272211306619523,0.0,0.0,0.0,0.0,
Narail 1,185118.0,0.5400609341068939,0.0,0.0,0.0,99975.0,0.0,0.0,0.0,99975.0,0.0,0,0.0,0.0,0.0,0.0,0.4063624282889832,0.0,75225.0,0.0,0.0,0.0,0.0,0.0,0.0,0.0,75225.0,6352.0,0.0,3105.0,75225.0,0.0,0.0,0.0,461.0,0.0,0.0,0.4063624282889832,0.0,0.0,0.0,0.0,
Narail 2,248257.0,0.18449429421929694,0.0,0.0,0.0,45463.0,0.0,0.0,220.0,45802.0,0.0,0,339.0,0.0,0.0,0.0,0.47588587632977114,0.0,118142.0,0.0,0.0,0.0,0.0,0.0,0.0,0.0,118142.0,4729.0,0.0,78676.0,118142.0,0.0,0.0,0.0,688.0,0.0,0.0,0.47588587632977114,0.0,0.0,0.0,0.0,"Discrepancy in Independent Candidate (Independent): source1 has 78457, source2 has 78676. Took the max."
Narayanganj 1,258384.0,0.6137260821103474,0.0,0.0,0.0,158358.0,0.0,0.0,0.0,158577.0,0.0,0,219.0,261.0,0.0,0.0,0.3548594340206824,0.0,91690.0,0.0,0.0,207.0,0.0,0.0,0.0,0.0,91690.0,7186.0,0.0,463.0,91690.0,0.0,0.0,0.0,0.0,0.0,0.0,0.3548594340206824,0.0,0.0,0.0,0.0,
Narayanganj 2,230073.0,0.5408413851255905,0.0,0.0,0.0,124291.0,0.0,0.0,0.0,124433.0,0.0,0,142.0,350.0,0.0,227.0,0.3522968796860127,0.0,81054.0,0.0,0.0,0.0,0.0,0.0,0.0,0.0,81054.0,5265.0,0.0,18744.0,81054.0,0.0,0.0,0.0,0.0,0.0,0.0,0.3522968796860127,0.0,0.0,0.0,0.0,
Narayanganj 3,333052.0,0.47005272449947755,1193.0,0.0,0.0,155400.0,0.0,0.0,0.0,156552.0,0.0,0,314.0,0.0,769.0,0.0,0.4050959009403937,0.0,137017.0,137.0,0.0,0.0,0.0,0.002516123608325427,0.0,838.0,134918.0,14223.0,285.0,24975.0,134918.0,0.0,0.0,0.0,0.0,0.0,838.0,0.4113982200977625,0.0,0.0,0.0,0.0,
Narayanganj 4,259359.0,0.00040869991016313296,800.0,0.0,0.0,0.0,80619.0,0.0,0.0,106.0,0.0,0,106.0,479.0,0.0,11328.0,0.0,0.0,106971.0,0.0,0.0,0.0,0.0,0.0010872959874151274,0.0,282.0,0.0,16746.0,0.0,41368.0,0.0,106171.0,0.0,0.0,817.0,0.0,0.0,0.41244375556660845,0.0,0.0,282.0,0.0,
Narayanganj 5,266357.0,0.43725150831402965,0.0,0.0,0.0,114799.0,0.0,0.0,242.0,116465.0,4650.0,0,643.0,1575.0,0.0,0.0,0.0,0.0,101196.0,0.0,0.0,0.0,0.0,0.005229823132112166,0.0,1393.0,0.0,7708.0,0.0,34151.0,0.0,0.0,0.0,0.0,0.0,101196.0,1023.0,0.37992618928730987,0.0,0.0,370.0,0.0,
Narsingdi 1,273139.0,0.5927018843885348,0.0,0.0,0.0,161405.0,0.0,955.0,0.0,161890.0,0.0,0,485.0,0.0,0.0,0.0,0.34908599650727284,0.0,95349.0,0.0,0.0,207.0,0.0,0.0,0.0,0.0,95349.0,13547.0,0.0,0.0,95349.0,0.0,0.0,0.0,1012.0,0.0,0.0,0.34908599650727284,0.0,0.0,0.0,0.0,
Narsingdi 2,204347.0,0.45383098357206125,0.0,0.0,0.0,92739.0,0.0,0.0,0.0,92739.0,708.0,0,0.0,0.0,0.0,0.0,0.2736521700832408,0.0,109380.0,0.0,0.0,235.0,0.0,0.0,0.0,0.0,55920.0,0.0,0.0,0.0,55920.0,53460.0,0.0,0.0,1285.0,0.0,0.0,0.5352659936284849,0.0,0.0,0.0,0.0,
Narsingdi 3,167421.0,0.4901475919986143,25493.0,0.0,0.0,82061.0,0.0,0.0,0.0,82061.0,0.0,0,0.0,0.0,0.0,0.0,0.030259047550785147,0.0,30559.0,0.0,0.0,622.0,0.0,0.0,0.0,0.0,5066.0,6483.0,0.0,45682.0,5066.0,0.0,0.0,0.0,266.0,0.0,0.0,0.1825278788204586,0.0,0.0,0.0,0.0,
Narsingdi 4,254035.0,0.6431869624264372,464.0,0.0,0.0,163392.0,0.0,0.0,0.0,163392.0,0.0,0,0.0,839.0,0.0,0.0,0.30997303521168346,0.0,79208.0,0.0,0.0,1728.0,163.0,0.0,0.0,0.0,78744.0,7079.0,454.0,0.0,78744.0,0.0,0.0,0.0,1172.0,0.0,0.0,0.3117995551794044,0.0,0.0,0.0,0.0,
Narsingdi 5,226755.0,0.6072192454411148,44981.0,0.0,0.0,137690.0,0.0,2424.0,0.0,137690.0,0.0,0,0.0,0.0,0.0,0.0,0.0,0.0,44981.0,0.0,0.0,1076.0,0.0,0.0,0.0,0.0,0.0,33109.0,0.0,6975.0,0.0,0.0,0.0,0.0,500.0,0.0,0.0,0.19836828294855682,0.0,0.0,0.0,0.0,
Natore 1,268781.0,0.3833009029656114,0.0,0.0,0.0,102726.0,0.0,0.0,0.0,103024.0,0.0,0,298.0,0.0,0.0,0.0,0.3369583415494399,0.0,90568.0,0.0,0.0,0.0,0.0,0.0,0.0,0.0,90568.0,1269.0,0.0,73368.0,90568.0,0.0,0.0,0.0,552.0,0.0,0.0,0.3369583415494399,0.0,0.0,0.0,0.0,"Discrepancy in Independent Candidate (Independent): source1 has 73173, source2 has 73368. Took the max."
Natore 2,299336.0,0.5455575006013309,0.0,0.0,0.0,162841.0,0.0,0.0,0.0,163305.0,0.0,0,0.0,0.0,0.0,0.0,0.4345150599994655,0.0,130066.0,0.0,0.0,0.0,0.0,0.001550097549242323,0.0,464.0,130066.0,2757.0,0.0,621.0,130066.0,0.0,0.0,0.0,2587.0,0.0,464.0,0.4345150599994655,0.0,0.0,0.0,0.0,
Natore 3,228563.0,0.5240043226593981,0.0,0.0,0.0,119768.0,0.0,0.0,0.0,119768.0,0.0,0,0.0,0.0,0.0,0.0,0.0,0.0,20707.0,0.0,0.0,0.0,0.0,0.0,0.0,0.0,0.0,19105.0,0.0,66864.0,0.0,20707.0,0.0,0.0,2119.0,0.0,0.0,0.09059646574467434,0.0,0.0,0.0,0.0,"Discrepancy in Independent Candidate (Independent): source1 has 66492, source2 has 66864. Took the max."
Natore 4,312840.0,0.5451700549801816,0.0,0.0,0.0,170551.0,0.0,0.0,0.0,170551.0,0.0,0,0.0,0.0,0.0,0.0,0.43276435238460553,0.0,135645.0,259.0,0.0,0.0,0.0,0.0,0.0,0.0,135386.0,3845.0,0.0,0.0,135386.0,0.0,0.0,0.0,2799.0,0.0,0.0,0.4335922516302263,0.0,0.0,0.0,0.0,
Netrakona 1,253838.0,0.6237954916127609,87488.0,0.0,0.0,158343.0,0.0,0.0,0.0,158343.0,0.0,0,0.0,4429.0,0.0,0.0,0.0,0.0,87488.0,0.0,0.0,0.0,0.0,0.0013197393613249395,0.0,335.0,0.0,2220.0,0.0,0.0,0.0,0.0,0.0,0.0,1023.0,0.0,0.0,0.34466076789133226,0.0,0.0,0.0,0.0,
Netrakona 2,274051.0,0.6254273839540816,0.0,0.0,0.0,171399.0,0.0,0.0,0.0,171399.0,0.0,0,0.0,0.0,0.0,0.0,0.0,0.0,67367.0,0.0,0.0,0.0,0.0,0.0,0.0,0.0,0.0,30440.0,0.0,0.0,0.0,67367.0,0.0,0.0,4845.0,0.0,0.0,0.24581920883339234,0.0,0.0,0.0,0.0,
Netrakona 3,232678.0,0.5091542818831174,0.0,0.0,0.0,118469.0,0.0,0.0,0.0,118469.0,358.0,0,0.0,0.0,0.0,0.0,0.17859875020414478,0.0,41556.0,0.0,0.0,0.0,0.0,0.0,0.0,0.0,41556.0,2760.0,0.0,68961.0,41556.0,0.0,0.0,0.0,574.0,0.0,0.0,0.17859875020414478,0.0,0.0,0.0,0.0,
Netrakona 4,206307.0,0.7807927021380758,0.0,0.0,0.0,160801.0,0.0,0.0,0.0,161083.0,0.0,0,0.0,3359.0,0.0,0.0,0.19311026770783346,0.0,39840.0,0.0,0.0,0.0,0.0,0.0013668949672090622,282.0,282.0,39840.0,2025.0,0.0,0.0,39840.0,0.0,0.0,0.0,0.0,0.0,0.0,0.19311026770783346,0.0,0.0,0.0,0.0,
Netrakona 5,164930.0,0.48148911659491905,0.0,0.0,0.0,79412.0,0.0,0.0,0.0,79412.0,0.0,0,0.0,0.0,0.0,0.0,0.4982538046443946,0.0,82177.0,0.0,0.0,0.0,0.0,0.0,0.0,0.0,82177.0,3341.0,0.0,0.0,82177.0,0.0,0.0,0.0,0.0,0.0,0.0,0.4982538046443946,0.0,0.0,0.0,0.0,
Nilphamari 1,305806.0,0.0,0.0,0.0,0.0,0.0,119059.0,0.0,0.0,0.0,0.0,0,0.0,0.0,0.0,0.0,0.4932015722386088,0.0,150824.0,0.0,0.0,0.0,0.0,0.0,0.0,0.0,150824.0,1871.0,0.0,0.0,150824.0,0.0,4501.0,0.0,24552.0,0.0,0.0,0.4932015722386088,210.0,0.0,0.0,0.0,"Discrepancy in Jamiat Ulema-e-Islam Bangladesh (JUIB): source1 has 118160, source2 has 119059. Took the max.; Discrepancy in Bangladesh Jamaat-e-Islami (Jamaat): source1 has 149224, source2 has 150824. Took the max."
Nilphamari 2,285959.0,0.47355739808853714,0.0,0.0,0.0,135418.0,0.0,0.0,0.0,135418.0,0.0,0,0.0,0.0,0.0,0.0,0.5120664151154536,0.0,146781.0,0.0,0.0,0.0,0.0,0.0,0.0,0.0,146430.0,3260.0,0.0,307.0,146430.0,0.0,0.0,0.0,0.0,351.0,0.0,0.5132938638056505,193.0,0.0,0.0,0.0,"Discrepancy in Bangladesh Nationalist Party (BNP): source1 has 134579, source2 has 135418. Took the max.; Discrepancy in Bangladesh Jamaat-e-Islami (Jamaat): source1 has 145202, source2 has 146430. Took the max."
Nilphamari 3,203874.0,0.4405024672101396,0.0,0.0,0.0,89807.0,0.0,0.0,0.0,89807.0,0.0,0,0.0,0.0,0.0,0.0,0.5380087701227229,0.0,109686.0,0.0,0.0,0.0,0.0,0.0,0.0,0.0,109686.0,990.0,0.0,0.0,109686.0,0.0,0.0,0.0,3391.0,0.0,0.0,0.5380087701227229,0.0,0.0,0.0,0.0,"Discrepancy in Bangladesh Nationalist Party (BNP): source1 has 89102, source2 has 89807. Took the max.; Discrepancy in Bangladesh Jamaat-e-Islami (Jamaat): source1 has 108560, source2 has 109686. Took the max."
Nilphamari 4,290397.0,0.28266820938232834,0.0,0.0,0.0,82086.0,0.0,0.0,0.0,82086.0,0.0,0,0.0,0.0,0.0,0.0,0.434653250550109,0.0,126222.0,0.0,0.0,0.0,0.0,0.0,0.0,0.0,126222.0,8335.0,0.0,5270.0,126222.0,0.0,0.0,0.0,67757.0,0.0,0.0,0.434653250550109,0.0,0.0,0.0,0.0,"Discrepancy in Bangladesh Nationalist Party (BNP): source1 has 81526, source2 has 82086. Took the max.; Discrepancy in Bangladesh Jamaat-e-Islami (Jamaat): source1 has 124865, source2 has 126222. Took the max."
Noakhali 1,246177.0,0.5152106005028902,0.0,0.0,0.0,126833.0,0.0,0.0,0.0,126833.0,0.0,0,0.0,0.0,0.0,0.0,0.39823379113402146,0.0,98036.0,0.0,0.0,188.0,274.0,0.001957940831190566,0.0,482.0,98036.0,19289.0,0.0,0.0,98036.0,0.0,0.0,0.0,1075.0,0.0,0.0,0.39823379113402146,0.0,0.0,0.0,0.0,
Noakhali 2,216112.0,0.38860405715554897,0.0,0.0,0.0,83982.0,0.0,0.0,0.0,83982.0,0.0,0,0.0,0.0,0.0,0.0,0.0,0.0,67054.0,0.0,0.0,0.0,0.0,0.0,0.0,0.0,0.0,19289.0,0.0,44712.0,0.0,67054.0,0.0,0.0,1075.0,0.0,0.0,0.310274302213667,0.0,0.0,0.0,0.0,
Noakhali 3,277174.0,0.5088175658611558,0.0,0.0,0.0,141031.0,0.0,0.0,0.0,141031.0,0.0,0,0.0,0.0,0.0,0.0,0.447159545989162,0.0,124741.0,0.0,0.0,0.0,0.0,0.0026950579780210264,0.0,747.0,123941.0,9861.0,0.0,794.0,123941.0,0.0,0.0,0.0,0.0,800.0,0.0,0.45004581959346834,0.0,0.0,0.0,0.0,
Noakhali 4,387250.0,0.5673957391865719,0.0,0.0,0.0,219182.0,0.0,0.0,0.0,219724.0,0.0,0,542.0,0.0,0.0,0.0,0.3847359586830213,0.0,148989.0,0.0,0.0,493.0,0.0,0.0,0.0,0.0,148989.0,14783.0,0.0,0.0,148989.0,0.0,0.0,0.0,2344.0,0.0,0.0,0.3847359586830213,0.0,0.0,0.0,0.0,
Noakhali 5,283022.0,0.5222491537760315,0.0,0.0,0.0,147808.0,0.0,0.0,0.0,147808.0,277.0,0,0.0,0.0,0.0,141.0,0.4255958900721499,0.0,120453.0,0.0,0.0,162.0,0.0,0.0010529216810000637,0.0,298.0,120453.0,6224.0,4855.0,947.0,120453.0,0.0,0.0,0.0,1684.0,0.0,0.0,0.4255958900721499,0.0,0.0,0.0,0.0,
Noakhali 6,168965.0,0.38003136744296157,0.0,0.0,0.0,64021.0,0.0,0.0,0.0,64212.0,0.0,0,191.0,0.0,0.0,0.0,0.0,86.0,91985.0,0.0,0.0,0.0,0.0,0.007332879590447726,0.0,1239.0,0.0,2197.0,0.0,8547.0,0.0,91899.0,0.0,0.0,280.0,0.0,0.0,0.5444026869470009,0.0,0.0,0.0,0.0,
Pabna 1,236366.0,0.44103212814025705,0.0,0.0,0.0,104245.0,0.0,0.0,0.0,104245.0,0.0,0,0.0,0.0,0.0,0.0,0.5498845011549884,0.0,129974.0,0.0,0.0,0.0,0.0,0.0,0.0,0.0,129974.0,1114.0,0.0,1033.0,129974.0,0.0,0.0,0.0,0.0,0.0,0.0,0.5498845011549884,0.0,0.0,0.0,0.0,
Pabna 2,301125.0,0.7153374844333749,0.0,0.0,0.0,215406.0,0.0,0.0,0.0,215406.0,0.0,0,0.0,0.0,0.0,0.0,0.25651141552511414,0.0,77242.0,0.0,0.0,0.0,0.0,0.0,0.0,0.0,77242.0,5884.0,0.0,0.0,77242.0,0.0,0.0,0.0,2260.0,0.0,0.0,0.25651141552511414,0.0,0.0,0.0,0.0,
Pabna 3,335128.0,0.4332434174405003,0.0,0.0,0.0,144206.0,0.0,0.0,0.0,145192.0,0.0,0,986.0,0.0,0.0,0.0,0.4400557398963978,0.0,147475.0,0.0,0.0,0.0,0.0,0.0,0.0,0.0,147475.0,1769.0,0.0,38027.0,147475.0,0.0,0.0,0.0,1072.0,0.0,0.0,0.4400557398963978,0.0,0.0,0.0,0.0,"Discrepancy in Bangladesh Jamaat-e-Islami (Jamaat): source1 has 147465, source2 has 147475. Took the max."
Pabna 4,303803.0,0.4406605596389766,0.0,0.0,0.0,133874.0,0.0,0.0,0.0,133874.0,0.0,0,0.0,459.0,0.0,0.0,0.4531719568272861,0.0,137675.0,0.0,0.0,0.0,0.0,0.0005990724252229241,0.0,182.0,137675.0,2688.0,0.0,27970.0,137675.0,0.0,0.0,0.0,955.0,0.0,0.0,0.4531719568272861,0.0,0.0,0.0,0.0,
Pabna 5,351629.0,0.5173776906910409,0.0,0.0,0.0,181925.0,0.0,0.0,0.0,181925.0,0.0,0,0.0,0.0,0.0,0.0,0.4692275096763919,0.0,165436.0,442.0,0.0,0.0,0.0,0.0,0.0,0.0,164994.0,4268.0,0.0,0.0,164994.0,0.0,0.0,0.0,0.0,0.0,0.0,0.47048451635104044,0.0,0.0,0.0,0.0,
Panchagarh 1,350025.0,0.5056924505392472,0.0,0.0,3009.0,176169.0,0.0,0.0,0.0,177005.0,0.0,0,836.0,0.0,0.0,0.0,0.0,0.0,168732.0,0.0,0.0,0.0,0.0,0.008596528819370045,0.0,3009.0,0.0,0.0,0.0,0.0,0.0,168049.0,0.0,0.0,0.0,0.0,0.0,0.4820569959288622,261.0,0.0,0.0,0.0,
Panchagarh 2,315149.0,0.5541823074164919,0.0,0.0,953.0,174650.0,0.0,0.0,0.0,174650.0,0.0,0,0.0,935.0,0.0,0.0,0.4088923017366389,0.0,128862.0,0.0,0.0,0.0,0.0,0.003023966441270637,0.0,953.0,128862.0,4391.0,0.0,1854.0,128862.0,0.0,0.0,0.0,2152.0,0.0,0.0,0.4088923017366389,0.0,0.0,0.0,0.0,
Patuakhali 1,259294.0,0.5878809382399901,0.0,0.0,1334.0,152087.0,0.0,0.0,0.0,152434.0,0.0,0,347.0,0.0,0.0,0.0,0.0,0.0,46310.0,46310.0,0.0,0.0,0.0,0.005144739176378936,0.0,1334.0,0.0,58161.0,0.0,0.0,0.0,0.0,0.0,0.0,1055.0,0.0,0.0,0.17860035326694795,0.0,0.0,0.0,0.0,"Discrepancy in Amar Bangladesh Party (AB): source1 has 46310, source2 has 46010. Took the max."
Patuakhali 2,188607.0,0.3872019596303425,0.0,0.0,0.0,72676.0,0.0,0.0,0.0,73029.0,0.0,0,353.0,0.0,0.0,0.0,0.5341795373448494,0.0,101160.0,410.0,0.0,0.0,0.0,0.0,0.0,0.0,100750.0,14418.0,0.0,0.0,100750.0,0.0,0.0,0.0,0.0,0.0,0.0,0.5363533697052602,0.0,0.0,0.0,0.0,
Patuakhali 3,234105.0,0.4157237137182034,0.0,0.0,0.0,0.0,0.0,0.0,0.0,97323.0,0.0,0,97323.0,0.0,0.0,0.0,0.06943465538967557,0.0,16255.0,0.0,0.0,0.0,0.0,0.0,0.0,0.0,16255.0,38188.0,0.0,82339.0,16255.0,0.0,0.0,0.0,0.0,0.0,0.0,0.06943465538967557,0.0,0.0,0.0,0.0,"Discrepancy in Independent Candidate (Independent): source1 has 81361, source2 has 82339. Took the max."
Patuakhali 4,209327.0,0.5934017111982688,0.0,0.0,0.0,124013.0,0.0,0.0,0.0,124215.0,0.0,0,202.0,0.0,0.0,0.0,0.0,0.0,14985.0,0.0,0.0,0.0,0.0,0.0,0.0,0.0,0.0,70127.0,0.0,0.0,0.0,0.0,0.0,0.0,0.0,14985.0,0.0,0.071586560739895,0.0,0.0,0.0,0.0,
Pirojpur 1,239764.0,0.4467100982632922,0.0,0.0,0.0,107105.0,0.0,0.0,0.0,107105.0,0.0,0,0.0,0.0,0.0,0.0,0.5532899017367078,0.0,132659.0,0.0,0.0,0.0,0.0,0.0,0.0,0.0,132659.0,0.0,0.0,0.0,132659.0,0.0,0.0,0.0,0.0,0.0,0.0,0.5532899017367078,0.0,0.0,0.0,0.0,
Pirojpur 2,234943.0,0.44832150776996976,0.0,0.0,0.0,105185.0,0.0,0.0,0.0,105330.0,0.0,0,145.0,0.0,0.0,0.0,0.41242769522820427,0.0,97287.0,390.0,0.0,0.0,0.0,0.0,0.0,0.0,96897.0,6697.0,0.0,16219.0,96897.0,0.0,4705.0,0.0,4705.0,0.0,0.0,0.414087672329033,0.0,0.0,0.0,0.0,
Pirojpur 3,136987.0,0.4656719250731821,0.0,0.0,212.0,63791.0,0.0,0.0,0.0,63791.0,0.0,0,0.0,0.0,0.0,0.0,0.0,0.0,36616.0,0.0,0.0,0.0,0.0,0.0015475921072802528,0.0,212.0,0.0,35968.0,0.0,231.0,0.0,36616.0,0.0,0.0,169.0,0.0,0.0,0.26729543679327233,0.0,0.0,0.0,0.0,
Rajbari 1,266306.0,0.580313624176699,0.0,0.0,0.0,154541.0,0.0,0.0,0.0,154541.0,0.0,0,0.0,0.0,0.0,0.0,0.37960842038857556,0.0,101092.0,0.0,0.0,0.0,0.0,0.0,0.0,0.0,101092.0,0.0,0.0,0.0,101092.0,0.0,0.0,0.0,2586.0,0.0,0.0,0.37960842038857556,0.0,0.0,0.0,0.0,
Rajbari 2,353885.0,0.6722155502493748,0.0,0.0,0.0,237254.0,0.0,0.0,266.0,237887.0,0.0,0,633.0,0.0,0.0,0.0,0.0,0.0,67620.0,0.0,0.0,0.0,0.0,0.0,0.0,0.0,0.0,8503.0,0.0,37557.0,0.0,67299.0,0.0,0.0,2052.0,321.0,0.0,0.1910790228464049,0.0,0.0,0.0,0.0,
Rajshahi 1,343858.0,0.49528875291544766,0.0,0.0,0.0,169902.0,0.0,0.0,0.0,170309.0,0.0,0,407.0,0.0,0.0,0.0,0.4995841306585858,0.0,172886.0,1100.0,0.0,0.0,0.0,0.0,0.0,0.0,171786.0,0.0,0.0,663.0,171786.0,0.0,0.0,0.0,0.0,0.0,0.0,0.5027831255925411,0.0,0.0,0.0,0.0,
Rajshahi 2,290513.0,0.6490105434180226,0.0,0.0,0.0,188546.0,0.0,0.0,0.0,188546.0,0.0,0,0.0,0.0,0.0,0.0,0.3454922843383945,0.0,101166.0,796.0,0.0,0.0,0.0,0.0019000870873248357,0.0,552.0,100370.0,0.0,0.0,801.0,100370.0,0.0,0.0,0.0,0.0,0.0,0.0,0.34823226499330495,0.0,0.0,0.0,0.0,"Discrepancy in Bangladesh Nationalist Party (BNP): source1 has 188546, source2 has 128546. Took the max."
Rajshahi 3,318966.0,0.5527799201168777,0.0,0.0,0.0,176318.0,0.0,0.0,0.0,176318.0,0.0,0,0.0,0.0,0.0,0.0,0.43241912931158805,0.0,137927.0,0.0,0.0,0.0,0.0,0.0,0.0,0.0,137927.0,1154.0,0.0,1177.0,137927.0,0.0,0.0,0.0,2390.0,0.0,0.0,0.43241912931158805,0.0,0.0,0.0,0.0,
Rajshahi 4,227116.0,0.4819607601401927,0.0,0.0,0.0,109461.0,0.0,0.0,0.0,109461.0,0.0,0,0.0,0.0,0.0,0.0,0.5073442646048715,0.0,115226.0,0.0,0.0,0.0,0.0,0.0,0.0,0.0,115226.0,670.0,0.0,0.0,115226.0,0.0,0.0,0.0,1759.0,0.0,0.0,0.5073442646048715,0.0,0.0,0.0,0.0,
Rajshahi 5,237798.0,0.645190455764977,0.0,0.0,0.0,153425.0,0.0,0.0,0.0,153425.0,0.0,0,0.0,0.0,0.0,0.0,0.3088545740502443,0.0,73445.0,0.0,0.0,0.0,0.0,0.0,0.0,0.0,73445.0,620.0,0.0,9370.0,73445.0,0.0,0.0,0.0,0.0,0.0,0.0,0.3088545740502443,0.0,0.0,0.0,0.0,
Rajshahi 6,246195.0,0.6038790389731716,0.0,0.0,0.0,148672.0,0.0,0.0,0.0,148672.0,0.0,0,0.0,0.0,0.0,0.0,0.37760718129937654,0.0,92965.0,0.0,0.0,0.0,0.0,0.0,0.0,0.0,92965.0,1628.0,0.0,0.0,92965.0,0.0,0.0,0.0,2930.0,0.0,0.0,0.37760718129937654,0.0,0.0,0.0,0.0,"Discrepancy in Bangladesh Nationalist Party (BNP): source1 has 147672, source2 has 148672. Took the max."
Rangamati 1,263647.0,0.7702116845630711,22715.0,0.0,0.0,201544.0,0.0,0.0,0.0,203064.0,0.0,0,449.0,0.0,0.0,0.0,0.0,0.0,22715.0,0.0,0.0,0.0,0.0,0.004062249902331527,1071.0,1071.0,0.0,3672.0,0.0,31222.0,0.0,0.0,0.0,0.0,2974.0,0.0,0.0,0.08615686884356735,0.0,0.0,0.0,0.0,
Rangpur 1,214495.0,0.3235833003100305,0.0,0.0,0.0,69407.0,0.0,0.0,0.0,69407.0,0.0,0,0.0,0.0,0.0,0.0,0.6764166996899694,0.0,145088.0,0.0,0.0,0.0,0.0,0.0,0.0,0.0,145088.0,0.0,0.0,0.0,145088.0,0.0,0.0,0.0,0.0,0.0,0.0,0.6764166996899694,0.0,0.0,0.0,0.0,
Rangpur 2,162775.0,0.3294486254031639,0.0,0.0,0.0,53626.0,0.0,0.0,0.0,53626.0,0.0,0,0.0,0.0,0.0,0.0,0.5495684226693288,0.0,89456.0,0.0,0.0,0.0,0.0,0.0,0.0,0.0,89456.0,0.0,0.0,0.0,89456.0,0.0,0.0,0.0,19693.0,0.0,0.0,0.5495684226693288,0.0,0.0,0.0,0.0,"Discrepancy in Bangladesh Nationalist Party (BNP): source1 has 22100, source2 has 53626. Took the max.; Discrepancy in Bangladesh Jamaat-e-Islami (Jamaat): source1 has 43076, source2 has 89456. Took the max."
Rangpur 3,260405.0,0.32479407077437067,0.0,0.0,0.0,84578.0,0.0,0.0,0.0,84578.0,0.0,0,0.0,0.0,0.0,0.0,0.6752059292256293,0.0,175827.0,0.0,0.0,0.0,0.0,0.0,0.0,0.0,175827.0,0.0,0.0,0.0,175827.0,0.0,0.0,0.0,0.0,0.0,0.0,0.6752059292256293,0.0,0.0,0.0,0.0,
Rangpur 4,290530.0,0.48381922693009327,0.0,0.0,0.0,140564.0,0.0,0.0,0.0,140564.0,0.0,0,0.0,0.0,0.0,0.0,0.0,0.0,149966.0,0.0,0.0,0.0,0.0,0.0,0.0,0.0,0.0,0.0,0.0,0.0,0.0,149966.0,0.0,0.0,0.0,0.0,0.0,0.5161807730699067,0.0,0.0,0.0,0.0,"Discrepancy in Bangladesh Nationalist Party (BNP): source1 has 139616, source2 has 140564. Took the max.; Discrepancy in National Citizen Party (NCP): source1 has 147947, source2 has 149966. Took the max."
Rangpur 5,306471.0,0.3756179214346545,0.0,0.0,0.0,115116.0,0.0,0.0,0.0,115116.0,0.0,0,0.0,0.0,0.0,0.0,0.5756205317958306,0.0,176411.0,0.0,0.0,0.0,0.0,0.0,0.0,0.0,176411.0,0.0,0.0,0.0,176411.0,0.0,0.0,0.0,14944.0,0.0,0.0,0.5756205317958306,0.0,0.0,0.0,0.0,"Discrepancy in Bangladesh Nationalist Party (BNP): source1 has 114141, source2 has 115116. Took the max.; Discrepancy in Bangladesh Jamaat-e-Islami (Jamaat): source1 has 175208, source2 has 176411. Took the max."
Rangpur 6,237831.0,0.49490184206432297,0.0,0.0,0.0,117703.0,0.0,0.0,0.0,117703.0,0.0,0,0.0,0.0,0.0,0.0,0.505098157935677,0.0,120128.0,0.0,0.0,0.0,0.0,0.0,0.0,0.0,120128.0,0.0,0.0,0.0,120128.0,0.0,0.0,0.0,0.0,0.0,0.0,0.505098157935677,0.0,0.0,0.0,0.0,"Discrepancy in Bangladesh Nationalist Party (BNP): source1 has 116919, source2 has 117703. Took the max.; Discrepancy in Bangladesh Jamaat-e-Islami (Jamaat): source1 has 118890, source2 has 120128. Took the max."
Satkhira 1,369097.0,0.4605699856677242,0.0,0.0,0.0,169995.0,0.0,0.0,0.0,169995.0,0.0,0,0.0,0.0,0.0,0.0,0.524989365939035,0.0,193772.0,0.0,0.0,0.0,715.0,0.0,0.0,0.0,193772.0,2071.0,0.0,0.0,193772.0,0.0,0.0,0.0,2544.0,0.0,0.0,0.524989365939035,0.0,0.0,0.0,0.0,
Satkhira 2,389823.0,0.29832257203910495,0.0,0.0,317.0,116293.0,0.0,0.0,0.0,116293.0,0.0,0,0.0,0.0,0.0,0.0,0.684821059814326,0.0,266959.0,0.0,0.0,0.0,0.0,0.0008131895757818292,0.0,317.0,266959.0,1976.0,0.0,0.0,266959.0,0.0,0.0,0.0,4278.0,0.0,0.0,0.684821059814326,0.0,0.0,0.0,0.0,
Satkhira 3,350233.0,0.16223199984010644,0.0,0.0,0.0,56819.0,0.0,0.0,0.0,56819.0,0.0,0,0.0,0.0,0.0,0.0,0.5260298144378172,0.0,184233.0,0.0,0.0,0.0,0.0,0.0,0.0,0.0,184233.0,2497.0,0.0,105379.0,184233.0,0.0,0.0,0.0,722.0,0.0,0.0,0.5260298144378172,0.0,0.0,0.0,0.0,
Satkhira 4,198383.0,0.4306114939284112,0.0,0.0,0.0,85426.0,0.0,0.0,0.0,85426.0,0.0,0,0.0,0.0,0.0,0.0,0.5389221858727814,0.0,106913.0,0.0,0.0,0.0,0.0,0.0,0.0,0.0,106913.0,4902.0,0.0,0.0,106913.0,0.0,0.0,0.0,1142.0,0.0,0.0,0.5389221858727814,0.0,0.0,0.0,0.0,"Discrepancy in Bangladesh Nationalist Party (BNP): source1 has 84868, source2 has 85426. Took the max.; Discrepancy in Bangladesh Jamaat-e-Islami (Jamaat): source1 has 105805, source2 has 106913. Took the max."
Shariatpur 1,167577.0,0.4651533324978965,62717.0,0.0,0.0,77398.0,0.0,0.0,0.0,77949.0,0.0,0,551.0,0.0,0.0,0.0,0.0,0.0,63192.0,0.0,0.0,0.0,0.0,0.0,0.0,0.0,0.0,10817.0,0.0,15003.0,0.0,475.0,0.0,0.0,0.0,0.0,0.0,0.3770923217386634,0.0,0.0,0.0,0.0,
Shariatpur 2,211248.0,0.6158496175111717,0.0,0.0,0.0,129814.0,0.0,0.0,0.0,130097.0,0.0,0,283.0,0.0,313.0,0.0,0.3355866091039915,0.0,71205.0,0.0,0.0,0.0,0.0,0.0,0.0,0.0,70892.0,6505.0,442.0,452.0,70892.0,0.0,0.0,0.0,2547.0,0.0,0.0,0.3370682799363781,0.0,0.0,0.0,0.0,
Shariatpur 3,189078.0,0.5686330509102063,0.0,0.0,0.0,107516.0,0.0,0.0,0.0,107516.0,0.0,0,0.0,0.0,0.0,0.0,0.36854631421952844,0.0,69684.0,0.0,0.0,0.0,0.0,0.0,0.0,0.0,69684.0,9814.0,0.0,0.0,69684.0,0.0,0.0,0.0,2064.0,0.0,0.0,0.36854631421952844,0.0,0.0,0.0,0.0,
Sherpur 1,269775.0,0.29039755351681956,0.0,0.0,0.0,78342.0,0.0,0.0,0.0,78342.0,0.0,0,0.0,0.0,0.0,0.0,0.4737688814753035,0.0,128267.0,0.0,0.0,0.0,0.0,0.0,0.0,0.0,127811.0,0.0,0.0,62415.0,127811.0,456.0,0.0,0.0,751.0,0.0,0.0,0.4754591789454175,0.0,0.0,0.0,0.0,
Sherpur 2,232722.0,0.5090709086377738,0.0,0.0,0.0,118472.0,0.0,0.0,0.0,118472.0,0.0,0,0.0,0.0,0.0,0.0,0.4655124998925757,0.0,109373.0,1038.0,0.0,0.0,0.0,0.0,0.0,0.0,108335.0,4877.0,0.0,0.0,108335.0,0.0,0.0,0.0,0.0,0.0,0.0,0.4699727571952802,0.0,0.0,0.0,0.0,
Sherpur 3,0.0,,0.0,0.0,0.0,0.0,0.0,0.0,0.0,0.0,0.0,0,0.0,0.0,0.0,0.0,,0.0,0.0,0.0,0.0,0.0,0.0,,0.0,0.0,0.0,0.0,0.0,0.0,0.0,0.0,0.0,,0.0,0.0,0.0,,0.0,0.0,0.0,0.0,
Sirajganj 1,229095.0,0.5090159104301709,0.0,0.0,0.0,116613.0,0.0,0.0,0.0,116613.0,0.0,0,1170.0,0.0,0.0,0.0,0.4749776293677295,0.0,108815.0,0.0,0.0,0.0,0.0,0.0014011654553787729,0.0,321.0,108815.0,0.0,0.0,263.0,108815.0,0.0,0.0,0.0,2234.0,0.0,0.0,0.4749776293677295,0.0,0.0,0.0,0.0,"Discrepancy in Bangladesh Nationalist Party (BNP): source1 has 116613, source2 has 115132. Took the max.; Discrepancy in Bangladesh Jamaat-e-Islami (Jamaat): source1 has 108815, source2 has 106732. Took the max."
Sirajganj 2,320766.0,0.5548842458365288,0.0,0.0,0.0,177578.0,0.0,0.0,0.0,177988.0,0.0,0,410.0,769.0,0.0,0.0,0.43270483779452934,0.0,138797.0,0.0,0.0,0.0,0.0,0.002693552309159948,0.0,864.0,138797.0,2167.0,181.0,0.0,138797.0,0.0,0.0,0.0,0.0,0.0,0.0,0.43270483779452934,0.0,0.0,864.0,0.0,
Sirajganj 3,293896.0,0.5935092685848055,116802.0,0.0,0.0,174430.0,0.0,0.0,0.0,174430.0,0.0,0,0.0,0.0,0.0,0.0,0.0,0.0,116802.0,0.0,0.0,0.0,0.0,0.0,0.0,0.0,0.0,0.0,0.0,1006.0,0.0,0.0,0.0,0.0,1658.0,0.0,0.0,0.3974263004600267,0.0,0.0,0.0,0.0,
Sirajganj 4,327274.0,0.4927919724756626,0.0,0.0,0.0,161278.0,0.0,0.0,0.0,161278.0,0.0,0,0.0,695.0,0.0,0.0,0.4946069654173567,0.0,161872.0,0.0,0.0,0.0,0.0,0.0,0.0,0.0,161872.0,2216.0,0.0,0.0,161872.0,0.0,0.0,0.0,1213.0,0.0,0.0,0.4946069654173567,0.0,0.0,0.0,0.0,
Sirajganj 5,249340.0,0.5423277452474533,0.0,0.0,0.0,134989.0,0.0,0.0,0.0,135224.0,0.0,0,235.0,328.0,0.0,0.0,0.4283508462340579,0.0,106805.0,0.0,0.0,0.0,0.0,0.0,0.0,0.0,106805.0,5759.0,0.0,0.0,106805.0,0.0,0.0,0.0,1224.0,0.0,0.0,0.4283508462340579,0.0,0.0,0.0,0.0,
Sirajganj 6,275392.0,0.6227777132233325,0.0,0.0,0.0,171508.0,0.0,0.0,0.0,171508.0,0.0,0,0.0,0.0,0.0,0.0,0.0,0.0,103884.0,0.0,0.0,0.0,0.0,0.0,0.0,0.0,0.0,0.0,0.0,0.0,0.0,103884.0,0.0,0.0,0.0,0.0,0.0,0.3772222867766674,0.0,0.0,0.0,0.0,
Sunamganj 1,255924.0,0.6321173473374908,0.0,0.0,0.0,161774.0,0.0,0.0,0.0,161774.0,0.0,0,0.0,0.0,0.0,0.0,0.36325627920788983,0.0,94150.0,0.0,0.0,0.0,0.0,0.0,0.0,0.0,92966.0,0.0,0.0,0.0,92966.0,0.0,0.0,0.0,0.0,0.0,0.0,0.3678826526625092,0.0,0.0,0.0,0.0,
Sunamganj 2,163974.0,0.6069376852427824,0.0,0.0,0.0,99522.0,0.0,0.0,0.0,99522.0,0.0,0,0.0,1232.0,0.0,0.0,0.38554892848866285,0.0,63220.0,0.0,0.0,0.0,0.0,0.0,0.0,0.0,63220.0,0.0,0.0,0.0,63220.0,0.0,0.0,0.0,0.0,0.0,0.0,0.38554892848866285,0.0,0.0,0.0,0.0,
Sunamganj 3,159330.0,0.6107638235109522,14203.0,0.0,0.0,97313.0,0.0,0.0,0.0,97313.0,0.0,0,0.0,0.0,0.0,0.0,0.0,0.0,19377.0,4937.0,0.0,0.0,0.0,0.0,0.0,0.0,0.0,0.0,0.0,42640.0,0.0,0.0,0.0,0.0,0.0,237.0,0.0,0.1216155149689324,0.0,0.0,0.0,0.0,"Discrepancy in Independent Candidate (Independent): source1 has 42226, source2 has 42640. Took the max."
Sunamganj 4,203858.0,0.48117807493451326,0.0,0.0,0.0,98092.0,0.0,0.0,0.0,98092.0,0.0,0,0.0,0.0,0.0,0.0,0.3715085991229189,0.0,75735.0,0.0,0.0,0.0,0.0,0.0,0.0,0.0,75735.0,1935.0,0.0,26307.0,75735.0,0.0,0.0,0.0,1789.0,0.0,0.0,0.3715085991229189,0.0,0.0,0.0,0.0,
Sunamganj 5,258271.0,0.5881999914818156,0.0,0.0,0.0,151915.0,0.0,0.0,0.0,151915.0,0.0,0,0.0,0.0,0.0,0.0,0.3954025035718296,0.0,104399.0,0.0,0.0,0.0,0.0,0.0,0.0,0.0,102121.0,0.0,0.0,0.0,102121.0,0.0,0.0,0.0,1524.0,2278.0,0.0,0.4042226963151109,0.0,0.0,0.0,0.0,
Sylhet 1,317756.0,0.5578179483628948,0.0,0.0,0.0,176936.0,0.0,0.0,0.0,177250.0,0.0,0,314.0,908.0,0.0,0.0,0.42480079054368763,0.0,134983.0,0.0,0.0,0.0,0.0,0.0035026875967723663,0.0,1113.0,134983.0,2701.0,0.0,0.0,134983.0,0.0,0.0,0.0,0.0,0.0,0.0,0.42480079054368763,0.0,0.0,1113.0,0.0,"Discrepancy in Bangladesh Nationalist Party (BNP): source1 has 173932, source2 has 176936. Took the max."
Sylhet 2,156591.0,0.7532744538319571,0.0,0.0,0.0,117956.0,0.0,0.0,0.0,117956.0,0.0,0,0.0,0.0,0.0,0.0,0.0,0.0,38635.0,0.0,0.0,0.0,0.0,0.0,0.0,0.0,0.0,0.0,0.0,0.0,0.0,0.0,0.0,0.0,0.0,38635.0,0.0,0.24672554616804288,0.0,0.0,0.0,0.0,"Discrepancy in Bangladesh Nationalist Party (BNP): source1 has 117956, source2 has 116697. Took the max.; Discrepancy in Khelafat Majlis: source1 has 38635, source2 has 37446. Took the max."
Sylhet 3,189064.0,0.610639783353785,73614.0,0.0,0.0,115450.0,0.0,0.0,0.0,115450.0,0.0,0,0.0,0.0,0.0,0.0,0.0,0.0,73614.0,0.0,0.0,0.0,0.0,0.0,0.0,0.0,0.0,0.0,0.0,0.0,0.0,0.0,0.0,0.0,0.0,0.0,0.0,0.38936021664621506,0.0,0.0,0.0,0.0,"Discrepancy in Bangladesh Nationalist Party (BNP): source1 has 115450, source2 has 114255. Took the max."
Sylhet 4,258237.0,0.7235446508439921,0.0,0.0,0.0,186846.0,0.0,0.0,0.0,186846.0,0.0,0,0.0,0.0,0.0,0.0,0.27645534915600783,0.0,71391.0,0.0,0.0,0.0,0.0,0.0,0.0,0.0,71391.0,0.0,0.0,0.0,71391.0,0.0,0.0,0.0,0.0,0.0,0.0,0.27645534915600783,0.0,0.0,0.0,0.0,"Discrepancy in Bangladesh Nationalist Party (BNP): source1 has 186846, source2 has 181609. Took the max.; Discrepancy in Bangladesh Jamaat-e-Islami (Jamaat): source1 has 71391, source2 has 65776. Took the max."
Sylhet 5,203743.0,0.0,0.0,0.0,0.0,0.0,69774.0,0.0,0.0,0.0,0.0,0,0.0,0.0,0.0,0.0,0.0,0.0,79355.0,0.0,0.0,0.0,0.0,0.0,0.0,0.0,0.0,0.0,0.0,54614.0,0.0,0.0,0.0,0.0,0.0,79355.0,0.0,0.38948577374437404,0.0,0.0,0.0,0.0,
Sylhet 6,211486.0,0.5197365310233302,0.0,0.0,0.0,109917.0,0.0,0.0,0.0,109917.0,0.0,0,0.0,0.0,0.0,0.0,0.4802634689766698,0.0,101569.0,0.0,0.0,0.0,0.0,0.0,0.0,0.0,101569.0,0.0,0.0,0.0,101569.0,0.0,0.0,0.0,0.0,0.0,0.0,0.4802634689766698,0.0,0.0,0.0,0.0,"Discrepancy in Bangladesh Nationalist Party (BNP): source1 has 109917, source2 has 108612. Took the max.; Discrepancy in Bangladesh Jamaat-e-Islami (Jamaat): source1 has 101569, source2 has 97748. Took the max."
Tangail 1,281301.0,0.5472145495394612,0.0,0.0,0.0,153932.0,0.0,0.0,0.0,153932.0,0.0,0,0.0,0.0,0.0,0.0,0.33580399643086944,0.0,94462.0,0.0,0.0,0.0,0.0,0.0,0.0,0.0,94462.0,1731.0,0.0,28982.0,94462.0,0.0,0.0,0.0,2194.0,0.0,0.0,0.33580399643086944,0.0,0.0,0.0,0.0,
Tangail 2,265715.0,0.7459608979545754,0.0,0.0,0.0,198213.0,0.0,0.0,0.0,198213.0,0.0,0,0.0,0.0,0.0,0.0,0.22908379278550325,0.0,60871.0,0.0,0.0,0.0,0.0,0.0,0.0,0.0,60871.0,4777.0,0.0,0.0,60871.0,0.0,0.0,0.0,1854.0,0.0,0.0,0.22908379278550325,0.0,0.0,0.0,0.0,
Tangail 3,334246.0,0.24762899182039574,0.0,0.0,0.0,82769.0,0.0,0.0,0.0,82769.0,0.0,0,0.0,0.0,0.0,0.0,0.0,0.0,34588.0,0.0,0.0,0.0,0.0,0.0,0.0,0.0,0.0,107901.0,0.0,108988.0,0.0,34588.0,0.0,0.0,0.0,0.0,0.0,0.10348066992574331,0.0,0.0,0.0,0.0,"Discrepancy in Independent Candidate (Independent): source1 has 107901, source2 has 108988. Took the max."
Tangail 4,224775.0,0.46865532198865534,0.0,0.0,0.0,105342.0,0.0,0.0,0.0,105342.0,0.0,0,0.0,0.0,0.0,0.0,0.22329885440996552,0.0,50192.0,0.0,0.0,0.0,0.0,0.0,0.0,0.0,50192.0,1822.0,0.0,66661.0,50192.0,0.0,0.0,0.0,758.0,0.0,0.0,0.22329885440996552,0.0,0.0,0.0,0.0,"Discrepancy in Independent Candidate (Independent): source1 has 62509, source2 has 66661. Took the max."
Tangail 5,288080.0,0.4573833657317412,0.0,0.0,0.0,131279.0,0.0,0.0,0.0,131763.0,0.0,0,263.0,0.0,0.0,0.0,0.27868300472091084,0.0,80283.0,0.0,0.0,0.0,109.0,0.004557761732851985,0.0,1313.0,80283.0,2600.0,0.0,69408.0,80283.0,0.0,0.0,0.0,1636.0,0.0,221.0,0.27868300472091084,0.0,0.0,0.0,0.0,
Tangail 6,277746.0,0.5434893751845211,0.0,0.0,0.0,150952.0,0.0,0.0,0.0,150952.0,0.0,0,0.0,0.0,0.0,0.0,0.33092825819273725,0.0,91914.0,0.0,0.0,0.0,0.0,0.0,0.0,0.0,91914.0,12068.0,0.0,18157.0,91914.0,0.0,3489.0,0.0,1166.0,0.0,0.0,0.33092825819273725,0.0,0.0,0.0,0.0,
Tangail 7,213785.0,0.6607245597212152,0.0,0.0,0.0,141253.0,0.0,0.0,0.0,141253.0,0.0,0,0.0,0.0,0.0,1492.0,0.33229646607573027,0.0,71040.0,0.0,0.0,0.0,0.0,0.0,0.0,0.0,71040.0,0.0,0.0,0.0,71040.0,0.0,0.0,0.0,0.0,0.0,0.0,0.33229646607573027,0.0,0.0,0.0,0.0,
Tangail 8,248461.0,0.46175053630147184,0.0,0.0,0.0,114217.0,0.0,0.0,0.0,114727.0,0.0,0,0.0,0.0,0.0,0.0,0.2242162753913089,0.0,55709.0,0.0,0.0,0.0,0.0,0.0020526360273845795,510.0,510.0,55709.0,0.0,0.0,77130.0,55709.0,0.0,0.0,0.0,565.0,0.0,0.0,0.2242162753913089,0.0,0.0,0.0,0.0,
Thakurgaon 1,383704.0,0.6224485540937806,0.0,0.0,0.0,238836.0,0.0,0.0,0.0,238836.0,0.0,0,0.0,0.0,0.0,0.0,0.36751506369493153,0.0,141017.0,0.0,0.0,0.0,0.0,0.0,0.0,0.0,141017.0,3851.0,0.0,0.0,141017.0,0.0,0.0,0.0,0.0,0.0,0.0,0.36751506369493153,0.0,0.0,0.0,0.0,
Thakurgaon 2,242711.0,0.5061987301770419,0.0,0.0,0.0,121017.0,0.0,0.0,0.0,122860.0,0.0,0,1843.0,380.0,0.0,0.0,0.47672746599865684,0.0,116158.0,451.0,0.0,0.0,0.0,0.0,0.0,0.0,115707.0,437.0,0.0,0.0,115707.0,0.0,0.0,0.0,2876.0,0.0,0.0,0.4785856430075275,0.0,0.0,0.0,0.0,
Thakurgaon 3,256834.0,0.5192030650147567,0.0,0.0,0.0,132797.0,0.0,0.0,0.0,133349.0,0.0,0,552.0,1548.0,0.0,0.0,0.35795105009461364,0.0,91934.0,0.0,0.0,0.0,0.0,0.0,0.0,0.0,91934.0,1295.0,0.0,279.0,91934.0,0.0,0.0,0.0,27133.0,0.0,0.0,0.35795105009461364,0.0,0.0,0.0,113.0,
