district,n_households,wealth_score_mean,wealth_score_median,pct_poorest,pct_richest,pct_electricity,pct_mobile,pct_internet,pct_urban,pct_improved_water,pct_improved_sanitation,pct_ever_school,pct_secondary_plus,pct_female_ever_school,pct_female_secondary_plus,pct_women_no_education,pct_women_secondary_plus,median_marriage_age,pct_women_internet,pct_women_newspaper,pct_birth_registered,pct_stunted,pct_underweight,total_births,pct_child_mortality,avg_births_per_woman,n_children_5_17,pct_children_ever_school,pct_read_fluently,pct_can_read,pct_numeracy,pct_comprehension
Bagerhat,1000,-0.29,-0.41,32.3,6.8,80.98,96.45,30.41,12.0,78.06,98.22,84.87,57.82,84.2,59.96,6.02,69.59,16.0,100.0,9.29,29.79,26.42,20.75,1748,5.95,2.27,603,98.84,0.31,1.25,41.47,34.43
Bandarban,800,-0.74,-0.96,58.63,5.75,41.48,90.8,18.13,25.0,69.37,48.49,61.48,49.78,57.9,52.41,41.19,39.8,18.0,100.0,7.35,24.78,29.82,31.2,1766,7.36,2.99,515,88.54,0.38,0.95,34.41,30.99
Barguna,1000,-0.58,-0.65,53.0,5.3,66.11,97.1,35.03,12.0,95.03,90.16,81.73,51.46,81.15,50.67,7.21,57.21,16.0,99.78,4.48,44.75,25.79,22.91,1626,5.9,2.24,623,97.75,0.0,0.48,52.62,42.13
Barishal,1000,-0.2,-0.38,31.8,10.2,85.36,96.45,34.45,22.0,99.89,82.88,84.53,57.27,85.3,58.44,8.75,68.55,16.0,100.0,11.85,41.75,35.9,25.89,1762,7.66,2.59,595,98.82,0.77,1.84,43.03,35.99
Bhola,1000,-0.41,-0.49,40.5,7.5,71.59,95.48,30.51,14.0,100.0,55.62,75.19,46.69,76.2,48.9,16.06,54.41,16.0,100.0,5.54,15.19,37.64,30.37,1961,7.5,2.79,623,96.15,1.23,2.78,40.59,30.86
Bogura,1000,-0.1,-0.33,26.0,11.4,89.99,91.03,31.49,18.0,100.0,89.16,74.84,56.62,72.79,56.31,18.84,56.83,16.0,100.0,8.68,25.33,31.71,25.6,1683,7.25,2.2,560,97.68,0.0,0.0,50.43,42.11
Brahmanbaria,900,0.26,0.0,11.67,20.67,97.28,96.46,47.46,15.56,100.0,88.08,73.64,50.22,72.86,53.27,19.84,55.23,16.0,100.0,3.71,30.09,26.82,19.82,2423,6.64,3.16,587,94.89,1.07,4.45,44.79,28.68
Chandpur,900,0.17,-0.01,16.56,18.11,87.74,95.48,48.81,17.78,98.93,97.5,84.62,58.94,83.18,62.85,5.39,76.85,17.0,100.0,6.29,25.7,23.2,20.89,1649,3.46,2.64,574,96.69,0.0,0.68,40.41,35.62
Chattogram,2000,0.81,0.61,6.75,40.3,95.87,97.53,52.65,44.0,99.46,96.25,81.41,59.24,80.2,60.7,12.06,67.85,17.0,99.91,16.84,41.05,23.13,24.72,4251,6.8,2.65,1268,96.92,0.23,1.25,51.13,37.43
Chuadanga,1000,0.08,-0.06,9.4,9.5,97.77,93.93,17.81,26.0,99.8,93.72,73.46,55.99,73.45,57.75,16.43,58.74,16.0,100.0,6.67,35.54,21.17,21.34,1866,6.91,2.26,621,97.58,0.47,2.84,42.5,47.39
Cumilla,1200,0.44,0.15,5.33,25.83,99.13,97.05,61.93,15.0,100.0,90.29,77.56,59.12,75.69,62.51,11.78,71.47,16.0,100.0,2.13,34.07,24.69,22.07,2873,6.2,2.8,814,95.58,1.19,3.8,45.9,32.34
Cox's Bazar,900,-0.23,-0.34,35.11,11.78,69.48,97.35,30.64,22.22,99.52,52.35,71.07,49.2,68.74,51.22,25.3,48.76,17.0,100.0,10.38,37.19,34.36,29.38,2042,5.34,3.03,590,92.37,0.16,1.6,27.96,22.52
Dhaka,2500,1.61,1.52,0.56,69.0,99.75,98.01,60.89,76.8,99.41,99.53,83.97,63.28,82.67,62.86,10.82,67.26,17.0,99.88,17.96,21.09,32.99,18.13,3887,4.53,2.12,1362,96.04,0.07,0.35,47.12,38.96
Dinajpur,1000,-0.08,-0.27,16.7,9.4,92.47,93.83,28.03,14.0,100.0,86.09,77.99,59.35,74.06,59.97,14.81,63.32,16.0,100.0,4.77,38.81,24.3,18.6,1808,7.69,2.31,601,96.84,0.49,2.96,50.82,44.9
Faridpur,900,-0.05,-0.2,22.11,13.0,85.0,95.48,46.9,15.56,100.0,72.14,75.96,55.75,74.6,59.31,16.63,60.75,17.0,99.89,11.09,34.37,25.24,16.04,1776,4.95,2.56,537,97.02,0.53,1.59,42.58,37.63
Feni,900,0.61,0.36,3.44,32.33,99.55,97.08,61.35,20.0,99.89,87.87,76.9,66.27,75.52,68.59,10.16,76.7,17.0,100.0,6.8,45.0,23.91,16.03,1904,3.15,2.43,589,96.94,0.67,2.34,23.75,29.26
Gaibandha,1000,-0.39,-0.46,33.6,4.4,78.53,91.69,17.58,8.0,99.89,87.81,72.67,52.81,69.97,51.17,21.22,53.36,16.0,100.0,3.84,32.35,30.43,28.96,1745,9.17,2.56,597,96.31,0.98,5.53,39.02,35.45
Gazipur,900,0.59,0.47,3.89,26.56,98.86,97.59,45.75,31.11,100.0,94.8,83.9,58.91,83.83,58.14,8.81,64.64,16.0,100.0,7.9,43.15,25.44,16.45,1209,6.04,2.06,400,96.5,0.0,0.23,40.89,31.78
Gopalganj,900,-0.08,-0.3,20.56,9.0,98.91,97.34,12.08,11.11,99.76,98.79,77.08,61.8,74.1,62.2,13.59,66.21,18.0,100.0,4.74,46.42,24.84,17.98,1485,3.97,2.45,534,96.07,0.36,1.61,53.58,47.49
Habiganj,1000,0.02,-0.24,21.7,16.4,87.59,96.24,46.29,12.0,99.8,81.18,72.44,45.52,69.78,47.55,20.75,49.19,18.0,99.92,9.48,32.86,34.33,38.03,2524,9.07,3.04,698,92.41,1.42,3.13,41.88,29.77
Joypurhat,1000,-0.18,-0.34,19.9,5.1,97.82,89.95,23.42,14.0,100.0,83.32,74.28,61.18,72.25,60.65,15.86,63.13,16.0,99.78,5.47,33.06,28.99,24.9,1431,6.43,2.0,539,96.66,0.19,0.56,47.59,37.04
Jamalpur,900,-0.32,-0.42,34.11,6.0,82.56,92.68,24.76,17.78,99.15,81.22,68.0,56.13,65.61,53.48,20.45,52.56,16.0,100.0,7.1,53.61,33.2,28.05,1353,5.1,2.48,494,96.56,0.98,3.33,44.12,36.27
Jashore,1000,0.22,0.0,8.3,16.8,97.54,97.23,46.92,18.0,100.0,94.56,80.54,60.74,78.23,62.13,12.26,68.68,16.0,99.9,8.4,25.32,21.31,17.86,1818,6.16,2.16,630,98.1,0.0,0.16,56.41,49.06
Jhalokati,1000,-0.2,-0.37,25.0,7.8,89.28,95.61,26.05,16.0,99.46,55.41,87.72,60.38,87.65,60.22,3.87,75.06,17.0,100.0,2.96,41.0,19.57,15.48,1654,7.07,2.48,594,98.32,1.13,1.46,48.46,37.12
Jhenaidah,1000,0.06,-0.14,13.4,12.2,96.19,94.68,37.51,16.0,100.0,94.38,77.93,58.85,76.89,60.33,10.24,67.8,16.0,99.9,11.22,27.36,21.91,18.15,1777,5.68,2.21,614,96.91,0.0,1.29,53.38,43.89
Khagrachhari,900,-0.6,-0.66,51.33,6.22,48.33,92.11,33.37,35.56,81.94,66.39,76.1,55.57,70.44,56.53,22.72,52.93,18.0,99.87,8.88,45.69,24.2,16.43,1598,8.64,2.54,493,97.36,0.73,1.09,31.33,30.05
Khulna,1000,0.26,0.0,19.2,22.6,86.43,97.5,47.45,34.0,95.01,98.59,81.96,67.04,79.32,67.77,9.18,72.15,16.0,99.89,13.34,40.74,16.92,18.01,1574,6.8,2.12,541,97.78,0.18,0.9,54.04,44.17
Kishoregonj,900,-0.19,-0.35,27.22,7.33,92.69,88.44,30.9,15.56,100.0,67.33,64.26,50.48,64.29,55.46,26.34,54.11,17.0,100.0,8.46,34.4,36.26,26.76,1688,6.04,2.79,566,86.75,0.17,3.25,41.71,27.35
Kurigram,1000,-0.65,-0.59,46.6,1.0,64.77,87.71,4.96,16.0,99.9,83.88,61.05,53.95,59.43,54.79,33.44,45.47,16.0,100.0,3.4,54.44,29.32,18.6,1774,2.87,2.31,629,92.85,0.94,3.59,41.65,41.81
Kushtia,1000,0.13,-0.12,9.0,13.3,97.98,94.05,43.04,12.0,99.9,96.77,77.6,62.18,76.88,62.95,10.24,68.63,16.0,100.0,9.78,20.89,15.16,19.35,1898,5.16,2.23,635,97.32,0.0,0.78,53.12,45.78
Lakshmipur,900,-0.13,-0.25,29.11,13.33,74.48,96.29,41.18,15.56,100.0,95.94,82.52,48.6,80.99,53.27,7.47,65.21,16.0,100.0,3.74,37.21,26.08,25.59,1934,7.39,2.9,609,96.88,0.49,2.79,40.98,30.98
Lalmonirhat,1000,-0.5,-0.51,30.5,2.1,79.11,91.35,7.17,10.0,99.79,91.14,74.73,54.23,71.3,56.07,18.31,56.84,16.0,99.9,2.01,24.31,30.5,24.93,1954,7.16,2.49,640,97.5,0.0,7.61,38.66,40.03
Madaripur,900,-0.11,-0.26,18.44,7.89,94.2,96.49,11.85,13.33,99.88,98.31,72.19,52.56,69.37,54.67,15.69,58.16,17.0,99.74,3.32,10.67,28.19,25.42,1565,7.73,2.69,545,97.25,0.71,2.3,47.17,36.93
Magura,1000,-0.12,-0.27,20.4,7.9,95.55,96.29,36.48,14.0,100.0,90.77,81.02,58.41,79.42,59.99,9.96,67.89,16.0,100.0,6.5,16.91,24.53,15.08,1873,5.98,2.38,603,95.85,0.64,1.6,44.64,34.56
Manikganj,900,0.0,-0.13,12.78,10.44,96.12,94.79,43.64,8.89,100.0,94.67,68.17,63.75,66.18,64.47,24.52,59.88,16.0,100.0,9.4,18.73,19.83,13.93,1462,6.98,2.2,506,97.23,0.0,1.52,39.77,32.95
Meherpur,1000,0.11,-0.02,9.5,11.4,97.46,91.98,30.15,12.0,99.9,96.04,71.95,59.88,71.41,62.49,17.79,62.42,15.0,100.0,3.33,13.03,15.25,18.09,1815,7.38,2.14,567,97.53,0.0,1.56,41.7,43.77
Maulvibazar,1000,0.28,0.01,18.2,25.7,86.37,96.41,46.52,12.0,95.49,86.89,77.01,51.97,74.85,55.75,16.65,58.0,18.0,100.0,13.0,45.86,31.15,27.38,2313,5.1,2.74,698,95.7,0.71,2.43,44.29,35.71
Munshiganj,900,0.41,0.22,4.33,19.44,96.88,97.32,43.26,13.33,100.0,97.77,74.83,54.92,74.15,57.91,14.95,64.33,17.0,99.69,5.26,61.63,25.15,15.25,1743,4.19,2.33,599,95.66,0.17,1.67,49.25,36.23
Mymensingh,1200,-0.19,-0.35,25.42,8.67,84.39,94.38,28.9,15.0,100.0,86.89,68.35,52.66,67.75,51.82,20.64,55.44,17.0,100.0,9.29,31.91,33.26,20.83,2180,7.11,2.74,736,90.08,0.4,0.66,42.71,33.69
Naogaon,1000,-0.12,-0.28,22.6,9.2,89.57,91.3,29.25,10.0,97.47,83.6,78.11,58.47,77.9,57.34,12.25,62.25,15.0,99.66,5.68,43.42,24.55,22.07,1424,5.27,1.96,541,98.34,0.18,1.09,45.92,39.02
Narail,1000,-0.2,-0.28,23.0,5.5,84.87,95.71,38.2,16.0,99.89,99.46,79.44,56.87,77.99,57.5,10.64,66.07,16.0,99.89,4.32,31.46,27.36,21.86,1850,6.38,2.46,621,97.1,0.31,1.4,44.96,33.95
Narayangonj,900,1.03,0.87,1.56,44.33,99.77,97.03,43.02,35.56,100.0,95.65,79.25,55.49,77.76,58.61,16.49,59.9,17.0,100.0,11.51,39.58,24.02,13.43,1740,5.52,2.31,566,95.94,0.35,1.56,42.11,34.49
Narsingdi,900,0.18,-0.04,8.67,16.67,98.28,94.97,49.89,20.0,100.0,70.82,74.22,54.92,72.39,59.88,18.7,60.58,17.0,99.78,9.51,35.99,28.96,21.36,1965,8.7,2.75,611,91.0,0.0,1.28,36.96,34.24
Natore,1000,-0.16,-0.3,17.8,5.9,95.21,93.55,29.76,14.0,100.0,88.55,75.19,55.76,72.72,55.11,16.96,55.87,15.0,99.42,2.09,43.73,18.48,18.12,1513,6.81,2.12,546,98.17,0.54,1.26,46.68,39.14
Chapai Nawabganj,1000,-0.08,-0.25,23.0,10.0,87.86,95.54,30.29,20.0,99.9,67.12,74.38,54.22,74.64,60.59,14.81,63.28,15.0,99.9,8.88,29.92,25.0,22.07,1971,6.65,2.48,644,97.83,0.6,1.96,49.09,31.57
Netrokona,900,-0.34,-0.5,38.0,6.78,83.93,95.84,26.82,11.11,99.08,74.68,66.43,54.03,64.97,52.95,25.47,51.41,17.0,99.88,7.86,30.13,36.71,29.81,1817,8.7,2.87,552,89.49,0.36,0.71,43.75,33.21
Nilphamari,1000,-0.28,-0.45,23.5,8.8,89.54,92.62,19.69,14.0,100.0,83.79,72.42,54.78,69.09,56.79,23.31,56.38,16.0,99.81,2.32,26.51,30.08,26.51,2091,6.55,2.57,643,97.05,0.0,2.79,52.4,38.45
Noakhali,900,-0.04,-0.17,24.89,15.56,76.91,95.83,45.72,15.56,100.0,71.28,73.61,56.89,72.99,61.14,15.23,66.61,17.0,99.91,4.86,29.45,36.71,23.71,2242,6.6,2.79,654,92.51,0.46,6.37,22.46,25.04
Pabna,1000,-0.05,-0.31,21.8,12.2,95.72,92.8,20.15,16.0,100.0,93.42,74.08,55.64,73.17,57.4,17.59,59.35,16.0,99.9,7.18,25.36,26.11,18.82,1884,6.37,2.47,617,96.11,0.8,2.07,44.02,34.29
Panchagarh,1000,-0.39,-0.5,37.2,6.0,76.91,93.85,16.4,10.0,100.0,92.99,76.22,57.74,73.36,59.46,15.71,61.29,16.0,99.9,10.61,21.61,40.79,30.66,1823,4.99,2.34,577,96.71,0.32,0.96,39.55,33.76
Patuakhali,1000,-0.6,-0.64,51.3,4.2,54.84,97.74,34.57,14.0,100.0,92.39,77.94,55.37,76.77,54.92,11.28,58.46,16.0,100.0,4.75,51.96,27.99,20.29,1874,4.48,2.39,647,94.44,0.15,0.61,51.06,41.19
Pirojpur,1000,-0.29,-0.44,30.3,7.8,87.84,95.49,27.15,16.0,89.73,65.41,85.54,55.05,85.65,55.44,4.07,69.05,16.0,100.0,1.65,44.38,21.24,25.8,1698,7.01,2.43,614,99.02,1.44,2.88,48.08,38.94
Rajshahi,1000,0.23,-0.06,15.9,18.7,95.31,94.39,38.33,32.0,100.0,85.63,79.37,63.16,76.75,65.53,12.7,70.05,15.0,100.0,11.32,44.41,24.46,23.74,1535,5.15,2.06,563,98.22,0.53,0.71,52.75,40.85
Rajbari,900,-0.17,-0.3,21.44,6.89,92.08,97.44,46.1,13.33,100.0,76.6,70.88,58.01,69.28,60.74,21.76,60.02,17.0,99.77,4.12,39.69,21.2,21.52,1718,6.4,2.43,563,97.69,0.17,1.37,46.48,42.2
Rangamati,900,-0.66,-0.98,57.78,9.11,42.23,91.26,33.86,26.67,64.2,57.77,72.99,56.51,67.22,55.47,28.35,51.06,18.0,98.94,9.53,38.2,34.66,18.04,1422,5.27,2.29,539,96.47,0.18,1.43,45.08,35.6
Rangpur,1000,-0.23,-0.4,28.2,7.8,90.28,92.37,19.54,14.0,100.0,89.86,73.27,57.9,70.63,59.75,17.52,61.27,16.0,99.89,7.7,23.03,15.38,18.12,1686,8.9,2.4,612,97.06,1.3,4.88,53.5,37.24
Shariatpur,900,-0.22,-0.32,28.44,7.33,83.33,95.56,53.6,11.11,99.88,96.04,70.25,51.24,70.17,55.29,19.6,57.24,17.0,99.88,5.46,29.11,24.7,24.78,1708,7.03,2.78,555,96.58,0.68,4.44,38.4,28.16
Satkhira,1000,-0.15,-0.23,24.9,8.4,81.58,96.15,36.52,10.0,80.44,86.26,76.77,60.3,72.61,60.21,15.16,64.82,16.0,100.0,6.8,40.46,20.2,19.14,1797,7.4,2.17,611,97.38,0.0,0.0,52.5,41.2
Sirajganj,1000,-0.25,-0.42,27.2,7.3,88.36,95.13,20.95,14.0,100.0,88.47,71.27,51.33,68.59,53.57,22.52,51.52,16.0,99.9,5.11,21.16,27.54,27.89,2064,9.21,2.72,645,95.97,0.15,1.54,45.54,34.31
Sherpur,900,-0.32,-0.46,34.56,4.0,94.98,88.64,19.98,13.33,99.52,78.83,70.56,50.82,69.71,50.48,19.75,53.88,16.0,100.0,4.94,23.49,27.37,27.01,1423,7.73,2.61,506,94.66,0.2,0.98,51.27,36.4
Sunamganj,1000,-0.4,-0.6,48.8,8.7,71.6,83.83,24.79,10.0,98.83,68.19,71.66,42.39,69.45,43.14,24.43,41.62,17.0,100.0,8.55,47.24,45.64,31.23,2612,10.15,3.28,700,93.29,0.54,1.36,29.8,24.22
Sylhet,1000,0.57,0.34,15.9,35.4,95.3,95.19,46.5,24.0,92.06,94.25,78.18,52.03,75.32,55.97,15.25,60.11,18.0,100.0,15.63,29.67,37.1,31.36,2417,6.29,2.93,698,97.42,0.14,1.42,43.4,32.34
Tangail,900,-0.04,-0.17,12.33,7.67,98.82,93.96,42.89,15.56,100.0,98.7,73.04,59.22,70.99,57.86,16.61,60.77,16.0,100.0,4.93,17.91,19.31,22.31,1382,6.22,2.15,500,97.0,0.0,0.58,40.19,34.95
Thakurgaon,1000,-0.22,-0.4,22.4,6.0,90.08,94.03,27.53,12.0,100.0,84.41,77.04,58.53,72.31,59.72,17.5,60.8,16.0,99.65,8.92,39.62,25.34,17.84,2136,6.88,2.43,653,97.09,0.3,1.07,50.15,43.75
