seat_name,candidate,party,votes
Panchagarh 1,Muhammad Naushad Zamir,Bangladesh Nationalist Party (BNP),176169
Panchagarh 1,Md. Sarjis Alam,National Citizen Party (NCP),168049
Panchagarh 2,Farhad Hossain Azad,Bangladesh Nationalist Party (BNP),174650
Panchagarh 2,Md. Safiul Alam,Bangladesh Jamaat-e-Islami (Jamaat),128862
Thakurgaon 1,Mirza Fakhrul Islam Alamgir,Bangladesh Nationalist Party (BNP),238836
Thakurgaon 1,Delawar Hossain,Bangladesh Jamaat-e-Islami (Jamaat),141017
Thakurgaon 2,Md. Abdus Salam,Bangladesh Nationalist Party (BNP),121017
Thakurgaon 2,Md. Abdul Hakim,Bangladesh Jamaat-e-Islami (Jamaat),115707
Thakurgaon 3,Md. Zahidur Rahman,Bangladesh Nationalist Party (BNP),132797
Thakurgaon 3,Md. Mizanur Rahman,Bangladesh Jamaat-e-Islami (Jamaat),91934
Dinajpur 1,Md. Manjurul Islam,Bangladesh Nationalist Party (BNP),179314
Dinajpur 1,Md. Matiur Rahman,Bangladesh Jamaat-e-Islami (Jamaat),117481
Dinajpur 2,Md. Sadiq Riaz,Bangladesh Nationalist Party (BNP),144317
Dinajpur 2,"A, K, M Afzalul Anam",Bangladesh Jamaat-e-Islami (Jamaat),101831
Dinajpur 3,Syed Jahangir Alam,Bangladesh Nationalist Party (BNP),139207
Dinajpur 3,Md. Mainul Alam,Bangladesh Jamaat-e-Islami (Jamaat),134618
Dinajpur 4,Md. Akhtaruzzaman Mia,Bangladesh Nationalist Party (BNP),165577
Dinajpur 4,Md. Aftab Uddin Mollah,Bangladesh Jamaat-e-Islami (Jamaat),127666
Dinajpur 5,"A, Z, M, Rezwanul Haque",Independent Candidate (Independent),113650
Dinajpur 5,Md. Abdul Ahad,National Citizen Party (NCP),108948
Dinajpur 6,Abu Zafar Md. Zahid Hossain,Bangladesh Nationalist Party (BNP),203887
Dinajpur 6,Md. Anwarul Islam,Bangladesh Jamaat-e-Islami (Jamaat),188719
Nilphamari 1,Md. Abdus Sattar,Bangladesh Jamaat-e-Islami (Jamaat),149224
Nilphamari 1,Maulana Md. Manjurul Islam,Jamiat Ulema-e-Islam Bangladesh (JUIB),118160
Nilphamari 2,Alfaruq Abdul Latif,Bangladesh Jamaat-e-Islami (Jamaat),145202
Nilphamari 2,Shahreen Islam,Bangladesh Nationalist Party (BNP),134579
Nilphamari 3,Obaidullah Salafi,Bangladesh Jamaat-e-Islami (Jamaat),108560
Nilphamari 3,Alhaj Syed Ali,Bangladesh Nationalist Party (BNP),89102
Nilphamari 4,Abdul Muntakim,Bangladesh Jamaat-e-Islami (Jamaat),124865
Nilphamari 4,Md. Abdul Gafur Sarkar,Bangladesh Nationalist Party (BNP),81526
Lalmonirhat 1,Md Hasan Rajeev Pradhan,Bangladesh Nationalist Party (BNP),138686
Lalmonirhat 1,Md. Anwarul Islam Raju,Bangladesh Jamaat-e-Islami (Jamaat),129572
Lalmonirhat 2,Md. Rokon Uddin Babul,Bangladesh Nationalist Party (BNP),123946
Lalmonirhat 2,Md. Feroz Haider,Bangladesh Jamaat-e-Islami (Jamaat),6694
Lalmonirhat 3,Asadul Habib Dulu,Bangladesh Nationalist Party (BNP),139657
Lalmonirhat 3,Md. Abu Taher,Bangladesh Jamaat-e-Islami (Jamaat),56244
Rangpur 1,Md Raihan Sirazi,Bangladesh Jamaat-e-Islami (Jamaat),145088
Rangpur 1,Md Mokarram Hossain Sujan,Bangladesh Nationalist Party (BNP),69407
Rangpur 2,ATM Azharul Islam,Bangladesh Jamaat-e-Islami (Jamaat),43076
Rangpur 2,Muhammad Ali Sarkar,Bangladesh Nationalist Party (BNP),22100
Rangpur 3,Md Mahbubur Rahman (Belal),Bangladesh Jamaat-e-Islami (Jamaat),175827
Rangpur 3,Md. Samsuzzaman Samu,Bangladesh Nationalist Party (BNP),84578
Rangpur 4,Akhtar Hossain,National Citizen Party (NCP),147947
Rangpur 4,Mohammad Emdadul Haque Bharsa,Bangladesh Nationalist Party (BNP),139616
Rangpur 5,Md. Golam Rabbani,Bangladesh Jamaat-e-Islami (Jamaat),175208
Rangpur 5,Md. Golam Rabbani,Bangladesh Nationalist Party (BNP),114141
Rangpur 6,Md. Nurul Amin,Bangladesh Jamaat-e-Islami (Jamaat),118890
Rangpur 6,Md. Saiful Islam,Bangladesh Nationalist Party (BNP),116919
Kurigram 1,Md. Anwarul Islam,Bangladesh Jamaat-e-Islami (Jamaat),141090
Kurigram 1,Saifur Rahman Rana,Bangladesh Nationalist Party (BNP),123025
Kurigram 2,Atiqur Rahman Mojahid,National Citizen Party (NCP),178869
Kurigram 2,Md. Sohail Hosnain Kaykobad,Bangladesh Nationalist Party (BNP),170335
Kurigram 3,Md. Mahbubul Alam,Bangladesh Jamaat-e-Islami (Jamaat),106923
Kurigram 3,Dr. Md. Akkach Ali Sarkar,Islami Andolan Bangladesh (IAB),33380
Kurigram 4,Md. Mostafizur Rahman,Bangladesh Jamaat-e-Islami (Jamaat),108210
Kurigram 4,Md. Azizur Rahman,Bangladesh Nationalist Party (BNP),84423
Gaibandha 1,Md Majedur Rahman,Bangladesh Jamaat-e-Islami (Jamaat),140726
Gaibandha 1,Khandkar Ziaul Islam Mohammad Ali,Bangladesh Nationalist Party (BNP),37997
Gaibandha 2,Md. Abdul Karim,Bangladesh Jamaat-e-Islami (Jamaat),122630
Gaibandha 2,Md. Anisuzzaman Khan Babu,Bangladesh Nationalist Party (BNP),92890
Gaibandha 3,Abul Kauchar Mohammad Nazrul Islam,Bangladesh Jamaat-e-Islami (Jamaat),162457
Gaibandha 3,Professor Dr. Syed Mainul Hasan Sadiq,Bangladesh Nationalist Party (BNP),139864
Gaibandha 4,Mohammad Shamim Qaiser,Bangladesh Nationalist Party (BNP),142772
Gaibandha 4,Md Abdur Rahim Sarkar,Bangladesh Jamaat-e-Islami (Jamaat),139738
Gaibandha 5,Md. Abdul Waresh,Bangladesh Jamaat-e-Islami (Jamaat),89274
Gaibandha 5,Md Farooq Alam Sarkar,Bangladesh Nationalist Party (BNP),73483
Joypurhat 1,Md. Fazlur Rahman Sayeed,Bangladesh Jamaat-e-Islami (Jamaat),165192
Joypurhat 1,Md. Masud Rana Pradhan,Bangladesh Nationalist Party (BNP),155309
Joypurhat 2,Md. Abdul Bari,Bangladesh Nationalist Party (BNP),158065
Joypurhat 2,SM Rashedul Alam,Bangladesh Jamaat-e-Islami (Jamaat),92517
Bogura 1,Kazi Rafiqul Islam,Bangladesh Nationalist Party (BNP),171440
Bogura 1,Md. Shahabuddin,Bangladesh Jamaat-e-Islami (Jamaat),57959
Bogura 2,Mir Shahe Alam,Bangladesh Nationalist Party (BNP),145024
Bogura 2,Abul Azad Mohammad Shahaduzzaman,Bangladesh Jamaat-e-Islami (Jamaat),93548
Bogura 3,Md. Abdul Mohit Talukder,Bangladesh Nationalist Party (BNP),127406
Bogura 3,Noor Mohammad,Bangladesh Jamaat-e-Islami (Jamaat),111026
Bogura 4,Md. Mosharraf Hossain,Bangladesh Nationalist Party (BNP),155339
Bogura 4,Md. Mustafa Faisal,Bangladesh Jamaat-e-Islami (Jamaat),108978
Bogura 5,Ghulam Mohammad Siraj,Bangladesh Nationalist Party (BNP),248841
Bogura 5,Md Dabibur Rahman,Bangladesh Jamaat-e-Islami (Jamaat),143329
Bogura 6,Tariq Rahman,Bangladesh Nationalist Party (BNP),216284
Bogura 6,Md. Abidur Rahman,Bangladesh Jamaat-e-Islami (Jamaat),97626
Bogura 7,Morshed Milton,Bangladesh Nationalist Party (BNP),264212
Bogura 7,Md. Golam Rabbani,Bangladesh Jamaat-e-Islami (Jamaat),116665
Chapainawabganj 1,Md. Keramat Ali,Bangladesh Jamaat-e-Islami (Jamaat),206893
Chapainawabganj 1,Md. Shahjahan Mia,Bangladesh Nationalist Party (BNP),162515
Chapainawabganj 2,Md. Mizanur Rahman,Bangladesh Jamaat-e-Islami (Jamaat),171227
Chapainawabganj 2,Md. Aminul Islam,Bangladesh Nationalist Party (BNP),155119
Chapainawabganj 3,Md. Nurul Islam,Bangladesh Jamaat-e-Islami (Jamaat),189640
Chapainawabganj 3,Md. Harunur Rashid,Bangladesh Nationalist Party (BNP),127037
Naogaon 1,Md. Mostafizur Rahman,Bangladesh Nationalist Party (BNP),173864
Naogaon 1,Moha: Mahbubul Alam,Bangladesh Jamaat-e-Islami (Jamaat),153816
Naogaon 2,Md. Enamul Haque,Bangladesh Jamaat-e-Islami (Jamaat),141526
Naogaon 2,Md. Samsujjoha Khan,Bangladesh Nationalist Party (BNP),134533
Naogaon 3,Md. Fazle Huda,Bangladesh Nationalist Party (BNP),166889
Naogaon 3,Md. Mahfuzur Rahman,Bangladesh Jamaat-e-Islami (Jamaat),119421
Naogaon 4,Ikramul Bari Tipu,Bangladesh Nationalist Party (BNP),133924
Naogaon 4,Md. Abdur Rakib,Bangladesh Jamaat-e-Islami (Jamaat),97585
Naogaon 5,Md. Zahidul Islam Dhulu,Bangladesh Nationalist Party (BNP),129385
Naogaon 5,Abu Sadat Md. Sayem,Bangladesh Jamaat-e-Islami (Jamaat),104747
Naogaon 6,Sheikh Md. Rezaul Islam,Bangladesh Nationalist Party (BNP),108866
Naogaon 6,Md. Khabirul Islam,Bangladesh Jamaat-e-Islami (Jamaat),97629
Rajshahi 1,Md. Mujibur Rahman,Bangladesh Jamaat-e-Islami (Jamaat),171786
Rajshahi 1,Md. Sharif Uddin,Bangladesh Nationalist Party (BNP),169902
Rajshahi 2,Md. Mizanur Rahman Minu,Bangladesh Nationalist Party (BNP),128546
Rajshahi 2,Mohammad Jahangir,Bangladesh Jamaat-e-Islami (Jamaat),100370
Rajshahi 3,Mohammad Shafiqul Haque Milon,Bangladesh Nationalist Party (BNP),176318
Rajshahi 3,Md. Abul Kalam Azad,Bangladesh Jamaat-e-Islami (Jamaat),137927
Rajshahi 4,Md. Abdul Bari Sardar,Bangladesh Jamaat-e-Islami (Jamaat),115226
Rajshahi 4,"D, M, D Ziaur Rahman",Bangladesh Nationalist Party (BNP),109461
Rajshahi 5,Professor Nazrul Islam,Bangladesh Nationalist Party (BNP),153425
Rajshahi 5,Manzoor Rahman,Bangladesh Jamaat-e-Islami (Jamaat),73445
Rajshahi 6,Md. Abu Said Chand,Bangladesh Nationalist Party (BNP),148672
Rajshahi 6,Md. Nazmul Haque,Bangladesh Jamaat-e-Islami (Jamaat),92965
Natore 1,Farzana Sharmin,Bangladesh Nationalist Party (BNP),102726
Natore 1,Md. Abul Kalam Azad,Bangladesh Jamaat-e-Islami (Jamaat),90568
Natore 2,"M, Ruhul Quddus Talukdar Dulu",Bangladesh Nationalist Party (BNP),162841
Natore 2,Md Yunus Ali,Bangladesh Jamaat-e-Islami (Jamaat),130066
Natore 3,Md. Anwarul Islam,Bangladesh Nationalist Party (BNP),119768
Natore 3,Md Daudar Mahmud,Independent Candidate (Independent),66492
Natore 4,Md. Abdul Aziz,Bangladesh Nationalist Party (BNP),170551
Natore 4,Md. Abdul Hakim,Bangladesh Jamaat-e-Islami (Jamaat),135386
Sirajganj 1,Md. Salim Reza,Bangladesh Nationalist Party (BNP),116613
Sirajganj 1,Md. Shahinur Alam,Bangladesh Jamaat-e-Islami (Jamaat),108815
Sirajganj 2,Iqbal Hasan Mahmud,Bangladesh Nationalist Party (BNP),176638
Sirajganj 2,Muhammad Zahidul Islam,Bangladesh Jamaat-e-Islami (Jamaat),136595
Sirajganj 3,Md. Aynul Haque,Bangladesh Nationalist Party (BNP),174430
Sirajganj 3,Muha: Abdur Rauf Sarkar,Khelafat Majlis,116802
Sirajganj 4,Md. Rafiqul Islam Khan,Bangladesh Jamaat-e-Islami (Jamaat),161872
Sirajganj 4,"M, Akbar Ali",Bangladesh Nationalist Party (BNP),161278
Sirajganj 5,Md. Amirul Islam Khan,Bangladesh Nationalist Party (BNP),134197
Sirajganj 5,Md. Ali Alam,Bangladesh Jamaat-e-Islami (Jamaat),105188
Sirajganj 6,MA Muhit,Bangladesh Nationalist Party (BNP),171508
Sirajganj 6,SM Saif Mostafiz,National Citizen Party (NCP),103884
Pabna 1,Mohammad Najibur Rahman,Bangladesh Jamaat-e-Islami (Jamaat),129974
Pabna 1,Md. Shamsur Rahman,Bangladesh Nationalist Party (BNP),104245
Pabna 2,"A, K, M, Salim Reza Habib",Bangladesh Nationalist Party (BNP),215406
Pabna 2,Md. Hesab Uddin,Bangladesh Jamaat-e-Islami (Jamaat),77242
Pabna 3,Muhammad Ali Ashgar,Bangladesh Jamaat-e-Islami (Jamaat),147475
Pabna 3,Md Hasan Zafir Tuhin,Bangladesh Nationalist Party (BNP),144206
Pabna 4,Md. Abu Taleb Mandal,Bangladesh Jamaat-e-Islami (Jamaat),137675
Pabna 4,Md Habibur Rahman (Habib),Bangladesh Nationalist Party (BNP),133874
Pabna 5,Md. Shamchur Rahman Shimul Biswas,Bangladesh Nationalist Party (BNP),181925
Pabna 5,Md. Iqbal Hossain,Bangladesh Jamaat-e-Islami (Jamaat),164994
Meherpur 1,Md. Tajuddin Khan,Bangladesh Jamaat-e-Islami (Jamaat),123271
Meherpur 1,Masood Arun,Bangladesh Nationalist Party (BNP),105441
Meherpur 2,Md. Nazmul Huda,Bangladesh Jamaat-e-Islami (Jamaat),96306
Meherpur 2,Md. Amjad Hossain,Bangladesh Nationalist Party (BNP),85988
Kushtia 1,Reza Ahmed,Bangladesh Nationalist Party (BNP),165909
Kushtia 1,Md. Belal Uddin,Bangladesh Jamaat-e-Islami (Jamaat),86682
Kushtia 2,Md. Abdul Ghafoor,Bangladesh Jamaat-e-Islami (Jamaat),192083
Kushtia 2,Ragib Rauf Chowdhury,Bangladesh Nationalist Party (BNP),143821
Kushtia 3,Md. Amir Hamza,Bangladesh Jamaat-e-Islami (Jamaat),182476
Kushtia 3,Md. Zakir Hossain Sarkar,Bangladesh Nationalist Party (BNP),127559
Kushtia 4,Md. Afzal Hossain,Bangladesh Jamaat-e-Islami (Jamaat),148201
Kushtia 4,Syed Mehdi Ahmed Rumi,Bangladesh Nationalist Party (BNP),139603
Chuadanga 1,Md. Masood Parvez,Bangladesh Jamaat-e-Islami (Jamaat),211041
Chuadanga 1,Md. Sharifuzzaman,Bangladesh Nationalist Party (BNP),153193
Chuadanga 2,Md. Ruhul Amin,Bangladesh Jamaat-e-Islami (Jamaat),208011
Chuadanga 2,Mahmud Hasan Khan,Bangladesh Nationalist Party (BNP),163877
Jhenaidah 1,Md. Asaduzzaman,Bangladesh Nationalist Party (BNP),173381
Jhenaidah 1,Abu Saleh Md. Matiur Rahman,Bangladesh Jamaat-e-Islami (Jamaat),57055
Jhenaidah 2,Ali Azam Md. Abu Bakr,Bangladesh Jamaat-e-Islami (Jamaat),195702
Jhenaidah 2,Md. Abdul Majeed,Bangladesh Nationalist Party (BNP),175984
Jhenaidah 3,Md. Motiyar Rahman,Bangladesh Jamaat-e-Islami (Jamaat),175857
Jhenaidah 3,Mohammad Mehdi Hasan,Bangladesh Nationalist Party (BNP),149821
Jhenaidah 4,Md. Abu Talib,Bangladesh Jamaat-e-Islami (Jamaat),105999
Jhenaidah 4,Md. Saiful Islam Feroze,Independent Candidate (Independent),77104
Jashore 1,Muhammad Azizur Rahman.,Bangladesh Jamaat-e-Islami (Jamaat),119093
Jashore 1,Md Nuruzzaman Liton,Bangladesh Nationalist Party (BNP),93542
Jashore 2,Mohammad Moslehuddin Farid,Bangladesh Jamaat-e-Islami (Jamaat),180965
Jashore 2,Deleted: Sabira Sultana,Bangladesh Nationalist Party (BNP),146447
Jashore 3,Anindya Islam Amit,Bangladesh Nationalist Party (BNP),201339
Jashore 3,Md. Abdul Quader,Bangladesh Jamaat-e-Islami (Jamaat),187463
Jashore 4,Md. Gholam Rashul,Bangladesh Jamaat-e-Islami (Jamaat),176912
Jashore 4,মতিয়ার রহমান ফারাজী,Bangladesh Nationalist Party (BNP),131917
Jashore 5,Gazi Enamul Haque,Bangladesh Jamaat-e-Islami (Jamaat),132876
Jashore 5,Shahid Md. Iqbal Hossain,Independent Candidate (Independent),85045
Jashore 6,Md. Mokhtar Ali,Bangladesh Jamaat-e-Islami (Jamaat),92234
Jashore 6,Md. Abul Hossain Azad,Bangladesh Nationalist Party (BNP),80141
Magura 1,Md. Monowar Hossain,Bangladesh Nationalist Party (BNP),185338
Magura 1,Abdul Mateen,Bangladesh Jamaat-e-Islami (Jamaat),89691
Magura 2,Nitai Roy Chowdhury,Bangladesh Nationalist Party (BNP),147896
Magura 2,Md. Mushtarshed Billah,Bangladesh Jamaat-e-Islami (Jamaat),117018
Narail 1,Biswas Jahangir Alam,Bangladesh Nationalist Party (BNP),99975
Narail 1,Md. Obaidullah,Bangladesh Jamaat-e-Islami (Jamaat),75225
Narail 2,Md. Ataur Rahman,Bangladesh Jamaat-e-Islami (Jamaat),118142
Narail 2,Md. Monirul Islam,Independent Candidate (Independent),78457
Bagerhat 1,Md. Moshiur Rahman Khan,Bangladesh Jamaat-e-Islami (Jamaat),117527
Bagerhat 1,Kapil Krishna Mandal,Bangladesh Nationalist Party (BNP),114323
Bagerhat 2,Sheikh Manjurul Haque (Rahad),Bangladesh Jamaat-e-Islami (Jamaat),117709
Bagerhat 2,Sheikh Mohammad Zakir Hossain,Bangladesh Nationalist Party (BNP),66409
Bagerhat 3,Sheikh Faridul Islam,Bangladesh Nationalist Party (BNP),102661
Bagerhat 3,Mohammad Abdul Wadud Sheikh,Bangladesh Jamaat-e-Islami (Jamaat),83550
Bagerhat 4,Md. Abdul Alim,Bangladesh Jamaat-e-Islami (Jamaat),116067
Bagerhat 4,Som Nath De,Bangladesh Nationalist Party (BNP),98326
Khulna 1,Ameer Ejaz Khan,Bangladesh Nationalist Party (BNP),121352
Khulna 1,Krishna Nandi,Bangladesh Jamaat-e-Islami (Jamaat),70346
Khulna 2,Sheikh Jahangir Hussain Helal,Bangladesh Jamaat-e-Islami (Jamaat),93789
Khulna 2,Nazrul Islam Manju,Bangladesh Nationalist Party (BNP),88197
Khulna 3,Rakibul Islam,Bangladesh Nationalist Party (BNP),74845
Khulna 3,Mohammad Mahfuzur Rahman,Bangladesh Jamaat-e-Islami (Jamaat),66010
Khulna 4,SK Azizul Bari,Bangladesh Nationalist Party (BNP),123162
Khulna 4,SM Sakhawat Hossain,Khelafat Majlis,109530
Khulna 5,Mohammad Ali Asghar,Bangladesh Nationalist Party (BNP),148854
Khulna 5,Mia Golam Parwar,Bangladesh Jamaat-e-Islami (Jamaat),146246
Khulna 6,Md. Abul Kalam Azad,Bangladesh Jamaat-e-Islami (Jamaat),150724
Khulna 6,SM Monirul Hasan (Bappi),Bangladesh Nationalist Party (BNP),124710
Satkhira 1,Md. Izzatullah,Bangladesh Jamaat-e-Islami (Jamaat),193772
Satkhira 1,Md. Habibul Islam Habib,Bangladesh Nationalist Party (BNP),169995
Satkhira 2,Muhammad Abdul Khaliq,Bangladesh Jamaat-e-Islami (Jamaat),266959
Satkhira 2,Md Abdur Rauf,Bangladesh Nationalist Party (BNP),116293
Satkhira 3,Hafez Muha: Rabiul Bashar,Bangladesh Jamaat-e-Islami (Jamaat),184233
Satkhira 3,Md. Shahidul Alam,Independent Candidate (Independent),105379
Satkhira 4,"G, M, Nazrul Islam",Bangladesh Jamaat-e-Islami (Jamaat),106913
Satkhira 4,Md. Moniruzzaman,Bangladesh Nationalist Party (BNP),85426
Barguna 1,Md. Ali Ullah,Islami Andolan Bangladesh (IAB),140291
Barguna 1,Md. Nazrul Islam Mollah,Bangladesh Nationalist Party (BNP),136145
Barguna 2,Md. Nurul Islam,Bangladesh Nationalist Party (BNP),90643
Barguna 2,Dr. Sultan Ahmad,Bangladesh Jamaat-e-Islami (Jamaat),85247
Patuakhali 1,Altaf Hossain Chowdhury,Bangladesh Nationalist Party (BNP),152087
Patuakhali 1,Md Feroze Alam,Islami Andolan Bangladesh (IAB),58161
Patuakhali 2,Md. Shafiqul Islam,Bangladesh Jamaat-e-Islami (Jamaat),100750
Patuakhali 2,Md. Sahidul Alam Talukder,Bangladesh Nationalist Party (BNP),72676
Patuakhali 3,Md. Nurul Haque,Gono Odhikar Parishad (GOP),97323
Patuakhali 3,Md Hasan Mamun,Independent Candidate (Independent),81361
Patuakhali 4,ABM Mosharraf Hossain,Bangladesh Nationalist Party (BNP),124013
Patuakhali 4,Mostafizur Rahman,Islami Andolan Bangladesh (IAB),70127
Bhola 1,Andaliv Rahman,Bangladesh Jatiya Party (BJP),105543
Bhola 1,Md. Nazrul Islam,Bangladesh Jamaat-e-Islami (Jamaat),75337
Bhola 2,Md. Hafiz Ibrahim,Bangladesh Nationalist Party (BNP),119085
Bhola 2,Mohammad Fazlul Karim,Bangladesh Jamaat-e-Islami (Jamaat),93703
Bhola 3,Hafiz Uddin Ahmad Bir Bikram,Bangladesh Nationalist Party (BNP),145990
Bhola 3,Muha: Nizamul Haque,Bangladesh Development Party (BDP),57351
Bhola 4,Mohammad Nurul Islam,Bangladesh Nationalist Party (BNP),189351
Bhola 4,Mohammad Mustafa Kamal,Bangladesh Jamaat-e-Islami (Jamaat),81437
Barishal 1,Zahir Uddin Swapan,Bangladesh Nationalist Party (BNP),100522
Barishal 1,Md. Kamrul Islam Khan,Bangladesh Jamaat-e-Islami (Jamaat),46263
Barishal 2,Sardar Sarfuddin Ahmed,Bangladesh Nationalist Party (BNP),141622
Barishal 2,Abdul Mannan,Bangladesh Jamaat-e-Islami (Jamaat),74082
Barishal 3,Zainul Abedin,Bangladesh Nationalist Party (BNP),80930
Barishal 3,Mohammad Asaduzzaman Bhuiyan,Amar Bangladesh Party (AB),61192
Barishal 4,Md. Rajib Ahsan,Bangladesh Nationalist Party (BNP),128322
Barishal 4,Mohammad Abdul Jabbar,Bangladesh Jamaat-e-Islami (Jamaat),74684
Barishal 5,Md. Mujibur Rahman Sarwar,Bangladesh Nationalist Party (BNP),135146
Barishal 5,Mufti Syed Md. Faizul Karim,Islami Andolan Bangladesh (IAB),95044
Barishal 6,Abul Hossain Khan,Bangladesh Nationalist Party (BNP),82217
Barishal 6,Md. Mahmudunnabi,Bangladesh Jamaat-e-Islami (Jamaat),55988
Jhalokathi 1,Rafiqul Islam Jamal,Bangladesh Nationalist Party (BNP),62010
Jhalokathi 1,Faizul Haque,Bangladesh Jamaat-e-Islami (Jamaat),55120
Jhalokathi 2,Israt Sultana Ilein Bhutto,Bangladesh Nationalist Party (BNP),113419
Jhalokathi 2,SM Neyamul Karim,Bangladesh Jamaat-e-Islami (Jamaat),70556
Pirojpur 1,Masood Saidi,Bangladesh Jamaat-e-Islami (Jamaat),132659
Pirojpur 1,Alamgir Hossain,Bangladesh Nationalist Party (BNP),107105
Pirojpur 2,Ahmad Sohail Manzoor,Bangladesh Nationalist Party (BNP),105185
Pirojpur 2,Shamim Saidi,Bangladesh Jamaat-e-Islami (Jamaat),96897
Pirojpur 3,Md. Ruhul Amin Dulal,Bangladesh Nationalist Party (BNP),63791
Pirojpur 3,Md. Shamim Hamidi,National Citizen Party (NCP),36616
Tangail 1,Fakir Mahbub Anam,Bangladesh Nationalist Party (BNP),153932
Tangail 1,Muhammad Abdullah Kafi,Bangladesh Jamaat-e-Islami (Jamaat),94462
Tangail 2,Md. Abdus Salam Pintu,Bangladesh Nationalist Party (BNP),198213
Tangail 2,Md. Humayun Kabir,Bangladesh Jamaat-e-Islami (Jamaat),60871
Tangail 3,Md. Lutfar Rahman Khan Azad,Independent Candidate (Independent),107901
Tangail 3,SM Obaidul Haque,Bangladesh Nationalist Party (BNP),82769
Tangail 4,Md. Lutfar Rahman,Bangladesh Nationalist Party (BNP),105342
Tangail 4,Abdul Latif Siddiqui,Independent Candidate (Independent),62509
Tangail 5,Sultan Saladin Tuku,Bangladesh Nationalist Party (BNP),131279
Tangail 5,Ahsan Habib,Bangladesh Jamaat-e-Islami (Jamaat),80283
Tangail 6,Md Rabiul Awal,Bangladesh Nationalist Party (BNP),150952
Tangail 6,"AK, M Abdul Hamid",Bangladesh Jamaat-e-Islami (Jamaat),91914
Tangail 7,Abul Kalam Azad Siddiqui,Bangladesh Nationalist Party (BNP),141253
Tangail 7,Mohammad Abdullah ibn Abul Hossain,Bangladesh Jamaat-e-Islami (Jamaat),71040
Tangail 8,Ahmed Azam Khan,Bangladesh Nationalist Party (BNP),114217
Tangail 8,Salahuddin Alamgir,Independent Candidate (Independent),77130
Jamalpur 1,M Rashiduzzaman Millat,Bangladesh Nationalist Party (BNP),173656
Jamalpur 1,Muhammad Nazmul Haque Saeedee,Bangladesh Jamaat-e-Islami (Jamaat),97820
Jamalpur 2,"A, E, Sultan Mahmud Babu",Bangladesh Nationalist Party (BNP),95860
Jamalpur 2,Md. Shamiul Haque,Bangladesh Jamaat-e-Islami (Jamaat),62434
Jamalpur 3,Md. Mostafizur Rahman Babul,Bangladesh Nationalist Party (BNP),207412
Jamalpur 3,Md. Mujibur Rahman Azadi,Bangladesh Jamaat-e-Islami (Jamaat),81430
Jamalpur 4,Md. Faridul Kabir Talukder,Bangladesh Nationalist Party (BNP),147406
Jamalpur 4,Mohammad Abdul Awal,Bangladesh Jamaat-e-Islami (Jamaat),44947
Jamalpur 5,Shah Md Waresh Ali Mamun,Bangladesh Nationalist Party (BNP),199344
Jamalpur 5,Muhammad Abdus Sattar,Bangladesh Jamaat-e-Islami (Jamaat),113201
Sherpur 1,Md. Rashedul Islam Rashed,Bangladesh Jamaat-e-Islami (Jamaat),127811
Sherpur 1,Sansila Zebrin,Bangladesh Nationalist Party (BNP),78342
Sherpur 2,Mohammad Fahim Chowdhury,Bangladesh Nationalist Party (BNP),118472
Sherpur 2,Md Golam Kibria,Bangladesh Jamaat-e-Islami (Jamaat),108335
Sherpur 3,Md. Mahmudul Haque Rubel,Bangladesh Nationalist Party (BNP),0
Sherpur 3,Mohammad Nuruzzaman,Bangladesh Jamaat-e-Islami (Jamaat),0
Mymensingh 1,Mohammed Salman Omar,Independent Candidate (Independent),108265
Mymensingh 1,Syed Imran Saleh,Bangladesh Nationalist Party (BNP),101926
Mymensingh 2,Muhammadullah,Khelafat Majlis,146202
Mymensingh 2,Motahar Hossain Talukder,Bangladesh Nationalist Party (BNP),118438
Mymensingh 3,M Iqbal Hossain,Bangladesh Nationalist Party (BNP),75320
Mymensingh 3,Ahmad Taibur Rahman,Independent Candidate (Independent),65995
Mymensingh 4,Md. Abu Wahab Akand Wahid,Bangladesh Nationalist Party (BNP),179668
Mymensingh 4,Mohammad Kamrul Ahsan,Bangladesh Jamaat-e-Islami (Jamaat),171880
Mymensingh 5,Mohammad Zakir Hossain,Bangladesh Nationalist Party (BNP),128896
Mymensingh 5,Md. Matiur Rahman Akand,Bangladesh Jamaat-e-Islami (Jamaat),102228
Mymensingh 6,Md. Kamrul Hasan,Bangladesh Jamaat-e-Islami (Jamaat),77325
Mymensingh 6,Akhtar Sultana,Unique - Akhtar Sultana,53331
Mymensingh 7,Dr. Md. Mahabubur Rahman,Bangladesh Nationalist Party (BNP),99049
Mymensingh 7,Md. Achaduzzaman,Bangladesh Jamaat-e-Islami (Jamaat),84851
Mymensingh 8,Lutfullahel Majed,Bangladesh Nationalist Party (BNP),108685
Mymensingh 8,Md. Aurangzeb Belal,Bangladesh Liberal Democratic Party (LDP),46515
Mymensingh 9,Yasser Khan Chowdhury,Bangladesh Nationalist Party (BNP),85761
Mymensingh 9,AKM Anwarul Islam,Bangladesh Development Party (BDP),71168
Mymensingh 10,Mohammad Aktaruzzaman,Bangladesh Nationalist Party (BNP),75585
Mymensingh 10,Abu Bakr Siddiqur Rahman,Independent Candidate (Independent),67013
Mymensingh 11,Fakhruddin Ahmed,Bangladesh Nationalist Party (BNP),111230
Mymensingh 11,Muhammad Morshed Alam,Independent Candidate (Independent),66016
Netrakona 1,Barrister Kaiser Kamal,Bangladesh Nationalist Party (BNP),158343
Netrakona 1,Golam Rabbani,Khelafat Majlis,87488
Netrakona 2,Md. Anwarul Haque,Bangladesh Nationalist Party (BNP),171399
Netrakona 2,Md. Fahim Rahman Khan Pathan,National Citizen Party (NCP),67367
Netrakona 3,Rafiqul Islam Hilali,Bangladesh Nationalist Party (BNP),118469
Netrakona 3,Md Delwar Hossain Bhuya,Independent Candidate (Independent),68961
Netrakona 4,Md. Lutfuzzaman Babar,Bangladesh Nationalist Party (BNP),160801
Netrakona 4,Md. Al-Helal,Bangladesh Jamaat-e-Islami (Jamaat),39840
Netrakona 5,Machum Mustafa,Bangladesh Jamaat-e-Islami (Jamaat),82177
Netrakona 5,Md. Abu Taher Talukdar,Bangladesh Nationalist Party (BNP),79412
Kishoreganj 1,Mazharul Islam,Bangladesh Nationalist Party (BNP),124035
Kishoreganj 1,Hedayatullah Hadi,Khelafat Majlis,101132
Kishoreganj 2,Advocate Md. Jalal Uddin,Bangladesh Nationalist Party (BNP),143669
Kishoreganj 2,Md. Shafiqul Islam,Bangladesh Jamaat-e-Islami (Jamaat),120975
Kishoreganj 3,Dr. Muhammad Osman Farooq,Bangladesh Nationalist Party (BNP),112466
Kishoreganj 3,Jehad Khan,Bangladesh Jamaat-e-Islami (Jamaat),102476
Kishoreganj 4,Md. Fazlur Rahman,Bangladesh Nationalist Party (BNP),132472
Kishoreganj 4,Md. Rokan Reza Sheikh,Bangladesh Jamaat-e-Islami (Jamaat),57829
Kishoreganj 5,Sheikh Mujibur Rahman Iqbal,Independent Candidate (Independent),79604
Kishoreganj 5,Syed Ehsanul Huda,Bangladesh Nationalist Party (BNP),66450
Kishoreganj 6,Md. Shariful Alam,Bangladesh Nationalist Party (BNP),187159
Kishoreganj 6,Mohammad Mucha Khan,Islami Andolan Bangladesh (IAB),2411
Manikganj 1,SA Jinnah Kabir,Bangladesh Nationalist Party (BNP),137773
Manikganj 1,Md. Tozammel Haque,Independent Candidate (Independent),77818
Manikganj 2,Moinul Islam Khan,Bangladesh Nationalist Party (BNP),175776
Manikganj 2,Md. Salah Uddin,Khelafat Majlis,81531
Manikganj 3,Afroza Khanam,Bangladesh Nationalist Party (BNP),167345
Manikganj 3,Muhammad Said Noor,Khelafat Majlis,64242
Munshiganj 1,Md. Abdullah,Bangladesh Nationalist Party (BNP),167562
Munshiganj 1,AKM Fakhruddin agreed,Bangladesh Jamaat-e-Islami (Jamaat),101568
Munshiganj 2,Abdus Salam Azad,Bangladesh Nationalist Party (BNP),121154
Munshiganj 2,Majedul Islam,National Citizen Party (NCP),58573
Munshiganj 3,Md. Kamruzzaman,Bangladesh Nationalist Party (BNP),124691
Munshiganj 3,Mohiuddin,Independent Candidate (Independent),88936
Dhaka 1,Khondkar Abu Ashfaq,Bangladesh Nationalist Party (BNP),173781
Dhaka 1,Mohammad Nazrul Islam,Bangladesh Jamaat-e-Islami (Jamaat),112622
Dhaka 2,Md. Amanullah Aman,Bangladesh Nationalist Party (BNP),163793
Dhaka 2,Md. Abdul Haque,Bangladesh Jamaat-e-Islami (Jamaat),80053
Dhaka 3,Gayeshwar Chandra Roy,Bangladesh Nationalist Party (BNP),99163
Dhaka 3,Md. Shahinur Islam,Bangladesh Jamaat-e-Islami (Jamaat),83264
Dhaka 4,Syed Zainul Abedin,Bangladesh Jamaat-e-Islami (Jamaat),77367
Dhaka 4,Tanveer Ahmed,Bangladesh Nationalist Party (BNP),74447
Dhaka 5,Mohammad Kamal Hossain,Bangladesh Jamaat-e-Islami (Jamaat),96641
Dhaka 5,Md Nabi Ulla,Bangladesh Nationalist Party (BNP),87491
Dhaka 6,Ishraq Hossain,Bangladesh Nationalist Party (BNP),78850
Dhaka 6,Md. Abdul Mannan,Bangladesh Jamaat-e-Islami (Jamaat),55697
Dhaka 7,Hamidur Rahman,Bangladesh Nationalist Party (BNP),104666
Dhaka 7,Md. Enayat Ulla,Bangladesh Jamaat-e-Islami (Jamaat),98483
Dhaka 8,Mirza Abbas Uddin Ahmed,Bangladesh Nationalist Party (BNP),59366
Dhaka 8,Muhammad Nasiruddin Patwari,National Citizen Party (NCP),54127
Dhaka 9,Habibur Rashid,Bangladesh Nationalist Party (BNP),111212
Dhaka 9,Mohammad Javed Mia,National Citizen Party (NCP),53460
Dhaka 10,Sheikh Rabiul Alam,Bangladesh Nationalist Party (BNP),80436
Dhaka 10,Md. Jasim Uddin Sarkar,Bangladesh Jamaat-e-Islami (Jamaat),77136
Dhaka 11,Md. Nahid Islam,National Citizen Party (NCP),93872
Dhaka 11,"M, A, Qayyum",Bangladesh Nationalist Party (BNP),91833
Dhaka 12,Md. Saiful Alam,Bangladesh Jamaat-e-Islami (Jamaat),53773
Dhaka 12,Saiful Haque,Revolutionary Workers Party of Bangladesh (RWPB),30963
Dhaka 13,Bobby Hajjaz,Bangladesh Nationalist Party (BNP),88387
Dhaka 13,Md. Mamunul Haque,Khelafat Majlis,86067
Dhaka 14,Mir Ahmad Binkasem,Bangladesh Jamaat-e-Islami (Jamaat),101113
Dhaka 14,Sanjida Islam,Bangladesh Nationalist Party (BNP),83323
Dhaka 15,Md. Shafiqur Rahman,Bangladesh Jamaat-e-Islami (Jamaat),85131
Dhaka 15,Md. Shafiqul Islam Khan,Bangladesh Nationalist Party (BNP),63513
Dhaka 16,Md. Abdul Baten,Bangladesh Jamaat-e-Islami (Jamaat),88828
Dhaka 16,Md. Aminul Haque,Bangladesh Nationalist Party (BNP),85467
Dhaka 17,Tariq Rahman,Bangladesh Nationalist Party (BNP),72699
Dhaka 17,S. M. Khaliduzzaman,Bangladesh Jamaat-e-Islami (Jamaat),68300
Dhaka 18,"S, M, Jahangir Hossain",Bangladesh Nationalist Party (BNP),144715
Dhaka 18,Ariful Islam,National Citizen Party (NCP),111297
Dhaka 19,Dewan Mohammad Salauddin,Bangladesh Nationalist Party (BNP),190976
Dhaka 19,Dilshana Parul,National Citizen Party (NCP),123283
Dhaka 20,Md. Tamiz Uddin,Bangladesh Nationalist Party (BNP),162504
Dhaka 20,Nabila Tasnid,National Citizen Party (NCP),57787
Gazipur 1,Md. Mojibur Rahman,Bangladesh Nationalist Party (BNP),208688
Gazipur 1,Md. Shah Alam Bakshi,Bangladesh Jamaat-e-Islami (Jamaat),149553
Gazipur 2,M. Manjurul Karim Roni,Bangladesh Nationalist Party (BNP),188606
Gazipur 2,Ali Nacher Khan,National Citizen Party (NCP),140950
Gazipur 3,"SM, Rafiqul Islam",Bangladesh Nationalist Party (BNP),162343
Gazipur 3,Muhammad Ehsanul Haque,Khelafat Majlis,100539
Gazipur 4,Salah Uddin,Bangladesh Jamaat-e-Islami (Jamaat),101779
Gazipur 4,Shah Riazul Hannan,Bangladesh Nationalist Party (BNP),90390
Gazipur 5,"A, K, M, Fazlul Haque Milon",Bangladesh Nationalist Party (BNP),133869
Gazipur 5,Md. Khairul Hasan,Bangladesh Jamaat-e-Islami (Jamaat),78123
Narsingdi 1,Khairul Kabir Khokon,Bangladesh Nationalist Party (BNP),161405
Narsingdi 1,Md. Ibrahim Bhuya,Bangladesh Jamaat-e-Islami (Jamaat),95349
Narsingdi 2,Dr. Abdul Moin Khan,Bangladesh Nationalist Party (BNP),92739
Narsingdi 2,Md. Amjad Hossain,Bangladesh Jamaat-e-Islami (Jamaat),55920
Narsingdi 3,Manzoor Elahi,Bangladesh Nationalist Party (BNP),82061
Narsingdi 3,Md. Arif-ul-Islam Mridha,Independent Candidate (Independent),45682
Narsingdi 4,Sardar Md Sakhawat Hossain,Bangladesh Nationalist Party (BNP),163392
Narsingdi 4,Md. Jahangir Alam,Bangladesh Jamaat-e-Islami (Jamaat),78744
Narsingdi 5,Md. Ashraf Uddin,Bangladesh Nationalist Party (BNP),137690
Narsingdi 5,Tajul Islam,Khelafat Majlis,44981
Narayanganj 1,Mustafizur Rahman Bhuiyan,Bangladesh Nationalist Party (BNP),158358
Narayanganj 1,Md. Anwar Hossain Molla,Bangladesh Jamaat-e-Islami (Jamaat),91690
Narayanganj 2,Md. Nazrul Islam Azad,Bangladesh Nationalist Party (BNP),124291
Narayanganj 2,Md Ilyach Molla,Bangladesh Jamaat-e-Islami (Jamaat),81054
Narayanganj 3,Azharul Islam Mannan,Bangladesh Nationalist Party (BNP),155400
Narayanganj 3,Md. Iqbal Hossain Bhuiyan,Bangladesh Jamaat-e-Islami (Jamaat),134918
Narayanganj 4,Abdullah Al Amin,National Citizen Party (NCP),106171
Narayanganj 4,Monir Hossain,Jamiat Ulema-e-Islam Bangladesh (JUIB),80619
Narayanganj 5,Abul Kalam,Bangladesh Nationalist Party (BNP),114799
Narayanganj 5,ABM Sirajul Mamun,Khelafat Majlis,101196
Rajbari 1,Ali Newaz Mahmud Khayyam,Bangladesh Nationalist Party (BNP),154541
Rajbari 1,Md. Nurul Islam,Bangladesh Jamaat-e-Islami (Jamaat),101092
Rajbari 2,Md. Haroon-or-Rashid,Bangladesh Nationalist Party (BNP),237254
Rajbari 2,Jamil Hijazi,National Citizen Party (NCP),67299
Faridpur 1,Md. Elias Molla,Bangladesh Jamaat-e-Islami (Jamaat),154145
Faridpur 1,Khandokar Nasirul Islam,Bangladesh Nationalist Party (BNP),126476
Faridpur 2,Shama Obaid Islam,Bangladesh Nationalist Party (BNP),121694
Faridpur 2,Md. Akram Ali,Khelafat Majlis,89305
Faridpur 3,Nayab Yusuf Ahmed,Bangladesh Nationalist Party (BNP),148545
Faridpur 3,Md. Abdut Tawab,Bangladesh Jamaat-e-Islami (Jamaat),124115
Faridpur 4,Md. Shahidul Islam,Bangladesh Nationalist Party (BNP),127443
Faridpur 4,Md. Sarwar Hossain,Bangladesh Jamaat-e-Islami (Jamaat),75805
Gopalganj 1,Md. Selimuzzaman Molya,Bangladesh Nationalist Party (BNP),69462
Gopalganj 1,Md. Kabir Miya,Gono Odhikar Parishad (GOP),54329
Gopalganj 2,KM Babar,Bangladesh Nationalist Party (BNP),40048
Gopalganj 2,"M, H Khan Manju",Independent Candidate (Independent),33039
Gopalganj 3,"S, M, Jilani",Bangladesh Nationalist Party (BNP),60991
Gopalganj 3,গোবিন্দ চন্দ্র প্রামাণিক,Unique - Govinda Chandra Pramanik,34339
Madaripur 1,Syed Uddin Ahmad Hanzala,Khelafat Majlis,64909
Madaripur 1,Nadira Akhter,Bangladesh Nationalist Party (BNP),64524
Madaripur 2,Md. Jahandar Ali Mia,Bangladesh Nationalist Party (BNP),61744
Madaripur 2,Milton baiddo,Independent Candidate (Independent),46476
Madaripur 3,Anishur Rahman,Bangladesh Nationalist Party (BNP),96188
Madaripur 3,Md. Rafiqul Islam,Bangladesh Jamaat-e-Islami (Jamaat),84646
Shariatpur 1,Saeed Ahmed,Bangladesh Nationalist Party (BNP),77398
Shariatpur 1,Jalaluddin Ahmad,Khelafat Majlis,62717
Shariatpur 2,Md. Safiqur Rahman (Kiran),Bangladesh Nationalist Party (BNP),129814
Shariatpur 2,Mahmud Hossain,Bangladesh Jamaat-e-Islami (Jamaat),70892
Shariatpur 3,Mia Nuruddin Ahmed Apu,Bangladesh Nationalist Party (BNP),107516
Shariatpur 3,Muhammad Azharul Islam,Bangladesh Jamaat-e-Islami (Jamaat),69684
Sunamganj 1,Kamruzzaman Kamrul,Bangladesh Nationalist Party (BNP),161774
Sunamganj 1,Tofail Ahmed,Bangladesh Jamaat-e-Islami (Jamaat),92966
Sunamganj 2,Md. Nashir Chowdhury,Bangladesh Nationalist Party (BNP),99522
Sunamganj 2,Mohammad Shishir Monir,Bangladesh Jamaat-e-Islami (Jamaat),63220
Sunamganj 3,Mohammad Kaishar Ahmed,Bangladesh Nationalist Party (BNP),97313
Sunamganj 3,Hussain Ahmed,Independent Candidate (Independent),42226
Sunamganj 4,Nurul Islam,Bangladesh Nationalist Party (BNP),98092
Sunamganj 4,Md. Samach Uddin,Bangladesh Jamaat-e-Islami (Jamaat),75735
Sunamganj 5,Kalim Uddin Ahmed,Bangladesh Nationalist Party (BNP),151915
Sunamganj 5,Abu Tahir Muhammad Abdus Salam,Bangladesh Jamaat-e-Islami (Jamaat),102121
Sylhet 1,Khandaker Abdul Muktadir,Bangladesh Nationalist Party (BNP),173932
Sylhet 1,Maulana Habibur Rahman,Bangladesh Jamaat-e-Islami (Jamaat),134983
Sylhet 2,Deleted by Tahsina Rushdie,Bangladesh Nationalist Party (BNP),117956
Sylhet 2,Muhammad Muntashir Ali,Khelafat Majlis,38635
Sylhet 3,Mohammad Abdul Malik,Bangladesh Nationalist Party (BNP),115450
Sylhet 3,Musleh Uddin Raju,Khelafat Majlis,73614
Sylhet 4,Ariful Haque Chowdhury,Bangladesh Nationalist Party (BNP),186846
Sylhet 4,Md Zainal Abedin,Bangladesh Jamaat-e-Islami (Jamaat),71391
Sylhet 5,Mohammad Abul Hasan,Khelafat Majlis,79355
Sylhet 5,Ubaidullah Farooq,Jamiat Ulema-e-Islam Bangladesh (JUIB),69774
Sylhet 6,Emran Ahmed Chowdhury,Bangladesh Nationalist Party (BNP),109917
Sylhet 6,Mohammad Salim Uddin,Bangladesh Jamaat-e-Islami (Jamaat),101569
Moulvibazar 1,Nasir Uddin Ahmed,Bangladesh Nationalist Party (BNP),98282
Moulvibazar 1,Mohammad Aminul Islam,Bangladesh Jamaat-e-Islami (Jamaat),83013
Moulvibazar 2,Md Shawkatul Islam,Bangladesh Nationalist Party (BNP),88381
Moulvibazar 2,Md. Syed Ali,Bangladesh Jamaat-e-Islami (Jamaat),53458
Moulvibazar 3,Nasser Rahman,Bangladesh Nationalist Party (BNP),156757
Moulvibazar 3,Md. Abdul Mannan,Bangladesh Jamaat-e-Islami (Jamaat),77636
Moulvibazar 4,Md. Mujibur Rahman Chowdhury,Bangladesh Nationalist Party (BNP),169608
Moulvibazar 4,Sheikh Nur Alam Hamidi,Khelafat Majlis,49189
Habiganj 1,Reza Kibria,Bangladesh Nationalist Party (BNP),111999
Habiganj 1,Maulana Sirajul Islam,Khelafat Majlis,56132
Habiganj 2,Abu Mansoor Sakhawat Hasan,Bangladesh Nationalist Party (BNP),126583
Habiganj 2,Abdul Bachit Azad,Khelafat Majlis,65762
Habiganj 3,Alhaj Md. G. K. Gouch,Bangladesh Nationalist Party (BNP),142348
Habiganj 3,Qazi Mohsin Ahmad,Bangladesh Jamaat-e-Islami (Jamaat),45568
Habiganj 4,"S, M, Faisal",Bangladesh Nationalist Party (BNP),188072
Habiganj 4,Md Ghiyas Uddin,Bangladesh Islami Front (BIF),84323
Brahmanbaria 1,"M, A, Hannan",Bangladesh Nationalist Party (BNP),68092
Brahmanbaria 1,"A, K, M, Aminul Islam",Bangladesh Jamaat-e-Islami (Jamaat),35220
Brahmanbaria 2,Rumin Farhana,Independent Candidate (Independent),118547
Brahmanbaria 2,Mohammad Junaid Al Habib,Jamiat Ulema-e-Islam Bangladesh (JUIB),80434
Brahmanbaria 3,Md. Khaled Hossain Mahbub,Bangladesh Nationalist Party (BNP),209636
Brahmanbaria 3,Ataullah,National Citizen Party (NCP),62547
Brahmanbaria 4,Mushfiqur Rahman,Bangladesh Nationalist Party (BNP),139842
Brahmanbaria 4,Md. Ataur Rahman Sarkar,Bangladesh Jamaat-e-Islami (Jamaat),91796
Brahmanbaria 5,Md. Abdul Mannan,Bangladesh Nationalist Party (BNP),85769
Brahmanbaria 5,Kazi Nazmul Hossain,Independent Candidate (Independent),84708
Brahmanbaria 6,Md. Jonaid Abdur Rahim Saki,Ganosanhati Andolan (GSA),95342
Brahmanbaria 6,Md. Mohsin,Bangladesh Jamaat-e-Islami (Jamaat),39976
Cumilla 1,Dr. Khandkar Mosharraf Hossain,Bangladesh Nationalist Party (BNP),141440
Cumilla 1,Md. Moniruzzaman,Bangladesh Jamaat-e-Islami (Jamaat),94845
Cumilla 2,Md. Salim Bhuiyan,Bangladesh Nationalist Party (BNP),77037
Cumilla 2,Md. Abdul Matin,Independent Candidate (Independent),63045
Cumilla 3,Qazi Shah Mofazzal Hossain (Kaikobad),Bangladesh Nationalist Party (BNP),159291
Cumilla 3,Md Yusuf Sohail,Bangladesh Jamaat-e-Islami (Jamaat),109599
Cumilla 4,Md. Abul Hasnat,National Citizen Party (NCP),166583
Cumilla 4,Md. Jasim Uddin,Gono Odhikar Parishad (GOP),49885
Cumilla 5,Md. Jasim Uddin,Bangladesh Nationalist Party (BNP),134485
Cumilla 5,Mubarak Hossain,Bangladesh Jamaat-e-Islami (Jamaat),124587
Cumilla 6,Md. Monirul Haque Chowdhury,Bangladesh Nationalist Party (BNP),201706
Cumilla 6,Qazi Deen Mohammad,Bangladesh Jamaat-e-Islami (Jamaat),119851
Cumilla 7,Atiqul Alam,Independent Candidate (Independent),91690
Cumilla 7,Redwan Ahmed,Bangladesh Nationalist Party (BNP),48509
Cumilla 8,Zakaria Taher,Bangladesh Nationalist Party (BNP),169178
Cumilla 8,Md. Shafiqul Alam Helal,Bangladesh Jamaat-e-Islami (Jamaat),45091
Cumilla 9,Md. Abul Kalam,Bangladesh Nationalist Party (BNP),170008
Cumilla 9,Chayed AKM Sarwar Uddin Siddiqui,Bangladesh Jamaat-e-Islami (Jamaat),118961
Cumilla 10,Md. Mobashwer Alam Bhuiya,Bangladesh Nationalist Party (BNP),163667
Cumilla 10,মুহাম্মদ ইয়াছিন আরাফাত,Bangladesh Jamaat-e-Islami (Jamaat),123733
Cumilla 11,Syed Abdullah Mohammad Taher,Bangladesh Jamaat-e-Islami (Jamaat),133308
Cumilla 11,Md. Kamrul Huda,Bangladesh Nationalist Party (BNP),76638
Chandpur 1,A n m Ehsanul Haque Milon,Bangladesh Nationalist Party (BNP),133032
Chandpur 1,Abu Nashar Mohammad Maqbool Ahmad,Bangladesh Jamaat-e-Islami (Jamaat),70368
Chandpur 2,Md. Jalal Uddin,Bangladesh Nationalist Party (BNP),172506
Chandpur 2,Md. Billal Hossain,Bangladesh Liberal Democratic Party (LDP),57473
Chandpur 3,Sheikh Farid Ahmed,Bangladesh Nationalist Party (BNP),165404
Chandpur 3,Md. Shahjahan Mia,Bangladesh Jamaat-e-Islami (Jamaat),100865
Chandpur 4,Md. Abdul Hannan,Independent Candidate (Independent),74175
Chandpur 4,Md. Harunur Rashid,Bangladesh Nationalist Party (BNP),69155
Chandpur 5,Md. Mominul Haque,Bangladesh Nationalist Party (BNP),185404
Chandpur 5,Md. Neyamul Bashir,Bangladesh Liberal Democratic Party (LDP),75660
Feni 1,Munshi Rafiqul Alam,Bangladesh Nationalist Party (BNP),119904
Feni 1,SM Kamaluddin,Bangladesh Jamaat-e-Islami (Jamaat),85615
Feni 2,Zainal Abdin,Bangladesh Nationalist Party (BNP),131210
Feni 2,Mohammad Mojibur Rahman Bhunya,Amar Bangladesh Party (AB),80058
Feni 3,Abdul Awal Mintu,Bangladesh Nationalist Party (BNP),157425
Feni 3,Mohammad Fakhruddin,Bangladesh Jamaat-e-Islami (Jamaat),108160
Noakhali 1,AM Mahbub Uddin,Bangladesh Nationalist Party (BNP),126833
Noakhali 1,Md. Chaif ​​Ulyah,Bangladesh Jamaat-e-Islami (Jamaat),98036
Noakhali 2,Zainul Abdin Farooq,Bangladesh Nationalist Party (BNP),83982
Noakhali 2,Sultan Muhammad Zakaria Majumdar,National Citizen Party (NCP),67054
Noakhali 3,Md. Barkat Ullah Bulu,Bangladesh Nationalist Party (BNP),141031
Noakhali 3,Md. Borhan Uddin,Bangladesh Jamaat-e-Islami (Jamaat),123941
Noakhali 4,Md. Shahjahan,Bangladesh Nationalist Party (BNP),219182
Noakhali 4,Md. Ishaq Khandkar,Bangladesh Jamaat-e-Islami (Jamaat),148989
Noakhali 5,Mohammad Fakhrul Islam,Bangladesh Nationalist Party (BNP),147808
Noakhali 5,Mohammad Belayet Hossain,Bangladesh Jamaat-e-Islami (Jamaat),120453
Noakhali 6,Abdul Hannan Masood,National Citizen Party (NCP),91899
Noakhali 6,Mohammad Mahbuber Rahman,Bangladesh Nationalist Party (BNP),64021
Lakshmipur 1,Md. Shahadat Hossain,Bangladesh Nationalist Party (BNP),86811
Lakshmipur 1,Md. Mahbub Alam,National Citizen Party (NCP),59265
Lakshmipur 2,Md. Abul Khair Bhuiyan,Bangladesh Nationalist Party (BNP),146321
Lakshmipur 2,"S, U, M, Ruhul Amin Bhuiyan",Bangladesh Jamaat-e-Islami (Jamaat),133698
Lakshmipur 3,Md. Shahiduddin Chowdhury Annie,Bangladesh Nationalist Party (BNP),135612
Lakshmipur 3,Md. Rezaul Karim,Bangladesh Jamaat-e-Islami (Jamaat),122802
Lakshmipur 4,"A,B,M Ashraf Uddin (Nijan)",Bangladesh Nationalist Party (BNP),115199
Lakshmipur 4,Md. Ashrafur Rahman Hafizulya,Bangladesh Jamaat-e-Islami (Jamaat),73756
Chattogram 1,Nurul Amin,Bangladesh Nationalist Party (BNP),128799
Chattogram 1,Mohammad Chaifur Rahman,Bangladesh Jamaat-e-Islami (Jamaat),84538
Chattogram 2,Mohammad Nurul Amin,Bangladesh Jamaat-e-Islami (Jamaat),0
Chattogram 2,Mohammad Zulfikar Ali Mannan,Islami Andolan Bangladesh (IAB),0
Chattogram 3,Mustafa Kamal Pasha,Bangladesh Nationalist Party (BNP),73037
Chattogram 3,Muhammad Ala Uddin,Bangladesh Jamaat-e-Islami (Jamaat),39662
Chattogram 4,Mohammad Aslam Chowdhury,Bangladesh Nationalist Party (BNP),0
Chattogram 4,Md. Anwar Siddique,Bangladesh Jamaat-e-Islami (Jamaat),0
Chattogram 5,Mir Mohammad Helal Uddin,Bangladesh Nationalist Party (BNP),147054
Chattogram 5,Md. Nasir Uddin,Khelafat Majlis,46589
Chattogram 6,Gias Uddin Quader Chowdhury,Bangladesh Nationalist Party (BNP),112237
Chattogram 6,Mohammad Ilyach Noori,Bangladesh Islami Front (BIF),27146
Chattogram 7,Humam Quader Chowdhury,Bangladesh Nationalist Party (BNP),101445
Chattogram 7,ATM Rezaul Karim,Bangladesh Jamaat-e-Islami (Jamaat),41719
Chattogram 8,Ershad Ullah,Bangladesh Nationalist Party (BNP),152969
Chattogram 8,Md. Abu Nasser,Bangladesh Jamaat-e-Islami (Jamaat),53564
Chattogram 9,Mohammad Abu Sufyan,Bangladesh Nationalist Party (BNP),109388
Chattogram 9,Dr. AKM Fazlul Haque,Bangladesh Jamaat-e-Islami (Jamaat),53807
Chattogram 10,Saeed Al Noman,Bangladesh Nationalist Party (BNP),122978
Chattogram 10,Muhammad Shamsuzzaman Helali,Bangladesh Jamaat-e-Islami (Jamaat),76919
Chattogram 11,Amir Khosru Mahmud Chowdhury,Bangladesh Nationalist Party (BNP),115999
Chattogram 11,Mohammad Shafiul Alam,Bangladesh Jamaat-e-Islami (Jamaat),76681
Chattogram 12,Mohammad Enamul Haque,Bangladesh Nationalist Party (BNP),135044
Chattogram 12,Syed Air Mohammad Payaru,Bangladesh Islami Front (BIF),28999
Chattogram 13,Sarwar Jamal Nizam,Bangladesh Nationalist Party (BNP),126192
Chattogram 13,"S, M, Shah Jahan",Bangladesh Islami Front (BIF),51450
Chattogram 14,Alhaj Jasim Uddin Ahmed,Bangladesh Nationalist Party (BNP),76493
Chattogram 14,Omar Farooq,Bangladesh Liberal Democratic Party (LDP),75467
Chattogram 15,Shahjahan Chowdhury,Bangladesh Jamaat-e-Islami (Jamaat),181238
Chattogram 15,Nazmul Mustafa Amin,Bangladesh Nationalist Party (BNP),130661
Chattogram 16,Mohammad Zahirul Islam,Bangladesh Jamaat-e-Islami (Jamaat),93167
Chattogram 16,Mishkatul Islam Chowdhury,Bangladesh Nationalist Party (BNP),83105
Cox's Bazar 1,Salahuddin Ahmed,Bangladesh Nationalist Party (BNP),222019
Cox's Bazar 1,Abdullah Al Farooq,Bangladesh Jamaat-e-Islami (Jamaat),129728
Cox's Bazar 2,Alamgir Muhammad Mahfuz Ullah Farid,Bangladesh Nationalist Party (BNP),125543
Cox's Bazar 2,"A, H, M Hamidur Rahman Azad",Bangladesh Jamaat-e-Islami (Jamaat),91889
Cox's Bazar 3,Lutfur Rahman,Bangladesh Nationalist Party (BNP),182096
Cox's Bazar 3,Shahidul Alam (Bahadur),Bangladesh Jamaat-e-Islami (Jamaat),161827
Cox's Bazar 4,Shahjahan Chowdhury,Bangladesh Nationalist Party (BNP),123582
Cox's Bazar 4,Noor Ahmad Anwari,Bangladesh Jamaat-e-Islami (Jamaat),122033
Khagrachhari 1,Abdul Wadud Bhunya,Bangladesh Nationalist Party (BNP),151040
Khagrachhari 1,Dharma Jyoti Chakma,Independent Candidate (Independent),68315
Rangamati 1,Deepen Dewan,Bangladesh Nationalist Party (BNP),201544
Rangamati 1,Pahel Chakma,Independent Candidate (Independent),31222
Bandarban 1,Sachin Ms,Bangladesh Nationalist Party (BNP),141455
Bandarban 1,Abu Saeed Md Suja Uddin,National Citizen Party (NCP),26162
