seat_name,division,district,area,total_voters,male_voters,female_voters,total_centers,total_candidates,total_votes_cast,referendum_yes,referendum_no,winner,winner_party,winner_votes,runner_up,runner_up_party,runner_up_votes,independent_total,Bangladesh Nationalist Party (BNP),Bangladesh Jamaat-e-Islami (Jamaat),National Citizen Party (NCP),Khelafat Majlis,Islami Andolan Bangladesh (IAB),Jatiya Party (JaPa),Bangladesh Islami Front (BIF),Gono Odhikar Parishad (GOP),Jamiat Ulema-e-Islam Bangladesh (JUIB),Bangladesh Liberal Democratic Party (LDP),Amar Bangladesh Party (AB),Bangladesh Development Party (BDP),Bangladesh Jatiya Party (BJP),Ganosanhati Andolan (GSA),Communist Party of Bangladesh (CPB),Jatiya Samajtantrik Dal (JSD),Bangladesh Samajtantrik Dal (Basad),Unique - Govinda Chandra Pramanik,Revolutionary Workers Party of Bangladesh (RWPB),Bangladesh Supreme Party (BSP),Bangladesh Nezame Islam Party (BNIP),Jatiya Party (Manju) (JP–Manju),Insaniyat Biplob Bangladesh (IBB),Janotar Dol,Bangladesh Republican Party (BRP),Zaker Party (ZP),Socialist Party of Bangladesh (Marxist) (SPB-M),Bangladesh Minority Janata Party (BMJP),Bangladesh Muslim League (BML),Bangladesh Congress,Nagorik Oikya (NO),Bangladesh Khelafat Andolon (BKA),Amjanatar Dol,National People's Party (NPP),Bangladesh Labour Party,Bangladesh National Awami Party–Bangladesh NAP (BNAP),Gono Forum (GF),Bangladesh Sangskritik Muktijote (BSM),Islami Oikya Jote (IOJ),Jatiya Ganatantrik Party (JAGPA),Nationalist Democratic Movement (NDM),Bangladesh Nationalist Front (BNF),Bangladesh Kallyan Party (BKP),Gono Front (GF),Ganatantri Party (GP),Bangladesh Somo Odhikar Party (BEP)
Bagerhat 1,Khulna,Bagerhat,"Mollahat, Fakirhat, Chitalmari",375560,190838,184720,124,8,231850,135272,99274,Md. Mashirur Rahman Khan,Bangladesh Jamaat-e-Islami (Jamaat),117527,Kapil Krishna Mondal,Bangladesh Nationalist Party (BNP),114323,11750,114323,117527,,,,571,,,,,291,,,,,,,,,,,,,,,,,,409,,,,,,,,,,,,,,,,,
Bagerhat 2,Khulna,Bagerhat,"Kachua, Bagerhat Sadar",338009,167739,170265,125,4,184118,157757,68106,Sheikh Manjurul Haque (Rahad),Bangladesh Jamaat-e-Islami (Jamaat),117709,Sheikh Mohammad Zakir Hossain,Bangladesh Nationalist Party (BNP),66409,48965,66409,117709,,,4313,,,,,,,,,,,,,,,,,,,,,,,,,,,,,,,,,,,,,,,,,
Bagerhat 3,Khulna,Bagerhat,"Rampal, Mongla",266864,132350,134510,96,5,187416,107289,72796,Sheikh Faridul Islam,Bangladesh Nationalist Party (BNP),102661,Mohammed Abdul Wadud Sheikh,Bangladesh Jamaat-e-Islami (Jamaat),83550,425,102661,83550,,,3460,,,,,,,,,,,349,,,,,,,,,,,,,,,,,,,,,,,,,,,,,,
Bagerhat 4,Khulna,Bagerhat,"Morelganj, Sharankhola",380679,191812,188864,143,6,214393,131231,80381,Md. Abdul Alim,Bangladesh Jamaat-e-Islami (Jamaat),116067,Som Nath De,Bangladesh Nationalist Party (BNP),98326,229,98326,116067,,,8501,1147,,,,,,,,,,315,,,,,,,,,,,,,,,,,,,,,,,,,,,,,,
Bandarban 1,Chattogram,Bandarban,Bandarban Hill District,315422,161775,153647,182,4,174770,71417,90156,Saching Prue,Bangladesh Nationalist Party (BNP),141455,Abu Sayeed Md. Suja Uddin,National Citizen Party (NCP),26162,,141455,,26162,,4718,2435,,,,,,,,,,,,,,,,,,,,,,,,,,,,,,,,,,,,,,,,
Barguna 1,Barishal,Barguna,"Amtali, Taltali, Barguna Sadar",519460,259098,260351,187,4,283649,176197,85820,Md. Ali Ullah,Islami Andolan Bangladesh (IAB),140291,Md. Nazrul Islam Mollah,Bangladesh Nationalist Party (BNP),136145,,136145,,,6232,140291,,,,,,,,,,,,,,,,,981,,,,,,,,,,,,,,,,,,,,,,,,
Barguna 2,Barishal,Barguna,"Patharghata, Bamana, Betagi",337744,167965,169775,114,9,192353,120997,57474,Md. Nurul Islam,Bangladesh Nationalist Party (BNP),90643,Dr. Sultan Ahmad,Bangladesh Jamaat-e-Islami (Jamaat),85247,298,90643,85247,,,16463,1248,,,,,,,115,,,,,,,,,,,,,,,,,219,,,,95,,,,,,,294,,,,,
Barishal 1,Barishal,Barishal,"Agailjhara, Gournadi",328198,165364,162834,129,5,146815,112208,73989,Zahir Uddin Swapon,Bangladesh Nationalist Party (BNP),100552,Md. Kamrul Islam Khan,Bangladesh Jamaat-e-Islami (Jamaat),46263,44188,100552,46263,,,6846,,,,,,,,,,,,,,,,,1736,,,,,,,,,,,,,,,,,,,,,,,,
Barishal 2,Barishal,Barishal,"Uzirpur, Banaripara",385807,196262,189544,136,8,215704,134278,80966,Sardar Sarfuddin Ahmed,Bangladesh Nationalist Party (BNP),141622,Abdul Mannan,Bangladesh Jamaat-e-Islami (Jamaat),74082,,141622,74082,,,6021,1199,,700,,,,,,,,135,,,,,,2329,,,,,,,,,,,,185,,,,,,,,,,,,
Barishal 3,Barishal,Barishal,"Babuganj, Muladi",332097,167921,164173,124,6,142122,122305,40636,Zainul Abedin,Bangladesh Nationalist Party (BNP),80930,Mohammad Asaduzzaman Bhuiyan,Amar Bangladesh Party (AB),61192,,80930,,,,16325,14184,,860,,,61192,,,,,,214,,,,,,,,,,,,,,,,,,,,,,,,,,,,,
Barishal 4,Barishal,Barishal,"Hijla, Mehendiganj",421975,217942,204030,149,5,203006,143900,64511,Md. Rajib Ahsan,Bangladesh Nationalist Party (BNP),128322,Mohammad Abdul Jabbar,Bangladesh Jamaat-e-Islami (Jamaat),74684,,128322,74684,,,36753,,,,,,,,,,,334,,,,,,,,,,,,,,,,,,,,,,413,,,,,,,,
Barishal 5,Barishal,Barishal,"Barisal Sadar, Barisal City Corporation",501304,250680,250615,176,6,230190,176687,69394,Md. Mojibur Rahman Sarwar,Bangladesh Nationalist Party (BNP),135146,Mufti Syed Md. Faizul Karim,Islami Andolan Bangladesh (IAB),95044,,135146,,,,95044,909,,,,,,,,,,,22486,,,,,,,,,,300,,,,,,,494,,,,,,,,,,,,
Barishal 6,Barishal,Barishal,Bakerganj,315597,160055,155538,113,6,138205,0,0,Abul Hossain Khan,Bangladesh Nationalist Party (BNP),82217,Md. Mahmudun Nabi,Bangladesh Jamaat-e-Islami (Jamaat),55988,366,82217,55988,,,29146,,,139,,,,,,,,,,,,,,,,,,,,,244,,,,,,,,,,,,,,,,,
Bhola 1,Barishal,Bhola,Bhola Sadar,406567,210087,196475,114,8,180880,143473,44731,Andaleeve Rahman,Bangladesh Jatiya Party (BJP),105543,Md. Nazrul Islam,Bangladesh Jamaat-e-Islami (Jamaat),75337,134,,75337,,,25245,599,303,1103,,,,,105543,,,,,,,,,,,,,,,,,,,,,217,,,,,,,,,,,,
Bhola 2,Barishal,Bhola,"Daulatkhan, Borhanuddin",395546,206433,189112,138,8,212788,135846,47916,Md. Hafiz Ibrahim,Bangladesh Nationalist Party (BNP),119085,Mohammad Fazlul Karim,Bangladesh Jamaat-e-Islami (Jamaat),93703,1433,119085,93703,,,,450,,,,381,,,,,,,,,,,,,,,,,,,,,,,370,,,,,,,,,,,,,
Bhola 3,Barishal,Bhola,"Tajumuddin, Lalmohan",388550,200497,188050,119,6,203341,122940,56607,"Hafiz Uddin Ahmed, Bir Bikram",Bangladesh Nationalist Party (BNP),145990,Muha: Nizamul Haque,Bangladesh Development Party (BDP),57351,508,145990,,,,7255,789,,260,,,,57351,,,,,,,,,,,,,,,,,,,,,,,,,,,,,,,,,,
Bhola 4,Barishal,Bhola,"Char fashion, Manpura",502026,262843,239176,155,7,270788,156733,89885,Mohammad Nurul Islam,Bangladesh Nationalist Party (BNP),189351,Mohammad Mustafa Kamal,Bangladesh Jamaat-e-Islami (Jamaat),81437,235,189351,81437,,,24935,585,,,,,,,,,,,,,,,,,,,,,,,,,,,176,,,,,,,,208,,,,,
Bogura 1,Rajshahi,Bogura,"Sariakandi, Sonatala",376019,186388,189626,124,5,229399,0,0,Kazi Rafiqul Islam,Bangladesh Nationalist Party (BNP),171440,Md. Shahabuddin,Bangladesh Jamaat-e-Islami (Jamaat),57959,,171440,57959,,,1026,,,,,,,,,,,,,,,,,,,,,,,,,597,,,,,,,298,,,,,,,,,
Bogura 2,Rajshahi,Bogura,Shibganj,342155,171497,170653,110,7,238572,0,0,Mir Shahe Alam,Bangladesh Nationalist Party (BNP),145024,Abul Azad Mohammad Shahaduzzaman,Bangladesh Jamaat-e-Islami (Jamaat),93548,183,145024,93548,,,913,434,,274,,,,,,,,,,,,,,,,,,,,,,,3426,,,,,,,,,,,,,,,
Bogura 3,Rajshahi,Bogura,"Dupchanchia, Adamdighi",339181,169347,169831,117,4,238432,0,0,Md. Abdul Muhit Talukdar,Bangladesh Nationalist Party (BNP),127406,Noor Mohammad,Bangladesh Jamaat-e-Islami (Jamaat),111026,,127406,111026,,,1789,1495,,,,,,,,,,,,,,,,,,,,,,,,,,,,,,,,,,,,,,,,
Bogura 4,Rajshahi,Bogura,"Kahalu, Nandigram",359523,178985,180530,114,4,264317,0,0,Md. Mosharraf Hossain,Bangladesh Nationalist Party (BNP),155339,Md. Mostafa Faisal,Bangladesh Jamaat-e-Islami (Jamaat),108978,,155339,108978,,,2954,1107,,,,,,,,,,,,,,,,,,,,,,,,,,,,,,,,,,,,,,,,
Bogura 5,Rajshahi,Bogura,"Sherpur, Dhunat",572340,281287,291047,188,5,392170,0,0,Ghulam Mohammad Siraj,Bangladesh Nationalist Party (BNP),248841,Md. Dabibur Rahman,Bangladesh Jamaat-e-Islami (Jamaat),143329,,248841,143329,,,5558,,,,,1134,,,,,1782,,,,,,,,,,,,,,,,,,,,,,,,,,,,,,,
Bogura 6,Rajshahi,Bogura,Bogra Sadar,454043,222796,231237,144,5,,0,0,Tarique Rahman,Bangladesh Nationalist Party (BNP),216284,Md. Abidur Rahman,Bangladesh Jamaat-e-Islami (Jamaat),97626,,216284,97626,,,2508,,,,,,,,,,,276,795,,,,,,,,,,,,,,,,,,,,,,,,,,,,,
Bogura 7,Rajshahi,Bogura,"Gabtali, Shajahanpur",538092,270070,268017,172,4,158196,0,0,Morshed Milton,Bangladesh Nationalist Party (BNP),264212,Md. Golam Rabbani,Bangladesh Jamaat-e-Islami (Jamaat),116665,,264212,116665,,,2061,,,,,,,,,,,,,,,,,,,,,,,,536,,,,,,,,,,,,,,,,,
Brahmanbaria 1,Chattogram,Brahmanbaria,Nasirnagar,275629,146269,129357,79,8,146825,72228,49342,M. A. Hannan,Bangladesh Nationalist Party (BNP),68092,A. K. M. Kamruzzaman,Independent Candidate (Independent),35220,52992,68092,24430,,,907,265,,,,,,,,,,,,,,,,,139,,,,,,,,,,,,,,,,,,,,,,,
Brahmanbaria 2,Chattogram,Brahmanbaria,"Sarail, Ashuganj",499448,265245,234201,132,9,198981,145462,66541,Rumin Farhana,Independent Candidate (Independent),118547,Mohammad Junayed Al Habib,Jamiat Ulema-e-Islam Bangladesh (JUIB),80434,131107,,,20401,,3851,199,,,80434,,,,,,,384,,,,,,,1419,,,,,,,,,,181,,,,,,,,,,,,,
Brahmanbaria 3,Chattogram,Brahmanbaria,"Brahmanbaria Sadar, Bijoynagar",624601,328182,296419,192,7,272183,181221,86368,Md. Khaled Hossain Mahbub,Bangladesh Nationalist Party (BNP),209636,Ataullah,National Citizen Party (NCP),62547,278,209636,,62547,,6321,3891,1344,,,,,,,,,,,,,,,,3345,,,,,,,,,,,,,,,,,,,,,,,
Brahmanbaria 4,Chattogram,Brahmanbaria,"Akhaura, Kasba",443909,230647,213256,118,7,231638,150036,71226,Mushfiqur Rahman,Bangladesh Nationalist Party (BNP),139842,Md. Ataur Rahman Sarkar,Bangladesh Jamaat-e-Islami (Jamaat),91796,,139842,91796,,,2277,2453,,117,,,,,,,,,,,,,,,773,,,,,,,,,,,109,,,,,,,,,,,,
Brahmanbaria 5,Chattogram,Brahmanbaria,Nabinagar,474826,248737,226085,149,8,170477,166631,57649,Md. Abdul Mannan,Bangladesh Nationalist Party (BNP),85769,Kazi Nazmul Hossain,Independent Candidate (Independent),84708,84708,85769,,,60857,20696,372,,,,,,,,266,359,,,,,,,,257,,,,,,,,,,,,,,,,,,,,,,,
Brahmanbaria 6,Chattogram,Brahmanbaria,Bancharampur,289674,147260,142413,91,10,137671,109603,24065,Md. Jonayed Abdur Rahim Shaki,Ganosanhati Andolan (GSA),95342,Md. Mohsin,Bangladesh Jamaat-e-Islami (Jamaat),39976,2592,,39976,,,8572,,2353,289,,,,,,95342,,167,,,,,,,139,,,,,,,,,,,106,,,,,,,,,,,,
Chandpur 1,Chattogram,Chandpur,"Kachua, Chandpur",356485,184802,171680,109,6,203400,111453,80949,A. N. M. Ehsanul Hoque Milon,Bangladesh Nationalist Party (BNP),133032,Abu Nashar Mohammad Maqbool Ahmad,Bangladesh Jamaat-e-Islami (Jamaat),70368,,133032,70368,,,,652,4371,217,,,,,,,,,,,,,,,,,,,,,,,,,,,,,329,,,,,,,,,
Chandpur 2,Chattogram,Chandpur,"Matlab North,Matlab South",501061,256500,244559,155,8,229979,166743,62874,Md. Jalal Uddin,Bangladesh Nationalist Party (BNP),172506,Md. Billal Hossain,Bangladesh Liberal Democratic Party (LDP),57473,,172506,,,,12307,1328,,315,,57473,,,,,,,,,,,,,,,509,,,,,,143,,,,283,,,,,,,,,,,
Chandpur 3,Chattogram,Chandpur,"Chandpur Sadar, Haimchar",546334,282704,263628,165,7,266269,166246,98309,Sheikh Farid Ahmed,Bangladesh Nationalist Party (BNP),165404,Md. Shahjahan Mia,Bangladesh Jamaat-e-Islami (Jamaat),100865,,165404,100865,,,14181,,2274,132,,,,,,,676,,,,,,,,,,,,,,,,,,,,,,307,,,,,,,,,
Chandpur 4,Chattogram,Chandpur,Faridganj,400631,208603,192027,117,8,143330,146035,54519,Md. Abdul Hannan,Independent Candidate (Independent),74175,Md. Harunur Rashid,Bangladesh Nationalist Party (BNP),69155,74359,69155,66692,,,5261,277,509,,,,,,,,,,,,,,,,,,,,,,,,,,,,,,240,,,,,,,,,
Chandpur 5,Chattogram,Chandpur,"Hajiganj, Shahrasti",526679,269243,257433,153,7,261064,147817,120667,Md. Mominul Haque,Bangladesh Nationalist Party (BNP),185404,Md. Neyamul Bashir,Bangladesh Liberal Democratic Party (LDP),75660,268,185404,,,,6681,1516,13178,,,75660,,,,,,,,,,,,,256,,,,,,,,,,,,,,,,,,,,,,,
Chapainawabganj 1,Rajshahi,Chapainawabganj,"Shibganj, Chapainawabganj",500181,255316,244865,158,6,369408,0,0,Md. Keramat Ali,Bangladesh Jamaat-e-Islami (Jamaat),206893,Md. Shahjahan Mia,Bangladesh Nationalist Party (BNP),162515,,162515,206893,,,1083,2263,446,,,,,,,,,,,,,,,,,,,,,,,,,,,,,,,557,,,,,,,,
Chapainawabganj 2,Rajshahi,Chapainawabganj,"Bholahat, Gomstapur, Nachol",461000,228825,232174,182,5,326346,0,0,Md. Mizanur Rahman,Bangladesh Jamaat-e-Islami (Jamaat),171227,Md. Aminul Islam,Bangladesh Nationalist Party (BNP),155119,,155119,171227,,,1069,8175,,,,,,,,,626,,,,,,,,,,,,,,,,,,,,,,,,,,,,,,,
Chapainawabganj 3,Rajshahi,Chapainawabganj,Chapainawabganj Sadar,468479,236648,231831,172,5,316677,0,0,Md. Nurul Islam,Bangladesh Jamaat-e-Islami (Jamaat),189640,Md. Harunur Rashid,Bangladesh Nationalist Party (BNP),127037,,127037,189640,,,820,,,361,,,,,,,,637,,,,,,,,,,,,,,,,,,,,,,,,,,,,,,
Chattogram 1,Chattogram,Chattogram,Mirsarai,386674,199859,186811,106,7,213337,118198,88490,Nurul Amin,Bangladesh Nationalist Party (BNP),128799,Mohammad Chaifur Rahman,Bangladesh Jamaat-e-Islami (Jamaat),84538,,128799,84538,,,2108,1659,,,,,,,,,,258,,,,,,,780,,,,,,269,,,,,,,,,,,,,,,,,
Chattogram 10,Chattogram,Chattogram,"Chittagong City Corporation (8 No. Sholokbahar Ward, 11No. South Kattali Ward, 12 No. Saraipara Ward, 13 No. Pahartali Ward, 14 No. Lalkhan Bazar Ward,  24 No. North Agrabad Ward, 25 No. Rampur Ward,  26 No. North Halishahar Ward)",492444,249784,242631,148,9,199897,132100,71339,Saeed Al Noman,Bangladesh Nationalist Party (BNP),122978,Muhammad Shamsuzzaman Helali,Bangladesh Jamaat-e-Islami (Jamaat),76919,357,122978,76919,,,3880,1079,2441,,,,,,,,,,,,,,,,960,,,,305,,,,,,,,161,,,,,,,,,,,
Chattogram 11,Chattogram,Chattogram,"Chittagong City Corporation (27 No. South Agrabad Ward, 28 No. Pathantuli Ward, 29 No.West Motherbari Ward, 30 No. East Motherbari Ward, 36 No. Gosaildanga Ward, 37 No. North Madhya Halishahar Ward, 38 No. South Central Halishahar Ward, 39 No. South Halishahar Ward, 40 No. North Patenga Ward, 41 No. South Patenga Ward)",495278,252333,242942,152,11,192680,128498,68070,Amir Khasru Mahmud Chowdhury,Bangladesh Nationalist Party (BNP),115999,Mohammad Shafiul Alam,Bangladesh Jamaat-e-Islami (Jamaat),76681,178,115999,76681,,,2557,1004,5127,104,,,,,,,,,120,,,,,,210,,,,231,,,,,,,,,,307,,,,,,,,,
Chattogram 12,Chattogram,Chattogram,Patiya,352695,184254,168440,108,8,164043,57318,126814,Mohammad Enamul Haque,Bangladesh Nationalist Party (BNP),135044,Syed Air Mohammad Payaru,Bangladesh Islami Front (BIF),28999,243,135044,21706,,,901,732,28999,,,118,,,,,,,,,,,,,929,,,,,,,,,,,,,,,,,,,,,,,
Chattogram 13,Chattogram,Chattogram,"Karnaphuli, Anwara",395246,207714,187532,118,7,177642,80580,124629,Sarwar Jamal Nizam,Bangladesh Nationalist Party (BNP),126192,"S, M, Shah Jahan",Bangladesh Islami Front (BIF),51450,,126192,35030,,,,440,51450,168,,,,,,,,,,,,,,,191,,,,,,,,,,,,,,,,,,204,,,,,
Chattogram 14,Chattogram,Chattogram,"Chandanish, Satkania (Khagria Union, Keochia Union, Kaliaish Union, Dharmapur Union, Bazalia Union, Purangor Union)",313513,165847,147665,100,8,151960,105032,72266,Alhajj Jashim Uddin Ahammed,Bangladesh Nationalist Party (BNP),76493,Omar Farooq,Bangladesh Liberal Democratic Party (LDP),75467,4795,76493,,,,1539,293,22992,,,75467,,,,,,,,,,,,,149,,,,,,,,,,,,,,,,,,,,,,,
Chattogram 15,Chattogram,Chattogram,"Satkania (Charati Union, Nalua Union, Kanchana Union, Amalish Union, Aochia Union, Madarsha Union, Dhemsa Union, West Dhemsha Union, Chadaha Union, Satkania Union, Sonakania Union), Lohagara",506059,270915,235144,157,3,311899,228471,78945,Shahjahan Chowdhury,Bangladesh Jamaat-e-Islami (Jamaat),181238,Nazmul Mustafa Amin,Bangladesh Nationalist Party (BNP),130661,,130661,181238,,,2909,,,,,,,,,,,,,,,,,,,,,,,,,,,,,,,,,,,,,,,,,
Chattogram 16,Chattogram,Chattogram,Banskhali,411274,219982,191287,114,7,237010,136840,89323,Mohammad Zahirul Islam,Bangladesh Jamaat-e-Islami (Jamaat),93167,Mishkatul Islam Chowdhury,Bangladesh Nationalist Party (BNP),83105,55492,83105,93167,,,4054,,844,243,,,,,,,,,,,,,,,,,,,,,105,,,,,,,,,,,,,,,,,
Chattogram 2,Chattogram,Chattogram,Phatikchari,488465,259197,229267,142,8,,119524,88945,Md. Sarowar Alamgir,Bangladesh Nationalist Party (BNP),139831,Mohammad Nurul Amin,Bangladesh Jamaat-e-Islami (Jamaat),65550,546,139831,65550,,,2248,,,266,,,,,,,,,,,,12737,,,,397,,,,,,,,,,,,,,,,,,,,,,
Chattogram 3,Chattogram,Chattogram,Sandwip,260485,134720,125763,84,4,112699,71455,37494,Mostafa Kamal Pasha,Bangladesh Nationalist Party (BNP),73037,Muhammad Ala Uddin,Bangladesh Jamaat-e-Islami (Jamaat),39662,308,73037,39662,,,5145,,,,,,,,,,,,,,,,,,,,,,,,,,,,,,,,,,,,,,,,,
Chattogram 4,Chattogram,Chattogram,"Sitakunda, Chittagong City Corporation (North Pahartali Ward, North Kattali Ward)",448380,235352,213016,124,9,,136291,99721,Mohammad Aslam Chowdhury,Bangladesh Nationalist Party (BNP),143552,Md. Anwar Siddiqui,Bangladesh Jamaat-e-Islami (Jamaat),91404,,143552,91404,,,1337,,7267,166,,,,,,301,738,,,,,923,193,,,,,,,,,,,,,,,,,,,,,,,,,
Chattogram 5,Chattogram,Chattogram,"Hathazari, Chittagong City Corporation (Dakshin Pahartali Ward, Jalalabad Ward)",501916,260903,241012,146,6,193643,120182,85622,Mir Mohammed Helal Uddin,Bangladesh Nationalist Party (BNP),147054,Md. Nasir Uddin,Khelafat Majlis,46589,1129,147054,,,46589,2422,,15420,,,,,,,,,,,,,,,,,,,,,,,,,,,,396,,,,,,,,,,,
Chattogram 6,Chattogram,Chattogram,Raozan,339988,178971,161017,95,4,139383,101140,53485,Gias Uddin Quader Chowdhury,Bangladesh Nationalist Party (BNP),112237,Mohammad Ilyach Noori,Bangladesh Islami Front (BIF),27146,,112237,22118,,,,,27146,,,,,,,829,,,,,,,,,,,,,,,,,,,,,,,,,,,,,,,,
Chattogram 7,Chattogram,Chattogram,"Rangunia, Boalkhali (Sreepur Kharandeep Union)",319008,167531,151476,103,8,143164,97185,67378,Humam Quader Chowdhury,Bangladesh Nationalist Party (BNP),101445,A. T. M. Rezaul Karim,Bangladesh Jamaat-e-Islami (Jamaat),41719,,101445,41719,,,1307,411,30239,129,,,158,,,,441,,,,,,,,,,,,,,,,,,,,,,,,,,,,,,,
Chattogram 8,Chattogram,Chattogram,"Boalkhali (Sreepur Kharandeep Union Except), Chittagong City Corporation (Panchlaish Ward, Chandgaon Ward, Mohra Ward, East Sholashar Ward, West Sholashar Ward)",554729,282606,272122,184,6,206533,116423,131493,Ershad Ullah,Bangladesh Nationalist Party (BNP),152969,Md. Abu Nasser,Bangladesh Jamaat-e-Islami (Jamaat),53564,,152969,53564,3349,,1208,,42585,,,,,,,,,,,,,,,,884,,,,,,,,,,,,,,,,,,,,,,,
Chattogram 9,Chattogram,Chattogram,"Chittagong City Corporation (15 No. Bagmaniram Ward, 16 No. Chowkbazar Ward,17 No.  West Baklia Ward,18 No.  East Baklia Ward, 19 No. South Bakalia Ward, 20 No. Dewan Bazar Ward, 21 No. Jamal Khan Ward, 22 No. Enayet Bazar Ward, 23 No. North Pathantuli Ward, 31 No. Alkaran Ward, 32 No. Underkilla Ward, 33 No. Firingi Bazar Ward, 35 No. Patharghata Ward, 36 No.Bakshi Hat Ward)",416363,213906,202448,142,10,163195,93191,74245,Mohammad Abu Sufyan,Bangladesh Nationalist Party (BNP),109388,Dr. A. K. M. Fazlul Haque,Bangladesh Jamaat-e-Islami (Jamaat),53807,,109388,53807,,,941,,4204,,,,,,,1040,,128,,,,,,,112,561,,,494,,,,107,,,,,,,,,,,,,,,
Chuadanga 1,Khulna,Chuadanga,"Alamdanga, Chuadanga Sadar (Alukdia Union, Mominpur Union, Qutubpur Union, Chuadanga Sadar, Shankarachandra Union, Padma Bila Union)",511657,254385,257265,181,3,374356,258824,81025,Md. Masood Parvez,Bangladesh Jamaat-e-Islami (Jamaat),211041,Md. Sharifuzzaman,Bangladesh Nationalist Party (BNP),153193,,153193,211041,,,10122,,,,,,,,,,,,,,,,,,,,,,,,,,,,,,,,,,,,,,,,,
Chuadanga 2,Khulna,Chuadanga,"Damurhuda, Chuadanga Sadar (Begumpur Union, Titudah Union, Nehalpur Union, Garaitupi union), Jeevannagar",492431,246716,245711,173,3,371888,257575,83129,Md. Ruhul Amin,Bangladesh Jamaat-e-Islami (Jamaat),208011,Mahmud Hasan Khan,Bangladesh Nationalist Party (BNP),163877,,163877,208011,,,6374,,,,,,,,,,,,,,,,,,,,,,,,,,,,,,,,,,,,,,,,,
Cox's Bazar 1,Chattogram,Cox's Bazar,"Chakaria, Pekua",540490,290291,250198,158,3,356275,204585,130153,Salahuddin Ahmed,Bangladesh Nationalist Party (BNP),222019,Abdullah Al Farukh,Bangladesh Jamaat-e-Islami (Jamaat),129728,,222019,129728,,,4528,,,,,,,,,,,,,,,,,,,,,,,,,,,,,,,,,,,,,,,,,
Cox's Bazar 2,Chattogram,Cox's Bazar,"Kutubdia, Maheshkhali",387851,206453,181398,118,5,214477,130373,87410,Alamgir Muhammad Mahfuz Ullah Farid,Bangladesh Nationalist Party (BNP),125543,A. H. M. Hamidur Rahman Azad,Bangladesh Jamaat-e-Islami (Jamaat),91889,,125543,91889,,,8799,757,,197,,,,,,,,,,,,,,,,,,,,,,,,,,,,,,,,,,,,,,
Cox's Bazar 3,Chattogram,Cox's Bazar,"Cox's Bazar Sadar, Ramu",545962,291099,254862,176,6,343923,238991,94074,Lutfur Rahman,Bangladesh Nationalist Party (BNP),182096,Shahidul Alam (Bahadur),Bangladesh Jamaat-e-Islami (Jamaat),161827,947,182096,161827,,,5149,,,,,,,,,,,,,,,,,,,,,,,,,,,,367,,602,,,,,,,,,,,
Cox's Bazar 4,Chattogram,Cox's Bazar,"Ukhia, Teknaf",375688,192803,182879,104,4,245615,155782,74986,Shahjahan Chowdhury,Bangladesh Nationalist Party (BNP),123582,Noor Ahmad Anwari,Bangladesh Jamaat-e-Islami (Jamaat),122033,,123582,122033,,,4338,,,,,,,,,,,,,,,,,,,,,,,,,,,,,,,,,,,,379,,,,,
Cumilla 1,Chattogram,Cumilla,"Meghna, Daudkandi",438616,225088,213528,157,9,236285,171139,55556,Dr. Khandaker Mosharraf Hossain,Bangladesh Nationalist Party (BNP),141440,Md. Moniruzzaman,Bangladesh Jamaat-e-Islami (Jamaat),94845,406,141440,94845,,,6502,631,,,,,511,,,,,,144,,,,,,,,411,,,,,,,,,,,,,,,,,,,,,
Cumilla 10,Chattogram,Cumilla,"Nangalkot, Lalmai, Comilla Sadar South",536227,276647,259579,187,7,287400,179696,95732,Md. Mobasher Alam Bhuiyan,Bangladesh Nationalist Party (BNP),163667,মুহাম্মদ ইয়াছিন আরাফাত,Bangladesh Jamaat-e-Islami (Jamaat),123733,,163667,123733,,,7959,,,293,,,,,,,,,,,,,,,,,,,,,,400,,,373,,,,,322,,,,,,,,
Cumilla 11,Chattogram,Cumilla,Chauddagram,421632,216923,204705,125,7,209946,167253,44926,Syed Abdullah Mohammed Taher,Bangladesh Jamaat-e-Islami (Jamaat),133308,Md. Kamrul Huda,Bangladesh Nationalist Party (BNP),76638,,76638,133308,,,2766,704,,,,,,,,,,,,,,,,,,,,,,,,194,,,,,,,,186,,,,,,98,,
Cumilla 2,Chattogram,Cumilla,"Titas, Homna",375067,196119,178947,94,6,140082,0,0,Md. Selim Bhuiyan,Bangladesh Nationalist Party (BNP),77037,Md. Abdul Matin,Independent Candidate (Independent),63045,63045,77037,53384,,,6611,570,767,,,,,,,,,,,,,,,,,,,,,,,,,,,,,,,,,,,,,,,
Cumilla 3,Chattogram,Cumilla,Muradnagar,500726,258905,241817,148,9,268890,191730,58913,Qazi Shah Mofazzal Hossain (Kaikobad),Bangladesh Nationalist Party (BNP),159291,Md. Yousuf Sohel,Bangladesh Jamaat-e-Islami (Jamaat),109599,,159291,109599,,,3593,,,633,,,,,,,,,,,,,,,167,,111,,,,,717,,,244,,,,,,,,152,,,,,
Cumilla 4,Chattogram,Cumilla,Debidwar,410559,215237,195319,114,5,216468,171289,39381,Md. Abul Hasnat,National Citizen Party (NCP),166583,Md. A. Jasim Uddin,Gono Odhikar Parishad (GOP),49885,,,,166583,248,2232,,,49885,,,,,,,,,,,,,,,427,,,,,,,,,,,,,,,,,,,,,,,
Cumilla 5,Chattogram,Cumilla,"Brahmanpara, Burichong",476172,247155,229017,140,10,259032,177367,72642,Md. Jashim Uddin,Bangladesh Nationalist Party (BNP),134485,Mobarak Hussain,Bangladesh Jamaat-e-Islami (Jamaat),124547,,134485,124547,,,1505,705,,,,,2029,,,,342,153,,,,,,,167,,,,,,147,,,,,104,,,,,,,,,,,,
Cumilla 6,Chattogram,Cumilla,"Comilla Adarsh ​​Sadar, Comilla City Corporation, Comilla Cantonment",644777,324195,320575,152,8,321557,213249,98450,Md. Monirul Haque Chowdhury,Bangladesh Nationalist Party (BNP),201706,Qazi Deen Mohammad,Bangladesh Jamaat-e-Islami (Jamaat),119851,,201706,119851,,,2476,,4648,215,,,,,,,,453,515,,,,,,,,,,,,1597,,,,,,,,,153,,,,,,,,
Cumilla 7,Chattogram,Cumilla,Chandina,329166,169361,159799,89,5,140199,123668,49358,Atiqul Alam,Independent Candidate (Independent),91690,Redowan Ahmed,Bangladesh Nationalist Party (BNP),48509,91690,48509,,,26319,14277,,,,,,,,,,,,,,,,,,,,,,,,,,,,,,,,,261,,,,,,,,
Cumilla 8,Chattogram,Cumilla,Barura,380833,196098,184732,103,8,214269,133590,68970,Zakaria Taher,Bangladesh Nationalist Party (BNP),169178,Md. Shafiqul Alam Helal,Bangladesh Jamaat-e-Islami (Jamaat),45091,,169178,45091,,,2276,727,,,,,,,,,,,160,,,3224,,,,,161,,,,,,,,,,,,,,279,,,,,,,
Cumilla 9,Chattogram,Cumilla,"Laksam, Manoharganj",478535,247765,230769,126,8,288969,175749,103535,Md. Abul Kalam,Bangladesh Nationalist Party (BNP),170008,Syed A. K. M. Sarowar Uddin Seddique,Bangladesh Jamaat-e-Islami (Jamaat),118961,811,170008,118961,,,7626,1216,3919,,,,,,,,,,,,,,,,,,,,,,,,,,,,,,,124,,,,,,,,
Dhaka 1,Dhaka,Dhaka,"Dohar, Nawabganj",545140,276050,269085,184,6,286403,0,0,Khondaker Abu Ashfaque,Bangladesh Nationalist Party (BNP),173781,Mohammad Nazrul Islam,Bangladesh Jamaat-e-Islami (Jamaat),112622,4880,173781,112622,,,6607,1362,,,,,,,,,,,,,,,,,,,,,,,,,,,,,271,,,,,,,,,,,
Dhaka 10,Dhaka,Dhaka,"Dhaka South City Corporation ( 14, 15, 16, 17, 18, 22 no. Ward )",388660,204604,184050,119,10,157572,0,0,Sheikh Rabiul Alam,Bangladesh Nationalist Party (BNP),80436,Md. Jashim Uddin Sarker,Bangladesh Jamaat-e-Islami (Jamaat),77136,,80436,77136,,,,,,,,,,,,,,,,,,,,,,,,,,,,,,,,,,,,,,,,,,,,
Dhaka 11,Dhaka,Dhaka,"Dhaka North City Corporation ( 21, 22, 23, 37, 38, 39, 40, 41, 42 no Ward )",439078,222877,216198,162,10,185705,0,0,Md. Nahid Islam,National Citizen Party (NCP),93872,M. A. Quayum,Bangladesh Nationalist Party (BNP),91833,794,91833,,93872,,4375,1048,,81,,,,,,,,,,,,,,,,,283,,,,,,,,,241,,,130,196,,,,,,,,
Dhaka 12,Dhaka,Dhaka,"Dhaka North City Corporation ( 24, 25, 26, 27, 35, 36 no. Ward )",333320,174349,158968,140,15,84736,0,0,Md. Saiful Alam,Bangladesh Jamaat-e-Islami (Jamaat),53773,Saiful Haque,Revolutionary Workers Party of Bangladesh (RWPB),30963,29869,,53773,,,2058,1770,184,115,,,,,47,1511,453,,,,30963,,,,133,175,,,,,,,,,1044,,,,,115,,,58,,,,,
Dhaka 13,Dhaka,Dhaka,"Dhaka North City Corporation ( 28, 29, 30, 31, 32, 33, 34 no. Ward )",408791,209812,198971,135,9,174454,135300,39117,Bobby Hajjaj,Bangladesh Nationalist Party (BNP),88387,Md. Mamunul Haque,Khelafat Majlis,86067,1683,88387,,,86067,,,,336,,,,,,,,,486,,,,,,513,,,,,331,464,,,,,,,,,,,,,,,,,
Dhaka 14,Dhaka,Dhaka,"Dhaka North City Corporation, ( 7, 8, 9, 10, 11, 12 no. Ward ) Savar ( Kaundia )",456044,232066,223974,166,12,184436,24685,6707,Mir Ahmad Bin Quasem,Bangladesh Jamaat-e-Islami (Jamaat),101113,Sanjida Islam,Bangladesh Nationalist Party (BNP),83323,16328,83323,101113,,,3760,857,,,,385,138,,,,369,219,,,,302,,,,,83,,,,,,,,,,,,79,,,,,,,,,
Dhaka 15,Dhaka,Dhaka,"Dhaka North City Corporation ( 4, 13, 14, 16 )",351718,179616,172098,133,8,148648,120293,29479,Md. Shafiqur Rahman,Bangladesh Jamaat-e-Islami (Jamaat),85131,Md. Shafiqul Islam Khan,Bangladesh Nationalist Party (BNP),63517,,63517,85131,,,,1421,,,,,,,,,1501,210,,,,326,,,,378,,,,,,,,,,,,,,,,,,,,,,
Dhaka 16,Dhaka,Dhaka,"Dhaka North City Corporation ( 2, 3, 5, 6 no Ward )",400499,201168,199323,137,11,174295,0,0,Md. Abdul Baten,Bangladesh Jamaat-e-Islami (Jamaat),88828,Md. Aminul Haque,Bangladesh Nationalist Party (BNP),85467,,85467,88828,,,3679,1464,,109,,,,,138,,,,,,,,,,,,,,209,,,,,102,,167,494,,,142,,,,,,,,
Dhaka 17,Dhaka,Dhaka,"Dhaka North City Corporation, ( 15, 18, 19, 20 no. Ward ) Dhaka Cantonment",333777,174709,159060,124,12,140999,111050,30952,Tarique Rahman,Bangladesh Nationalist Party (BNP),72699,S. M. Khalekuzzaman,Bangladesh Jamaat-e-Islami (Jamaat),68300,278,72699,68300,,,1768,1168,,,,,,,92,,,,,,,,,1041,80,,,,,,,130,,,,,60,,,,,,,61,,,,
Dhaka 18,Dhaka,Dhaka,"Dhaka North City Corporation ( 1, 17, 43, 44, 45, 46, 47, 48, 49, 50, 51, 52, 53, 54 no. Ward ),  Airport",613883,313050,300827,217,10,256012,129940,39908,S. M. Jahangir Hossain,Bangladesh Nationalist Party (BNP),144715,Ariful Islam,National Citizen Party (NCP),111297,4135,144715,,111297,,4727,2557,1647,,,,,,,,,,260,,,,,,,,,,,,,,350,,,301,,,,,,,,,,,,
Dhaka 19,Dhaka,Dhaka,"Savar ( Shimulia, Dhamsona, Pathalia, Yearpur, Ashulia, Birulia, Savar, Bongaon )",747070,379906,367151,292,8,314259,0,0,Dewan Mohammad Salauddin,Bangladesh Nationalist Party (BNP),190976,Dilshana Parul,National Citizen Party (NCP),123283,,190976,,123283,,,,,,,,,,,,,,,,,,,,,,,,,,,,,,,,,,,,,,,,,,,
Dhaka 2,Dhaka,Dhaka,"Keraniganj, Savar, ( Tetuljhora, Amin Bazar, Bhakurta ) Dhaka south city corporation ( 55, 56, 57 no. Ward )",419215,217908,201298,197,3,243846,0,0,Md. Amanullah Aman,Bangladesh Nationalist Party (BNP),163793,Md. Abdul Haque,Bangladesh Jamaat-e-Islami (Jamaat),80053,,163793,80053,,,6352,,,,,,,,,,,,,,,,,,,,,,,,,,,,,,,,,,,,,,,,,
Dhaka 20,Dhaka,Dhaka,Dhamrai,376639,187835,188802,149,6,220291,0,0,Md. Tamiz Uddin,Bangladesh Nationalist Party (BNP),162504,Nabila Tasnid,National Citizen Party (NCP),57787,,162504,,57787,9255,,3135,,,,,492,,,,,207,,,,,,,,,,,,,,,,,,,,,,,,,,,,,,
Dhaka 3,Dhaka,Dhaka,"Keraniganj, ( Zinzira, Aganagar, Suvadda, Taghoria, Konda )",362159,184971,177184,126,10,182427,137047,44637,Goyasawar Chandra Roy,Bangladesh Nationalist Party (BNP),99163,Md. Shahinur Islam,Bangladesh Jamaat-e-Islami (Jamaat),83264,313,99163,83264,,,6286,1075,,97,,,,,,378,,,196,,,,,,,,,,,,,155,,,,,,,182,,,,,,,,,
Dhaka 4,Dhaka,Dhaka,"Dhaka South City Corporation ( 47, 51, 52, 53, 54, 58, 59 no. Ward )",362506,186467,176034,77,8,151814,0,0,Sayed Joynul Abedin,Bangladesh Jamaat-e-Islami (Jamaat),77367,Tanveer Ahmed,Bangladesh Nationalist Party (BNP),74447,2867,74447,77367,,,6518,,,,,,,,,,367,,184,,,,,,,191,,,,,,,,,,,,,,128,,,,,,,,
Dhaka 5,Dhaka,Dhaka,"Dhaka South City Corporation ( 48, 49, 50, 60, 61, 62, 63, 64, 65, 66, 67, 68, 69, 70 no. Ward )",419996,214594,205397,187,11,184132,9462,3160,Mohammed Kamal Hossain,Bangladesh Jamaat-e-Islami (Jamaat),96641,Md. Nabi Ullah,Bangladesh Nationalist Party (BNP),87491,,87491,96641,,,14206,1346,,93,,788,,,,,206,,,,,,,,,,,,221,,,262,,,,,81,,,35,,,,,,,,
Dhaka 6,Dhaka,Dhaka,"Dhaka South City Corporation ( 34, 37, 38, 39, 40, 41, 42, 43, 44, 45, 46 no. Ward )",292283,152519,139761,98,7,134547,30172,14019,Ishraque Hossain,Bangladesh Nationalist Party (BNP),78850,Md. Abdul Mannan,Bangladesh Jamaat-e-Islami (Jamaat),55697,,78850,55697,,,,1778,,138,,,,,,,,,,,,,,,,,,,,,245,319,,,,,,,,,,,,,,152,,
Dhaka 7,Dhaka,Dhaka,"Dhaka South City Corporation ( 23, 24, 25, 26, 27, 28, 29, 30, 31, 32, 33, 35, 36 no. Ward )",479376,248481,230883,125,11,203149,0,0,Hamidur Rahman,Bangladesh Nationalist Party (BNP),104666,Md. Enayet Ullah,Bangladesh Jamaat-e-Islami (Jamaat),98483,11517,104666,98483,,,5081,2294,,,,,,,98,,,208,,,,,,,,,218,,677,,,,,2783,,,,,,150,,,,,,,,
Dhaka 8,Dhaka,Dhaka,"Dhaka South City Corporation ( 8, 9, 10, 11, 12, 13, 19, 20, 21 no. Ward )",275471,152795,122675,110,11,113493,84501,32463,Mirza Abbas Uddin Ahmed,Bangladesh Nationalist Party (BNP),59366,Muhammad Nasiruddin Patwari,National Citizen Party (NCP),54127,,59366,,54127,,1436,731,326,608,,,,,,,714,56,,,,,,,,129,,,96,,,,,,,,,,,78,,,,,,,,
Dhaka 9,Dhaka,Dhaka,"Dhaka South City Corporation ( 1, 2, 3, 4, 5, 6, 7, 71, 72, 73, 74, 75 no. Ward )",469360,237673,231682,169,12,164672,0,0,Habibur Rashid,Bangladesh Nationalist Party (BNP),111212,Mohammad Javed Mia,National Citizen Party (NCP),53460,44684,111212,,53460,,5827,1202,,,,,,,,,462,,,,,,,,131,,,,93,,118,,,,,204,,,171,,,,,124,,,,
Dinajpur 1,Rangpur,Dinajpur,"Birganj, Kaharole",417133,208919,208212,123,6,296795,0,0,Md. Manzurul Islam,Bangladesh Nationalist Party (BNP),179314,Md. Matiur Rahman,Bangladesh Jamaat-e-Islami (Jamaat),117481,,179314,117481,,,3095,1530,,395,,,,,,,,,,,,,,,,,,2280,,,,,,,,,,,,,,,,,,,,
Dinajpur 2,Rangpur,Dinajpur,"Bochaganj, Biral",371478,187112,184366,113,8,246148,0,0,Md. Sadik Riyaz,Bangladesh Nationalist Party (BNP),139622,A. K. M. Afjalul Anam,Bangladesh Jamaat-e-Islami (Jamaat),101831,19475,139622,101831,,1046,1067,4647,,,,,,,,,,,,,,,,,,,,,,,461,,,,,,,,,,,,,,,,,
Dinajpur 3,Rangpur,Dinajpur,Dinajpur Sadar,415636,205486,210148,130,8,273825,0,0,Syed Jahangir Alam,Bangladesh Nationalist Party (BNP),140608,Md. Mainul Alam,Bangladesh Jamaat-e-Islami (Jamaat),136239,,140608,136239,,,1408,3838,,,,,,,,,701,,283,,,,,,,337,,,,,214,,,,,,,,,,,,,,,,,
Dinajpur 4,Rangpur,Dinajpur,"Khansama, Chirirbandar",421278,211304,209972,130,4,293243,0,0,Md. Akhtaruzzaman Mia,Bangladesh Nationalist Party (BNP),166717,Md. Aftab Uddin Mollah,Bangladesh Jamaat-e-Islami (Jamaat),129056,,166717,129056,,,1699,3152,,,,,,,,,,,,,,,,,,,,,,,,,,,,,,,,,,,,,,,,
Dinajpur 5,Rangpur,Dinajpur,"Parbatipur, Phulbari",477516,238583,238930,140,7,222598,0,0,A. Z. M. Rezwanul Haque,Independent Candidate (Independent),114484,Md. Abdul Ahad,National Citizen Party (NCP),110195,122803,98544,,110195,,,1503,,,,,,,,,,,,,,,,,,,,,,,,,,,,,,,,,,,,,,,,
Dinajpur 6,Rangpur,Dinajpur,"Nawabganj, Birampur, Hakimpur, Ghoraghat",557692,278086,279593,194,7,392606,0,0,Abu Jafar Md. Zahid Hossain,Bangladesh Nationalist Party (BNP),205118,Md. Anowarul Islam,Bangladesh Jamaat-e-Islami (Jamaat),190703,570,205118,190703,,,1659,2689,,,,,,,,,,,449,,,,,,,,,,,,,,,,,,,,,,,,,,,,,
Faridpur 1,Dhaka,Faridpur,"Madhukhali, Boalmari, Alfadanga",510540,259335,251204,196,9,281247,185413,112803,Md. Ilias Mollah,Bangladesh Jamaat-e-Islami (Jamaat),154145,Khandaker Nasirul Islam,Bangladesh Nationalist Party (BNP),126476,36985,126476,154145,,,,506,,,,,,,,,,,,,,,,,,,,,,786,,,,,,,,,,,,,,,,,,
Faridpur 2,Dhaka,Faridpur,"Nagarkanda, Saltha, Sadarpur ( Krishnapur )",332041,172904,159137,115,6,210999,123073,67208,Shama Obayed Islam,Bangladesh Nationalist Party (BNP),121694,Md. Akram Ali,Khelafat Majlis,89305,,121694,,,89305,2368,,,675,,,,,,,,,,,,,,,617,,,,,,,257,,,,,,,,,,,,,,,,
Faridpur 3,Dhaka,Faridpur,Faridpur Sadar,432628,216022,216600,154,6,272660,179030,80507,Nayab Yusuf Ahmed,Bangladesh Nationalist Party (BNP),148545,Md. Abdut Tawab,Bangladesh Jamaat-e-Islami (Jamaat),124115,1253,148545,124115,,,4022,,,,,,,,,,967,251,,,,,,,,,,,,,,,,,,,,,,,,,,,,,,
Faridpur 4,Dhaka,Faridpur,"Charbhadrasan, Sadarpur, Bhanga",496706,254655,242050,189,8,203248,143102,111090,Md. Shahidul Islam,Bangladesh Nationalist Party (BNP),127443,Md. Sarwar Hossain,Bangladesh Jamaat-e-Islami (Jamaat),75805,57868,127443,75805,,1118,11498,550,,,,,,,,,714,,,,,,,,,,,,,,,,,,,,,,,,,,,,,,,
Feni 1,Chattogram,Feni,"Parashuram, Fulgazi, Chagalnaya",385652,198759,186890,115,7,212495,139549,60458,Munshi Rafiqul Alam,Bangladesh Nationalist Party (BNP),119904,S. M. Kamal Uddin,Bangladesh Jamaat-e-Islami (Jamaat),85615,,119904,85615,,,5323,940,,,,,,,,,,,,,,,,,,,,,,,188,215,,310,,,,,,,,,,,,,,
Feni 2,Chattogram,Feni,Feni Sadar,437078,225881,211194,140,11,211268,138732,72533,Zainal Abedin,Bangladesh Nationalist Party (BNP),131210,Mohammad Mojibur Rahman Bhuiyan,Amar Bangladesh Party (AB),80058,703,131210,,,820,1927,,,409,,,80058,,,,,240,,,,,,,239,,,,322,,,,,304,801,,,,,,,,,,,,,
Feni 3,Chattogram,Feni,"Daganbhuiyan, Sonagazi",508194,263227,244965,144,8,265585,161321,100014,Mr. Abdul Awal Mintu,Bangladesh Nationalist Party (BNP),157425,Mohammad Fakhruddin,Bangladesh Jamaat-e-Islami (Jamaat),108160,,157425,108160,,,6701,1427,531,,,,,,,,,,731,,,,,,327,,,,,,,,,320,,,,,,,,,,,,,,
Gaibandha 1,Rangpur,Gaibandha,Sundarganj,419111,207573,211535,114,8,178723,0,0,Md. Mazedur Rahman,Bangladesh Jamaat-e-Islami (Jamaat),140726,Khandaker Ziaul Islam Mohammad Ali,Bangladesh Nationalist Party (BNP),37997,20777,37997,140726,,,1557,25523,,,,,,,,,,,,,,,,,,,,,305,,,,,,141,,,,,,,,,,,,,
Gaibandha 2,Rangpur,Gaibandha,Gaibandha Sadar,411460,202034,209415,114,7,215520,0,0,Md. Abdul Karim,Bangladesh Jamaat-e-Islami (Jamaat),122630,Md. Anisuzzaman Khan Babu,Bangladesh Nationalist Party (BNP),92890,,92890,122630,,,2351,21143,,,,,,,,,2318,,,,,,,,,196,,,620,,,,,,,,,,,,,,,,,,,
Gaibandha 3,Rangpur,Gaibandha,"Sadullapur, Palashbari",506185,248901,257275,134,10,303321,0,0,Abul Kauchar Mohammad Nazrul Islam,Bangladesh Jamaat-e-Islami (Jamaat),162457,Professor Dr. Syed Mainul Hasan Sadiq,Bangladesh Nationalist Party (BNP),139864,853,139864,162457,,,1246,904,,995,,,,,,,298,,,,,,,,49,71,,,,,,,,,,,,,,,,,,,,,,
Gaibandha 4,Rangpur,Gaibandha,Gobindaganj,468384,231616,236758,139,6,282510,0,0,Mohammad Shamim Qaiser,Bangladesh Nationalist Party (BNP),142772,Md. Abdur Rahim Sarkar,Bangladesh Jamaat-e-Islami (Jamaat),139738,777,142772,139738,,,710,1174,,,,,,,,,,,,,98,,,,,,,,,,,,,,,,,,,,,,,,,,,
Gaibandha 5,Rangpur,Gaibandha,"Saghata, Phulchari",385261,192277,192981,145,9,162757,0,0,Md. Abdul Wareth,Bangladesh Jamaat-e-Islami (Jamaat),89274,Md. Faruk Alam Sarkar,Bangladesh Nationalist Party (BNP),73483,8730,73483,89274,,,1839,36138,,,,,,,,,434,,,,,,,,,,,,217,,,,,,,,,,,,,,,,,,,
Gazipur 1,Dhaka,Gazipur,"Kaliakair, Gazipur City Corporation ( 1-18 no. Ward )",720939,360234,360693,237,8,358241,261580,88991,Md. Mojibur Rahman,Bangladesh Nationalist Party (BNP),208688,Md. Shah Alam Bakshi,Bangladesh Jamaat-e-Islami (Jamaat),149553,6703,208688,149553,,,5696,3325,,,,,,,,,,,,,,,,,,,,,232,,,,,,,,168,,,,,,,,,129,,
Gazipur 2,Dhaka,Gazipur,"Gazipur City Corporation ( 19-38 no. Ward, 43-57 no. Ward ), Gazipur Cantonment",804333,400402,403918,272,12,329556,255667,84976,M. Manjurul Karim Roni,Bangladesh Nationalist Party (BNP),188606,Ali Nasser Khan,National Citizen Party (NCP),140950,444,188606,,140950,,12657,4125,,245,,,,,,,1397,,1155,,,,,,417,537,,,250,,,,,,,,,,,,,,,,,200,,
Gazipur 3,Dhaka,Gazipur,"Gazipur Sadar ( Mirzapur, Bhawalgarh, Pirujali ), Sreepur",527360,260191,267162,180,7,262882,195355,80266,S. M. Rafiqul Islam,Bangladesh Nationalist Party (BNP),162343,Muhammad Ehsanul Haque,Khelafat Majlis,100539,21963,162343,,,100539,6036,1995,,,,,,,,,,,484,,,,,,,,,,,,,,,,,,,,,,2332,,,,,,,
Gazipur 4,Dhaka,Gazipur,Kapasia,330977,164429,166548,122,8,192169,127743,58098,Salah Uddin,Bangladesh Jamaat-e-Islami (Jamaat),101779,Shah Riazul Hannan,Bangladesh Nationalist Party (BNP),90390,1521,90390,101779,,,2348,2147,,,,,,,,,1091,,,,,,,,,,,,,,,,,,278,135,,,,,,,,,,,,
Gazipur 5,Dhaka,Gazipur,"Gazipur City Corporation ( 39-42 no. Ward ), Gazipur Sadar ( Baria ), Kaliganj",354643,179093,175548,124,7,211992,133648,78071,A. K. M. Fazlul Haque Milon,Bangladesh Nationalist Party (BNP),133869,Md. Khairul Hassan,Bangladesh Jamaat-e-Islami (Jamaat),78123,,133869,78123,,,4411,1497,837,,,,,,,,,,,,,,,,,6592,,,,,,,,,,,,,223,,,,,,,,,
Gopalganj 1,Dhaka,Gopalganj,"Musksudpur, Kashiani ( Maheshpur,  Parulia, Mahmudpur, Sajail, Kashiani, Ratail, Rajpat )",399510,202816,196694,138,9,123791,54716,128298,Md. Selimuzzaman Mollya,Bangladesh Nationalist Party (BNP),69462,Md. Kabir Miya( Closest ),Gono Odhikar Parishad (GOP),54329,59168,69462,34635,,,5870,621,,54329,,,,,,,349,,,,,,,,,,,,,,,,,,,,,,,,,,,,,,,
Gopalganj 2,Dhaka,Gopalganj,"Kashiani ( Fukra, Orakandi, Hatiara, Singa, Bethuri, Puisur, Nijamkandi ), Gopalganj sadar",384326,194060,190262,151,13,73087,34301,107290,K. M. Babar,Bangladesh Nationalist Party (BNP),40048,M. H. Khan Manju,Independent Candidate (Independent),33039,74118,40048,,,28604,2911,419,,305,,,,,,,,,,,,,,,,,,1371,,,,,,,,,,,215,,,,,,,,,
Gopalganj 3,Dhaka,Gopalganj,"Tungipara, Kotalipara",308784,158403,150380,108,8,95330,33498,93368,"S, M, Jilani",Bangladesh Nationalist Party (BNP),60991,Gobinda Chandra Pramanik,Independent Candidate (Independent),34339,38144,60991,,,25153,4717,,,2600,,,,,,,,,,34339,,,,,,,,,,,,,,,,591,,,269,,,,,,,,,
Habiganj 1,Sylhet,Habiganj,"Bahubal, Nabiganj",466921,236576,230340,177,5,168131,116400,68409,Reza Kibria,Bangladesh Nationalist Party (BNP),111999,Maulana Sirajul Islam,Khelafat Majlis,56132,34637,111999,,,56132,,,5272,,,,,,,,,644,,,,,,,,,,,,,,,,,,,,,,,,,,,,,,
Habiganj 2,Sylhet,Habiganj,"Baniachong,  Ajmiriganj",394756,200162,194590,150,5,192345,0,0,Abu Mansoor Sakhawat Hasan,Bangladesh Nationalist Party (BNP),126583,Abdul Bachit Azad,Khelafat Majlis,65762,1843,126583,,,65762,,941,,,,,,,,,,,448,,,,,,,,,,,,,,,,,,,,,,,,,,,,,
Habiganj 3,Sylhet,Habiganj,"Lakhai, Habiganj Sadar, Shayestaganj",419573,213298,206262,131,6,208883,111578,71938,Alhaj Md. G. K. Gouch,Bangladesh Nationalist Party (BNP),142348,Kazi Mohsin Ahmed,Bangladesh Jamaat-e-Islami (Jamaat),45568,,142348,45568,,,5443,1259,14133,,,,,,,,,,,,,,,,,,,,,,,,,,,,,,,132,,,,,,,,
Habiganj 4,Sylhet,Habiganj,"Chunarughat, Madhabpur",552711,278660,274049,177,9,301965,143372,123026,S. M. Faisal,Bangladesh Nationalist Party (BNP),188072,Md Ghiyas Uddin,Bangladesh Islami Front (BIF),84323,1271,188072,,,26466,,,84323,,,,,,,,,,329,,,,,,484,,,,,,536,,,,,,,,,484,,,,,,,,
Jamalpur 1,Mymensingh,Jamalpur,"Bakshiganj, Dewanganj",431707,216207,215498,127,5,271476,192896,45472,M. Rashiduzzaman Millat,Bangladesh Nationalist Party (BNP),173656,Muhammad Nazmul Haque Saeedee,Bangladesh Jamaat-e-Islami (Jamaat),93661,,173656,93661,,,,,,,,,,,,,,,,,,,,,,,,,,,,,,,,,,,,,,,,,,,,
Jamalpur 2,Mymensingh,Jamalpur,Islampur,282103,144469,137633,92,4,158294,103120,34804,"A. , E. , Sultan Mahmud Babu",Bangladesh Nationalist Party (BNP),95860,Md. Chamiul Haque,Bangladesh Jamaat-e-Islami (Jamaat),62434,174,95860,62434,,,1713,,,,,,,,,,,,,,,,,,,,,,,,,,,,,,,,,,,,,,,,,
Jamalpur 3,Mymensingh,Jamalpur,"Melandah, Motherganj",539504,274257,265241,153,9,288842,227445,53897,Md. Mostafizur Rahman Babul,Bangladesh Nationalist Party (BNP),207412,Md. Mujibur Rahman Azadi,Bangladesh Jamaat-e-Islami (Jamaat),81430,22859,207412,81430,,,2546,844,,412,,,,,,643,,,,,,,,,,,,,,,,,,,,,,,,,,,,,,,,
Jamalpur 4,Mymensingh,Jamalpur,Sarishabari,304992,151527,153464,89,6,147406,122778,47588,Md. Faridul Kabir Talukder,Bangladesh Nationalist Party (BNP),147406,Mohammad Abdul Awal,Bangladesh Jamaat-e-Islami (Jamaat),44947,,147406,44947,,,1302,,,383,,,,,,,1314,,,,,,,,,,,,,,,,379,,,,,,,,,,,,,,,
Jamalpur 5,Mymensingh,Jamalpur,Jamalpur Sadar,576810,281747,295053,159,8,312545,0,0,Shah Md. Waresh Ali Mamun,Bangladesh Nationalist Party (BNP),199344,Muhammad Abdus Sattar,Bangladesh Jamaat-e-Islami (Jamaat),113201,,199344,113201,,,4282,,,539,,,,,,,547,580,,,,,,3739,,,,,,,,225,,,,,,,,,,,,,,,,
Jashore 1,Khulna,Jashore,Sharsha,311633,155807,155823,102,4,215801,0,46906,Muhammad Azizur Rahman.,Bangladesh Jamaat-e-Islami (Jamaat),119093,Md. Nuruzzaman Liton,Bangladesh Nationalist Party (BNP),93542,,93542,119093,,,1768,1398,,,,,,,,,,,,,,,,,,,,,,,,,,,,,,,,,,,,,,,,
Jashore 2,Khulna,Jashore,"Jhikargacha, Chougacha",484866,243374,241490,176,8,334891,214483,96107,Mohammad Mosleh Uddin Farid,Bangladesh Jamaat-e-Islami (Jamaat),180965,Deleted: Sabira Sultana,Bangladesh Nationalist Party (BNP),146447,577,146447,180965,,,5781,,,,,,416,,,,,,472,,,,,,,,,,,,,,,,,,,,,,,,,233,,,,
Jashore 3,Khulna,Jashore,Jessore Sadar (Basundia Union),613460,307549,305901,189,6,388802,290758,93430,Anindya Islam Amit,Bangladesh Nationalist Party (BNP),201339,Md. Abdul Quader,Bangladesh Jamaat-e-Islami (Jamaat),187463,,201339,187463,,,13322,3404,,,,,,,,,753,,,,,,,,,,,,,,,,,,,,,,,,,1772,,,,,,
Jashore 4,Khulna,Jashore,"Bagharpara, Jessore Sadar (Basundia Union), Abhaynagar",458531,228433,230094,149,8,308829,209399,101532,Md. Gholam Rashul,Bangladesh Jamaat-e-Islami (Jamaat),176912,Md. Matiar Rahman Farazi,Bangladesh Nationalist Party (BNP),131917,797,131917,176912,,301,11838,1751,,257,,,,,,,,,,,,,,,,,,,,1510,,,,,,,,,,,,,,,,,,
Jashore 5,Khulna,Jashore,Manirampur,374252,188480,185768,128,6,187751,175871,88809,Gazi Enamul Haque,Bangladesh Jamaat-e-Islami (Jamaat),132876,Shaheed Md. Iqbal Hossain,Independent Candidate (Independent),85045,87148,54875,132876,,,4400,2245,,,,,,,,,,,,,,,,,,,,,,,,,,,,,,,,,,,,,,,,
Jashore 6,Khulna,Jashore,Keshavpur,229163,115244,113917,81,5,172375,103489,63105,Md. Mokhtar Ali,Bangladesh Jamaat-e-Islami (Jamaat),92234,Md. Abul Hossain Azad,Bangladesh Nationalist Party (BNP),80141,,80141,92234,,,1285,990,,,,,672,,,,,,,,,,,,,,,,,,,,,,,,,,,,,,,,,,,
Jhalokathi 1,Barishal,Jhalokathi,"Kathalia, Rajapur",228431,116427,112002,90,10,117130,0,0,Rafiqul Islam Jamal,Bangladesh Nationalist Party (BNP),62010,Faizul Haque,Bangladesh Jamaat-e-Islami (Jamaat),55120,938,62010,55120,,,7744,321,,132,,,,,,,,110,,,,,,2562,,63,,,,,,,,,,,,,,,,,,,,,,
Jhalokathi 2,Barishal,Jhalokathi,"Jhalkathi Sadar, Nalchiti",365397,185451,179944,147,8,183975,147287,53920,Israt Sultana Ilein Bhutto,Bangladesh Nationalist Party (BNP),113419,S. M. Neyamul Karim,Bangladesh Jamaat-e-Islami (Jamaat),70556,3202,113419,70556,,,24543,,,212,,,,,,,,105,,,,,,,,,,,,,,,,,,127,,,,,,,,,,,,
Jhenaidah 1,Khulna,Jhenaidah,Shailkupa,325278,163001,162277,117,5,230436,95743,119762,Md. Asaduzzaman,Bangladesh Nationalist Party (BNP),173381,Abu Saleh Md. Matiur Rahman,Bangladesh Jamaat-e-Islami (Jamaat),57055,,173381,57055,,,,969,,,,,610,,,,,,,,,,,,,,,,309,,,,,,,,,,,,,,,,,,,
Jhenaidah 2,Khulna,Jhenaidah,"Harina Kundu, Jhenaidah Sadar (Maharajpur Union, Fursandi Union, Ghorshal Union, Naldanga Union)",506640,251666,254963,185,6,371686,240355,108911,Ali Azam Md. Abu Bakar,Bangladesh Jamaat-e-Islami (Jamaat),195702,Md. Abdul Majeed,Bangladesh Nationalist Party (BNP),175984,,175984,195702,,,4571,994,,,,,,,,,557,,340,,,,,,,,,,,,,,,,,,,,,,,,,,,,,
Jhenaidah 3,Khulna,Jhenaidah,"Maheshpur, Kotchandpur",431015,217470,213542,166,4,325678,198885,111917,Md. Motiyar Rahman,Bangladesh Jamaat-e-Islami (Jamaat),175857,Mohammad Mehdi Hasan,Bangladesh Nationalist Party (BNP),149821,,149821,175857,,,3820,,,388,,,,,,,,,,,,,,,,,,,,,,,,,,,,,,,,,,,,,,
Jhenaidah 4,Khulna,Jhenaidah,"Jhenaidah Sadar (Maharajpur Union, Fursandi Union, Ghorshal Union, Naldanga Union), Kaliganj, Jhenaidah",333464,168255,165204,117,6,183139,157707,65526,Md. Abu Talib,Bangladesh Jamaat-e-Islami (Jamaat),105999,Md. Saiful Islam Feroze,Independent Candidate (Independent),77104,77104,56224,105999,,,3907,613,,,,,,,,,,,,,,,,,,,,,,,,,,,,,,,267,,,,,,,,,
Joypurhat 1,Rajshahi,Joypurhat,"Panchbibi, Joypurhat Sadar",466274,231984,234282,151,5,320501,0,0,Md. Fazlur Rahman Sayeed,Bangladesh Jamaat-e-Islami (Jamaat),165192,Md. Masud Rana Prodhan,Bangladesh Nationalist Party (BNP),155309,13286,155309,165192,,,,,,,,,,,,,,,578,,,,,,,,,,617,,,,,,,,,,,,,,,,,,,
Joypurhat 2,Rajshahi,Joypurhat,"Kalai, Khetlal, Akkelpur",351572,174177,177393,103,3,252137,0,0,Md. Abdul Bari,Bangladesh Nationalist Party (BNP),158065,S. M. Rashedul Alam,Bangladesh Jamaat-e-Islami (Jamaat),92517,,158065,92517,,,,,,,,,1555,,,,,,,,,,,,,,,,,,,,,,,,,,,,,,,,,,,
Khagrachhari 1,Chattogram,Khagrachhari,Khagrachhari Hill District,554119,280206,273909,196,11,219355,144355,155942,Abdul Wadud Bhuiyan,Bangladesh Nationalist Party (BNP),151040,Dharma Jyoti Chakma,Independent Candidate (Independent),68315,117129,151040,58545,,,3089,1024,,755,,,,,,,,,,,,,,,683,,,,,1030,184,,,,,,,,,,,,,,,,,
Khulna 1,Khulna,Khulna,"Dakop, Batiaghata",307103,152285,154814,110,12,191698,101144,96690,Ameer Ejaz Khan,Bangladesh Nationalist Party (BNP),121352,Krishna Nandi,Bangladesh Jamaat-e-Islami (Jamaat),70346,1604,121352,70346,,,5619,630,169,84,,,,,,,4742,513,,,,,,,,,,,,567,,,,,,,,,,,,,,,,,,169
Khulna 2,Khulna,Khulna,Khulna City Corporation (Wards No. 16 to 31),335241,165762,169469,157,3,181986,136150,50021,Sheikh Jahangir Hossain Helal,Bangladesh Jamaat-e-Islami (Jamaat),93789,Nazrul Islam Manju,Bangladesh Nationalist Party (BNP),88197,,88197,93789,,,7298,,,,,,,,,,,,,,,,,,,,,,,,,,,,,,,,,,,,,,,,,
Khulna 3,Khulna,Khulna,"Khulna City Corporation (Wards No. 1 to 15), Dighlia (Aranghata Union, Yogipol Union)",254409,127636,126765,116,10,140855,101703,44558,Rakibul Islam,Bangladesh Nationalist Party (BNP),74845,Mohammad Mahfuzur Rahman,Bangladesh Jamaat-e-Islami (Jamaat),66010,1087,74845,66010,,,5705,1070,,,,,,,,,,,246,,,,,,,,,,,,,,,,,,,,,,,,141,,,,,
Khulna 4,Khulna,Khulna,"Rupsa, Dighalia (Aranghata Union, Yogipol Union Except), Terkhada",378453,188526,189922,133,4,232692,158550,76349,Azizul Baree Helal,Bangladesh Nationalist Party (BNP),123162,S. M. Sakhaowat Hossain,Khelafat Majlis,109530,859,123162,,,109530,13345,,,,,,,,,,,,,,,,,,,,,,,,,,,,,,,,,,,,,,,,,
Khulna 5,Khulna,Khulna,"Gilatala Cantonment, Phultala, Dumuria",402798,199354,203443,135,4,295100,161938,127381,Mohammad Ali Asghar,Bangladesh Nationalist Party (BNP),148854,Mia Golam Parwar,Bangladesh Jamaat-e-Islami (Jamaat),146246,,148854,146246,,,,1319,,,,,,,,,1790,,,,,,,,,,,,,,,,,,,,,,,,,,,,,,,
Khulna 6,Khulna,Khulna,"Paikgacha, Koira",423331,212869,210461,142,5,275434,176887,94550,Md. Abul Kalam Azad,Bangladesh Jamaat-e-Islami (Jamaat),150724,S. M. Monirul Hasan (Bappi),Bangladesh Nationalist Party (BNP),124710,,124710,150724,,,2950,2717,,,,,,,,,1571,,,,,,,,,,,,,,,,,,,,,,,,,,,,,,,
Kishoreganj 1,Dhaka,Kishoreganj,"Hossainpur, Kishoreganj Sadar",555136,280657,274476,174,8,225167,167822,74597,Md. Mazharul Islam,Bangladesh Nationalist Party (BNP),124035,Hedayatullah Hadi,Khelafat Majlis,101132,37334,124035,,,101816,,,,,,,,,,,925,,234,,,,,,,,,,960,,,,,,,247,,,,,,,,,,,,
Kishoreganj 2,Dhaka,Kishoreganj,"Pakundia, Katiadi",532516,268568,263939,170,8,264644,173377,68644,Advocate Md. Jalal Uddin,Bangladesh Nationalist Party (BNP),143669,Mohammed Shafiqul Islam,Bangladesh Jamaat-e-Islami (Jamaat),120975,1676,143669,120975,,,3566,2113,,121370,,,,,,,,,,,,,,,,,,,,,,,,,,,,,,,,,,222,,,,
Kishoreganj 3,Dhaka,Kishoreganj,"Karimganj, Tarail",448625,230210,218412,149,7,214942,143571,61393,Dr. Muhammad Osman Farooq,Bangladesh Nationalist Party (BNP),112466,Jehad Khan,Bangladesh Jamaat-e-Islami (Jamaat),102476,1487,112466,102476,,,10777,1249,,,,,,,,,,,,,,,,,,,,,,,,,,,,118,,,,,,,,,,,191,
Kishoreganj 4,Dhaka,Kishoreganj,"Itna, Mithamoin, Austagram",408352,211182,197166,147,8,190301,99267,70002,Md. Fazlur Rahman,Bangladesh Nationalist Party (BNP),132472,Md. Rokon Reza Sheikh,Bangladesh Jamaat-e-Islami (Jamaat),57829,5509,132472,57829,,879,2487,,,,,,,,,,,,,,,,,,516,,,,,,,,,,,105,,,,,,,,,,,,
Kishoreganj 5,Dhaka,Kishoreganj,"Nikli, Bajitpur",353566,182452,171108,115,8,146054,134467,48746,Sheikh Mujibur Rahman Iqbal,Independent Candidate (Independent),79604,Sayed Ehsanul Huda,Bangladesh Nationalist Party (BNP),66450,81501,66450,54400,,,2688,295,1313,,,,,,,,,,,,,,,,,,,,,,135,,,,,,,,,,,,,,,,,
Kishoreganj 6,Dhaka,Kishoreganj,"Kuliarchar, Bhairab",428804,221114,207687,142,9,231254,157683,60002,Md. Shariful Alam,Bangladesh Nationalist Party (BNP),187159,Ataullah Amin,Khelafat Majlis,44095,,187159,,,44095,2411,806,2172,,,,,,,,312,,,,,,,,630,,,,,,,,,,,185,,,220,,,,,,,,,
Kurigram 1,Rangpur,Kurigram,"Bhurungamari, Nageshwari",563978,281424,282551,229,6,264115,0,0,Md. Anowarul Islam,Bangladesh Jamaat-e-Islami (Jamaat),141090,Saifur Rahman Rana,Bangladesh Nationalist Party (BNP),123025,,123025,141090,,,3377,2689,,,,,,,,,,,,,,,,,,,,,,,,,,,,,,,,,,,,,,,,
Kurigram 2,Rangpur,Kurigram,"Phulbari, Kurigram Sadar, Rajarhat",604738,299890,304841,204,9,349204,0,0,Atiqur Rahman Mujahid,National Citizen Party (NCP),178869,Md. Sohail Hosnain Kaykobad,Bangladesh Nationalist Party (BNP),170335,,170335,,178869,,,,,,,,,,,,,,,,,,,,,,,,,,,,,,,,,,,,,,,,,,,
Kurigram 3,Rangpur,Kurigram,Ulipur,368470,183064,185406,139,6,187282,0,0,Md. Mahbubul Alam,Bangladesh Jamaat-e-Islami (Jamaat),106923,Tasvir Ul Islam,Bangladesh Nationalist Party (BNP),79352,,79352,106923,,,33380,,,,,,,,,,,,,,,,,,,,,,,,,,,,,,,,,,,,,,,,,
Kurigram 4,Rangpur,Kurigram,"Chilmari, Raomari, Char Rajibpur",362753,181361,181388,130,7,192633,0,0,Md. Mostafizur Rahman,Bangladesh Jamaat-e-Islami (Jamaat),108210,Md. Azizur Rahman,Bangladesh Nationalist Party (BNP),84423,,84423,108210,,,9449,,,,,,,,,,,,,,,,,,,,,,,,,,,,,,,,,,,,,,,,,
Kushtia 1,Khulna,Kushtia,Daulatpur,404504,203492,201011,129,8,252591,0,0,Reza Ahammed,Bangladesh Nationalist Party (BNP),165909,Muhommad Belal Uddin,Bangladesh Jamaat-e-Islami (Jamaat),86682,17864,165909,86682,,,4063,1094,241,613,,,,,,,,203,,,,,,,,,,,,,,,,,,,,,,,,,,,,,,
Kushtia 2,Khulna,Kushtia,"Bheramara, Mirpur",478001,239126,238872,161,5,335904,0,0,Md. Abdul Ghafoor,Bangladesh Jamaat-e-Islami (Jamaat),192083,Raghib Rauf Chowdhury,Bangladesh Nationalist Party (BNP),143821,,143821,192083,,,3887,,1123,,,,,,,,805,,,,,,,,,,,,,,,,,,,,,,,,,,,,,,,
Kushtia 3,Khulna,Kushtia,Kushtia Sadar,440842,217269,223569,140,6,307599,234879,65289,Md. Amir Hamza,Bangladesh Jamaat-e-Islami (Jamaat),182476,Md. Zakir Hossain Sarkar,Bangladesh Nationalist Party (BNP),127559,,127559,182476,,,5153,,,299,,,,,,,,,442,,,,,,,,475,,,,,,,,,,,,,,,,,,,,,
Kushtia 4,Khulna,Kushtia,"Kumarkhali, Khoksa",424417,213504,210908,148,6,287804,197013,85696,Md. Afzal Hossain,Bangladesh Jamaat-e-Islami (Jamaat),148201,Syed Mehdi Ahmed Roomy,Bangladesh Nationalist Party (BNP),139603,,139603,148201,,,13739,,,,,,,,,,,,,,,,,,,,,,,671,,,,,,,308,,255,,,,,,,,,
Lakshmipur 1,Chattogram,Lakshmipur,Ramganj,281302,144658,136644,85,7,146076,101758,47996,Md. Shahadat Hossain,Bangladesh Nationalist Party (BNP),86811,Md. Mahbub Alam,National Citizen Party (NCP),59265,,86811,,59265,,11156,414,,115,,,,,,,,,203,,,,,,,,,,,,,,,,,,,,,,,,106,,,,,
Lakshmipur 2,Chattogram,Lakshmipur,"Raipur, Laxmipur Sadar (North Hamchadi Union, South Hamchadi Union, Dalal Bazar Union, Char Ruhita Union, Parbatinagar Union, Bashikpur Union, Shakchar Union, Char Ramani Mohan Union, Tumchor Union)",493970,254407,239558,146,7,280019,190369,74145,Md. Abul Khair Bhuiyan,Bangladesh Nationalist Party (BNP),146321,S. U. M. Ruhul Amin Bhuiyan,Bangladesh Jamaat-e-Islami (Jamaat),133698,,146321,133698,,,6774,,,424,,,,,,,,,,,,1780,,,,,,,,,,,253,,,,,,,,,,,,288,,,
Lakshmipur 3,Chattogram,Lakshmipur,"Laxmipur Sadar, Lakshmipur Municipality (Bangakhan Union, Dattapara Union, North Jaipur Union, chandrogonj Union, Hazirpara Union, Charshahi Union, Dighli Union, Mandari Union, Laharkandi Union, Bhavaniganj Union, Kusakhali Union,Tewariganj Union)",444472,229709,214758,125,6,258414,177508,68230,Md. Shahid Uddin Chowdhury Annie,Bangladesh Nationalist Party (BNP),135612,Md. Rezaul Karim,Bangladesh Jamaat-e-Islami (Jamaat),122802,,135612,122802,,,5051,1139,,,,488,,,,,,,,,,,,,,,,,,,,,,,,289,,,,,,,,,,,,
Lakshmipur 4,Chattogram,Lakshmipur,"Kamalnagar, Ramgati",418160,218483,199676,120,9,188955,146343,60378,A. B. M. Ashraf Uddin (Nizan),Bangladesh Nationalist Party (BNP),115199,Md. Ashrafur Rahman Hafizullah,Bangladesh Jamaat-e-Islami (Jamaat),73756,1229,115199,73756,,,21103,,,259,,,,,,,,22040,440,,,,,,,,,,,,,,,,,,,,,,,,,,,,,
Lalmonirhat 1,Rangpur,Lalmonirhat,"Patgram, Hatibandha",403561,202707,200852,132,9,268258,0,0,Md. Hasan Razib Prodhan,Bangladesh Nationalist Party (BNP),138686,Md. Anwarul Islam Raju,Bangladesh Jamaat-e-Islami (Jamaat),129572,8954,138686,129572,,,2242,5158,,,,,,,,,,226,,,,,,,,,,,,,,,,,,,143,,,,,,,,,,,
Lalmonirhat 2,Rangpur,Lalmonirhat,"Kaliganj, Aditmari",432964,217200,215761,144,7,241198,0,0,Md. Rokon Uddin Babul,Bangladesh Nationalist Party (BNP),123946,Md. Firoz Haidar,Bangladesh Jamaat-e-Islami (Jamaat),117252,,123946,117252,,,,,,,,,,,,,,,,,,,,,,,,,,,,,,,,,,,,,,,,,,,,
Lalmonirhat 3,Rangpur,Lalmonirhat,Lalmonirhat Sadar,307970,154167,153801,89,6,195895,0,0,Asadul Habib Dulu,Bangladesh Nationalist Party (BNP),139651,Md. Abu Taher,Bangladesh Jamaat-e-Islami (Jamaat),56244,,139651,56244,,,3283,2150,,,,,,,,427,861,,,,,,,,,,,,,,,,,,,,,,,,,,,,,,,
Madaripur 1,Dhaka,Madaripur,Shibchar,324289,169041,155246,102,10,129433,100797,65418,Sayed Uddin Ahmad Hanzala,Khelafat Majlis,64909,Nadira Akhter,Bangladesh Nationalist Party (BNP),64524,39870,64524,,,64909,6205,180,,3026,,,,,,,208,,,,,,,,,,,,,,,,,,,,69,,,,,,,,,,,
Madaripur 2,Dhaka,Madaripur,"Rajoir, Madaripur Sadar",436233,223624,212601,143,10,108220,88317,87911,Md. Jahandar Ali Mia,Bangladesh Nationalist Party (BNP),61744,Milton Baidya,Independent Candidate (Independent),46476,69837,61744,,,36169,16865,646,,,,,,,,,,,128,,,,,,,,,,,,,,,,,,,,,,,,,,301,,,
Madaripur 3,Dhaka,Madaripur,"Madaripur Sadar (Khoajpur, Jhaudi, Ghatmajhi, Mostafapur, Kendua), Kalkini",387806,202645,185159,134,5,180834,110859,70058,Anishur Rahman,Bangladesh Nationalist Party (BNP),96188,Md. Rafiqul Islam,Bangladesh Jamaat-e-Islami (Jamaat),84646,,96188,84646,,,13058,,,,,,,,,,,,363,,,2507,,,,,,,,,,,,,,,,,,,,,,,,,,
Magura 1,Khulna,Magura,"Sripur, Magura Sadar (Shatrujitpur Union, Berail Polita Union, Kuchiamora Union, Gopalgram Union except)",430775,215268,215504,152,7,292560,154613,114695,Md. Monowar Hossain,Bangladesh Nationalist Party (BNP),185338,Abdul Mateen,Bangladesh Jamaat-e-Islami (Jamaat),89691,,185338,89691,,,13414,1767,,292,,,,,,,,,1237,,,,,,,,,,,,,821,,,,,,,,,,,,,,,,
Magura 2,Khulna,Magura,"Shalikha, Mohammadpur, Magura Sadar (Shatrujitpur Union, Berail Polita Union, Kuchiamora Union, Gopalgram Union)",416634,211546,205085,143,4,284084,157532,103980,Nitai Roy Chowdhury,Bangladesh Nationalist Party (BNP),147896,Md. Mushtarshed Billah,Bangladesh Jamaat-e-Islami (Jamaat),117018,,147896,117018,,,16223,2947,,,,,,,,,,,,,,,,,,,,,,,,,,,,,,,,,,,,,,,,
Manikganj 1,Dhaka,Manikganj,"Daulatpur, Ghior, Shivalaya",461942,231857,230081,180,7,291497,199252,74366,S. A. Jinnah Kabir,Bangladesh Nationalist Party (BNP),137773,Md. Tozammel Hoque,Independent Candidate (Independent),77818,84784,137773,71310,,,3247,,,1066,,,,,,,,,,,,,,,,283,,,,,,,,,,,,,,,,,,,,,,
Manikganj 2,Dhaka,Manikganj,"Harirampur, Manikganj Sadar, ( Putail, Bhararia, Hatipara )  Singair",472622,237205,235413,193,4,268235,188465,55980,Moinul Islam Khan,Bangladesh Nationalist Party (BNP),175776,Md. Salah Uddin,Khelafat Majlis,81531,,175776,,,81531,3847,7081,,,,,,,,,,,,,,,,,,,,,,,,,,,,,,,,,,,,,,,,
Manikganj 3,Dhaka,Manikganj,"Manikganj Sadar,  Saturia",400059,199398,200660,143,9,231587,191908,52595,Afroza Khanam,Bangladesh Nationalist Party (BNP),167345,Muhammad Saeed Noor,Khelafat Majlis,64242,24845,167345,,,64242,2787,1966,,,,,,,,,,3510,,,,,,1337,,,,,,,,,,,,,,,,,,,,,,,,
Meherpur 1,Khulna,Meherpur,"Mujibnagar, Meherpur Sadar",316975,157890,159082,117,4,228712,0,0,Md. Tajuddin Khan,Bangladesh Jamaat-e-Islami (Jamaat),123271,Masood Arun,Bangladesh Nationalist Party (BNP),105441,,105441,123271,,,,1429,,,,,,,,,792,,,,,,,,,,,,,,,,,,,,,,,,,,,,,,,
Meherpur 2,Khulna,Meherpur,Gangni,270705,135087,135615,190,3,182294,126547,31159,Md. Nazmul Huda,Bangladesh Jamaat-e-Islami (Jamaat),96306,Md. Amzad Hossain,Bangladesh Nationalist Party (BNP),85988,,85988,96306,,,,1791,,,,,,,,,,,,,,,,,,,,,,,,,,,,,,,,,,,,,,,,
Moulvibazar 1,Sylhet,Moulvibazar,"Barlekha, Juri",337816,172998,164816,112,6,181295,0,0,Nasir Uddin Ahmed,Bangladesh Nationalist Party (BNP),98282,Md. Shariful Islam,Bangladesh Jamaat-e-Islami (Jamaat),83013,,98282,166026,,,,,,,,,,,,,,,,,,,,,,,,,,,,,,,,,,,,,,,,,,,,
Moulvibazar 2,Sylhet,Moulvibazar,Kulaura,303020,157128,145892,103,8,141839,0,0,Md. Shawkatul Islam,Bangladesh Nationalist Party (BNP),88381,Md. Sayeed Ali,Bangladesh Jamaat-e-Islami (Jamaat),53458,,88381,53458,,,,,,,,,,,,,,,,,,,,,,,,,,,,,,,,,,,,,,,,,,,,
Moulvibazar 3,Sylhet,Moulvibazar,"Rajnagar, Moulvibazar Sadar",486212,248109,238099,174,4,234393,0,0,Nasser Rahman,Bangladesh Nationalist Party (BNP),156757,Md. Abdul Mannan,Bangladesh Jamaat-e-Islami (Jamaat),77636,,156757,77636,,1361,,,,,,,,,,,,,,,,,,,,,,,,,,,,,,,,,,,,,,,,,,
Moulvibazar 4,Sylhet,Moulvibazar,"Kamolganj, Sreemangal",487892,246202,241688,160,6,218797,0,0,Md. Mujibur Rahman Chowdhury,Bangladesh Nationalist Party (BNP),169608,Sheikh Noor E Alam Hamidi,Khelafat Majlis,49189,33911,169608,,71,49189,,,,,,,,,,,,,,,,,,,,,,,,,,,,,,,,,,,,,,,,,,
Munshiganj 1,Dhaka,Munshiganj,"Srinagar, Sirajdikhan",545519,280716,264802,170,6,269130,210728,77561,Md. Abdullah,Bangladesh Nationalist Party (BNP),167562,A. K. M. Fakhruddin Razi,Bangladesh Jamaat-e-Islami (Jamaat),101568,30678,167562,101568,,,9039,,,,,,,,,,443,,,,,,,,320,,,,,,,,,,,,,,,,,,,,,,,
Munshiganj 2,Dhaka,Munshiganj,"Louhajang, Tongibari",378492,194720,183772,130,5,179727,132557,51842,Abdus Salam Azad,Bangladesh Nationalist Party (BNP),121154,Majedul Islam,National Citizen Party (NCP),58573,,121154,,58573,,13387,2857,651,,,,,,,,,,,,,,,,,,,,,,,,,,,,,,,,,,,,,,,
Munshiganj 3,Dhaka,Munshiganj,"Munshiganj Sadar, Gazaria",509467,263075,246390,169,8,213627,197792,57164,Md. Kamruzzaman,Bangladesh Nationalist Party (BNP),124691,Md. Mohiuddin,Independent Candidate (Independent),88936,88936,124691,,,54456,6392,804,,,,,,,,,304,,,,174,,,,,,,,,,,,,,,,155,,,,,,,,,,,
Mymensingh 1,Mymensingh,Mymensingh,"Dhobaura, Haluaghat",483712,241604,242104,143,7,210191,169644,66607,Mohammed Salman Omar,Independent Candidate (Independent),108265,Syed Imran Saleh,Bangladesh Nationalist Party (BNP),101926,108265,101926,,,53222,3125,,,,,,,,,,174,,,,,,,,,,,,224,,,,,,,,274,,,,,,,,,,,
Mymensingh 10,Mymensingh,Mymensingh,Gafargaon,409364,209120,200241,111,9,142598,129414,58334,Mohammad Akhtaruzzaman,Bangladesh Nationalist Party (BNP),75585,Abu Bakar Siddiqur Rahman,Independent Candidate (Independent),67013,67399,75585,66063,,,2504,369,,,,322,,,,364,299,,,,,,,,,,,,,,,,,,,,,,,,,,,,,,,
Mymensingh 11,Mymensingh,Mymensingh,Baluka,358659,178020,180636,105,5,177246,119208,59211,Fakhr Uddin Ahmed,Bangladesh Nationalist Party (BNP),111230,Muhammad Morshed Alam,Independent Candidate (Independent),66016,66016,111230,,22195,,391,,,1855,,,,,,,,,,,,,,,,,,,,,,,,,,,,,,,,,,,,,,
Mymensingh 2,Mymensingh,Mymensingh,"Phulpur, Tarakanda",576167,294451,281713,174,7,264640,217169,68798,Muhammadullah,Khelafat Majlis,146202,Motahar Hossain Talukder,Bangladesh Nationalist Party (BNP),118438,49862,118438,,,146202,3857,725,,,,,,,,,,,,,,1071,,,,,,,,,,,,,,,,,,,,,,,,,,
Mymensingh 3,Mymensingh,Mymensingh,Gouripur,298268,150780,147487,92,5,141315,104092,42675,M. Iqbal Hossain,Bangladesh Nationalist Party (BNP),75320,Ahmed Tayebur Rahman,Independent Candidate (Independent),65995,65995,75320,,,,2745,,,,,,,,,,,,,,,,25706,,,,,,354,,,,,,,,,,,,,,,,,,,
Mymensingh 4,Mymensingh,Mymensingh,Mymensingh Sadar,695306,345005,350291,177,9,351548,250708,93293,Md. Abu Wahab Akand Wahid,Bangladesh Nationalist Party (BNP),179668,Mohammad Kamrul Ahsan,Bangladesh Jamaat-e-Islami (Jamaat),171880,,179668,171880,,,8701,3845,,,,,,,,456,1397,,,,,892,,,,,,,740,,,,,,,373,,,,,,,,,,,,
Mymensingh 5,Mymensingh,Mymensingh,Muktagacha,387927,194275,193650,104,5,231122,154913,52345,Mohammad Zakir Hossain,Bangladesh Nationalist Party (BNP),128896,Md. Matiur Rahman Akand,Bangladesh Jamaat-e-Islami (Jamaat),102228,,128896,102228,,,3648,,,,,,348,,,815,,,,,,,,,,,,,,,,,,,,,,,,,,,,,,,,
Mymensingh 6,Mymensingh,Mymensingh,Phulbaria,417927,210330,207595,121,5,130656,160205,47472,Md. Kamrul Hasan,Bangladesh Jamaat-e-Islami (Jamaat),77325,Akhtar Sultana,Independent Candidate (Independent),53331,105301,49476,77325,,,1967,,,,,,,,,,,,,,,,,,,,,,,,,,,,,,,,,,,,,,,,,
Mymensingh 7,Mymensingh,Mymensingh,Trishal,403249,205179,198070,120,6,183900,149865,45440,Dr. Md. Mahabubur Rahman,Bangladesh Nationalist Party (BNP),99049,Md. Asaduzzaman Sohel,Bangladesh Jamaat-e-Islami (Jamaat),84851,34372,99049,84851,,,4058,579,,,,,,,,,,,,,,,,,,,,,,,,,,,,,,,,,,,,,,,,
Mymensingh 8,Mymensingh,Mymensingh,Ishwarganj,348879,179437,169436,92,4,155200,116473,46332,Lutfullah-el-Mazed,Bangladesh Nationalist Party (BNP),108685,Md. Aurangzeb Belal,Bangladesh Liberal Democratic Party (LDP),46515,,108685,,,,33029,1719,,,,46515,,,,,,,,,,,,,,,,,,,,,,,,,,,,,,,,,,,,
Mymensingh 9,Mymensingh,Mymensingh,Nandail,384641,198692,185942,121,6,156929,121092,40583,Yasser Khan Chowdhury,Bangladesh Nationalist Party (BNP),85761,A. K. M. Anwarul Islam,Bangladesh Development Party (BDP),71168,30509,85761,,,,5596,798,,,,,,71168,,,,,,,,,,,,,,,,,,,,,,,,,252,,,,,,,,,
Naogaon 1,Rajshahi,Naogaon,"Niamatpur, Porsha, Sapahar",474067,235379,238684,165,5,327680,219689,106016,Md. Mostafizur Rahman,Bangladesh Nationalist Party (BNP),173864,Moha: Mahbubul Alam,Bangladesh Jamaat-e-Islami (Jamaat),153816,18088,173864,153816,,,9058,4243,,,,,,,,,,,,,,,,,,,,,,,,,,,,,,,,,,,,,,,,
Naogaon 2,Rajshahi,Naogaon,"Patnitala, Dhamirhat",372436,185375,187059,124,3,276059,170832,89554,Md. Enamul Haque,Bangladesh Jamaat-e-Islami (Jamaat),141526,Md. Shamsuzzoha Khan,Bangladesh Nationalist Party (BNP),134533,,134533,141526,,,,,,,,,2580,,,,,,,,,,,,,,,,,,,,,,,,,,,,,,,,,,,
Naogaon 3,Rajshahi,Naogaon,"Badalgachhi, Mahadevpur",440785,218988,221796,141,8,286310,194071,91960,Md. Fazle Huda,Bangladesh Nationalist Party (BNP),166889,Md. Mahfuzur Rahman,Bangladesh Jamaat-e-Islami (Jamaat),119421,17952,166889,119421,,,3643,4869,,,,,,,,,,,1233,,,,,,,,,,,,,,,,,,,,,,,,,195,,,,
Naogaon 4,Rajshahi,Naogaon,Manda,333862,165643,168215,117,6,231509,143276,68393,Ekramul Bari Tipu,Bangladesh Nationalist Party (BNP),133924,Md. Abdur Rakib,Bangladesh Jamaat-e-Islami (Jamaat),97585,712,133924,97585,,,609,1327,,,,,,,,,2313,,,,,,,,,,,,,,,,,,,,,,,,,,,,,,,
Naogaon 5,Rajshahi,Naogaon,Naogaon Sadar,363030,180031,182994,113,5,234105,166832,53493,Md. Zahidul Islam Dhalu,Bangladesh Nationalist Party (BNP),129385,Abu Sadat Md. Sayem,Bangladesh Jamaat-e-Islami (Jamaat),104747,,129385,104747,,,4101,2176,,,,,,,,,741,,,,,,,,,,,,,,,,,,,,,,,,,,,,,,,
Naogaon 6,Rajshahi,Naogaon,"Raninagar, Atrai",345416,174350,171061,114,5,206495,147618,58537,Sheikh Md. Rezaul Islam,Bangladesh Nationalist Party (BNP),108866,Md. Khobirul Islam,Bangladesh Jamaat-e-Islami (Jamaat),97629,19638,108866,97629,,,1833,,,,,,,,,,,,,,,,,,,,555,,,,,,,,,,,,,,,,,,,,,
Narail 1,Khulna,Narail,"Kalia, Narail Sadar (Sheikhhati Union, Kalora Union, Singasholpur Union, Bhadrabila Union, Bichali Union, Mulia Union)",294155,148505,145648,110,8,175200,100554,70959,Bishwas Jahangir Alam,Bangladesh Nationalist Party (BNP),99975,Md. Obaidullah,Bangladesh Jamaat-e-Islami (Jamaat),75225,3105,99975,75225,,,6352,461,,,,,,,,,,,,,,,,,,,,,,,,,,,,,,,,,,,,,,,,
Narail 2,Khulna,Narail,"Lohagra, Narail Sadar (Sheikhhati Union,Kolora Union, Singasholpur Union, Bhadrabila Union, Bichali Union, Mulia Union Except)",390988,194245,196739,147,8,196599,148247,86942,Md. Ataur Rahman,Bangladesh Jamaat-e-Islami (Jamaat),118142,Md. Monirul Islam,Independent Candidate (Independent),78457,78676,45463,118142,,,4729,688,,339,,,,,,,,,,,,,,,,,,,,,,,,,,,,,,220,,,,,,,,
Narayanganj 1,Dhaka,Narayanganj,Rupganj,408829,207849,200977,128,7,250048,188350,52470,Mustafizur Rahman Bhuiyan,Bangladesh Nationalist Party (BNP),158358,Md. Anwar Hossain Molla,Bangladesh Jamaat-e-Islami (Jamaat),91690,463,158358,91690,,,7186,,,219,,,,,,,261,,,,,,,,207,,,,,,,,,,,,,,,,,,,,,,,
Narayanganj 2,Dhaka,Narayanganj,Araihazar,364098,187801,176292,117,7,205345,166948,43876,Md. Nazrul Islam Azad,Bangladesh Nationalist Party (BNP),124291,Md. Elias Molla,Bangladesh Jamaat-e-Islami (Jamaat),81054,18744,124291,81054,,,5265,,,142,,,,,,,350,,,,,,,,,,227,,,,,,,,,,,,,,,,,,,,,
Narayanganj 3,Dhaka,Narayanganj,Sonargaon,593348,302290,291055,131,11,290318,245793,68660,Azharul Islam Mannan,Bangladesh Nationalist Party (BNP),155400,Md. Iqbal Hossain Bhuiyan,Bangladesh Jamaat-e-Islami (Jamaat),134918,24975,155400,134918,,1193,14223,,,314,,,137,,,638,,,,,,,,,,285,,,,,,,,1193,,,,,,,,,,,,,,
Narayanganj 4,Dhaka,Narayanganj,"Narayanganj Sadar, Narayanganj City Corporation ( 1-10 no. Ward )",540783,273715,267062,231,13,186790,202774,49607,Abdullah Al Amin,National Citizen Party (NCP),106171,Monir Hossain,Jamiat Ulema-e-Islam Bangladesh (JUIB),80619,48360,,,106171,800,16746,817,,106,80619,,,,,,479,370,282,,,643,,,,,11328,,,,,,,,,,,,,,,,,,,,,
Narayanganj 5,Dhaka,Narayanganj,"Narayanganj Sadar ( Alirtek, Gognagar ), Narayanganj City Corporation ( 11-27 no. Ward ), Bandar",485288,243768,241512,175,10,215995,193413,64393,Abul Kalam,Bangladesh Nationalist Party (BNP),114799,A. B. M. Sirajul Mamun,Khelafat Majlis,101196,34151,114799,,,101196,7708,,4650,643,,,,,,1023,1575,,370,,,,,,,,,,,,,,,,,,,,,242,,,,,,,,
Narsingdi 1,Dhaka,Narsingdi,Narsingdi Sadar,477209,243945,233252,136,8,256754,0,0,Khairul Kabir Khokon,Bangladesh Nationalist Party (BNP),161405,Md. Ibrahim Bhuiyan,Bangladesh Jamaat-e-Islami (Jamaat),95349,,161405,95349,,,13547,1012,955,485,,,,,,,,,,,,,,,207,,,,,,,,,,,,,,179,,,,,,,,,
Narsingdi 2,Dhaka,Narsingdi,"Narsingdi Sadar ( Amdia,  Panchdona, Meherpara ), Palash",286218,145235,140978,90,6,148659,0,0,Dr. Abdul Moin Khan,Bangladesh Nationalist Party (BNP),92739,Md. Amjad Hossain,Bangladesh Jamaat-e-Islami (Jamaat),55920,,92739,55920,19540,,,1285,708,,,,,,,,,,,,,,,,235,,,,,,,,,,,,,,,,,,,,,,,
Narsingdi 3,Dhaka,Narsingdi,Shibpur,284248,142947,141300,97,8,127743,0,0,Manzoor Elahi,Bangladesh Nationalist Party (BNP),82061,Md. Arif-ul-Islam Mridha,Independent Candidate (Independent),45682,45682,82061,5066,,25493,6843,266,,,,,,,,,,,,,,,,,622,,,1784,,,,,,,,,,,,,,,,,,,,
Narsingdi 4,Dhaka,Narsingdi,"Monohardi, Belabo",428954,212677,216274,158,9,242136,0,0,Sardar Md. Sakhawat Hossain,Bangladesh Nationalist Party (BNP),163392,Md. Jahangir Alam,Bangladesh Jamaat-e-Islami (Jamaat),78744,,163392,78744,,464,7079,1172,,,,,,,,,839,,,,,,,,1728,454,,,,,,163,,,,,,,,,,,,,,,,
Narsingdi 5,Dhaka,Narsingdi,Raipura,494650,255570,239065,163,10,182671,0,0,Md. Ashraf Uddin( Won ),Bangladesh Nationalist Party (BNP),137690,Tajul Islam,Khelafat Majlis,44981,27555,137690,,,44981,33109,500,2424,,,,,,,,,,,,,,,,1076,,,,,,,,,,,,,,,,,,,,,,,
Natore 1,Rajshahi,Natore,"Lalpur, Bagatipara",368276,183595,184679,125,10,266467,0,0,Farzana Sharmin,Bangladesh Nationalist Party (BNP),102726,Md. Abul Kalam Azad,Bangladesh Jamaat-e-Islami (Jamaat),90568,73368,102726,90568,,,1269,552,,298,,,,,,281,,,,,276,,,,,,,,,,,,,,,,,,,,,,,,,,,
Natore 2,Rajshahi,Natore,"Sadar, Naldanga",406886,201655,205222,156,6,299336,0,0,M. Ruhul Quddus Talukder Dulu,Bangladesh Nationalist Party (BNP),162841,Md. Yunus Ali,Bangladesh Jamaat-e-Islami (Jamaat),130066,621,162841,130066,,,2757,2587,,,,,,,,464,,,,,,,,,,,,,,,,,,,,,,,,,,,,,,,,
Natore 3,Rajshahi,Natore,Singra,326872,164088,162781,118,6,228191,0,0,Md. Anwarul Islam,Bangladesh Nationalist Party (BNP),119768,Md. Daudar Mahmud,Independent Candidate (Independent),66492,66864,119768,,20707,,19105,2119,,,,,,,,,,,,,,,,,,,,,,,,,,,,,,,,,,,,,,,,
Natore 4,Rajshahi,Natore,"Gurdaspur, Baraigram",445172,221348,223821,167,5,312840,0,0,Md. Abdul Aziz,Bangladesh Nationalist Party (BNP),170551,Md. Abdul Hakim,Bangladesh Jamaat-e-Islami (Jamaat),135386,,170551,135386,,,3845,2799,,,,,259,,,,,,,,,,,,,,,,,,,,,,,,,,,,,,,,,,,
Netrakona 1,Mymensingh,Netrakona,"Durgapur, Kalmakanda",456182,231751,224427,124,6,245831,137805,79821,Barrister Kaiser Kamal,Bangladesh Nationalist Party (BNP),158343,Ghulam Rabbani,Khelafat Majlis,87488,,158343,,,87488,2220,1023,,,,,,,,,4429,335,,,,,,,,,,,,,,,,,,,,,,,,,,,,,,
Netrakona 2,Mymensingh,Netrakona,"Netrakona Sadar, Barhatta",502438,252379,250047,172,5,238766,153793,79752,Md. Anwarul Haque,Bangladesh Nationalist Party (BNP),171399,Md. Fahim Rahman Khan Pathan,National Citizen Party (NCP),67367,,171399,,67367,,17240,4845,,,,,,,,,,,,,,,,,,,,,,,,,,,,,,,,,,,,,,,,
Netrakona 3,Mymensingh,Netrakona,"Atpara, Kendua",420686,214883,205794,149,6,187430,136005,60787,Rafiqul Islam Hilali,Bangladesh Nationalist Party (BNP),118469,Md. Delwar Hossain Bhuiyan,Independent Candidate (Independent),68961,68961,118469,41556,,,2760,574,358,,,,,,,,,,,,,,,,,,,,,,,,,,,,,,,,,,,,,,,
Netrakona 4,Mymensingh,Netrakona,"Madan, Khaliajuri, Mohanganj",375308,190313,184982,147,5,200641,82125,102113,Md. Lutfuzzaman Babar,Bangladesh Nationalist Party (BNP),160801,Md. Al Helal,Bangladesh Jamaat-e-Islami (Jamaat),39840,,160801,39840,,,2025,,,,,,,,,,3359,,,,282,,,,,,,,,,,,,,,,,,,,,,,,,,,
Netrakona 5,Mymensingh,Netrakona,Purbadhala,290117,147896,142219,81,3,82177,100671,44573,Machum Mustafa,Bangladesh Jamaat-e-Islami (Jamaat),82177,Md. Abu Taher Talukder,Bangladesh Nationalist Party (BNP),79412,,79412,82177,,,8341,,,,,,,,,,,,,,,,,,,,,,,,,,,,,,,,,,,,,,,,,
Nilphamari 1,Rangpur,Nilphamari,"Dimla, Domar",460271,232483,227786,154,8,267384,0,0,Md. Abdus Sattar,Bangladesh Jamaat-e-Islami (Jamaat),150824,Mawlana Md. Monzurul Islam,Jamiat Ulema-e-Islam Bangladesh (JUIB),119059,,,150824,,,1871,24552,,,119059,,,,,,,,,,,,,4501,,,,,312,,,,,,,,,4477,,,,,,210,,,,
Nilphamari 2,Rangpur,Nilphamari,Nilphamari Sadar,385785,193034,192749,135,6,279781,0,0,Al Faruq Abdul Latif,Bangladesh Jamaat-e-Islami (Jamaat),146430,Shahreen Islam,Bangladesh Nationalist Party (BNP),135418,307,135418,146430,,351,3260,,,,,,,,,,,,,,,,,,,,,,,,,,,,,,,,,,,,,193,,,,
Nilphamari 3,Rangpur,Nilphamari,Jaldhaka,294446,149878,144567,105,4,197662,0,0,Obaidullah Salafi,Bangladesh Jamaat-e-Islami (Jamaat),109686,Alhaz Sayed Ali,Bangladesh Nationalist Party (BNP),89807,,89807,109686,,,990,3391,,,,,,,,,,,,,,,,,,,,,,,,,,,,,,,,,,,,,,,,
Nilphamari 4,Rangpur,Nilphamari,"Kishoreganj, Saidpur",451814,226728,225081,169,9,206391,0,0,Abdul Muttakim,Bangladesh Jamaat-e-Islami (Jamaat),126222,Md. Abdul Gafur Sarkar,Bangladesh Nationalist Party (BNP),82086,5270,82086,126222,,,8335,67757,,,,,,,97,,,,,,,,,,,,,,630,,,,,,,,,,,,,,,,,,,
Noakhali 1,Chattogram,Noakhali,"Chatkhil, Sonaimuri (Bargaon Union, Ambernagar Union, Nateshwar Union Except)",452425,233711,218714,129,7,224869,165090,68947,A. M. Mahbub Uddin,Bangladesh Nationalist Party (BNP),126833,Md. Chaif ​​Ulyah,Bangladesh Jamaat-e-Islami (Jamaat),98036,,126833,98036,,,19289,1075,,,,,,,,,,482,,,,,,,188,,,,,,,274,,,,,,,,,,,,,,,,
Noakhali 2,Chattogram,Noakhali,"Sonaimuri (Bargaon Union, Ambernagar Union, Nateshwar Union), Senbag",360081,186305,173775,118,5,151036,138654,54457,Zainul Abdin Farroque,Bangladesh Nationalist Party (BNP),83982,Sultan Muhammad Zakaria Majumdar,National Citizen Party (NCP),67054,44712,83982,,67054,,6217,557,,,,,,,,,,,,,,,,,,,,,,,,,,,,,,,,,,,,,,,,
Noakhali 3,Chattogram,Noakhali,Begamganj,511759,269886,241865,149,7,264972,174292,88693,Md. Barkat Ullah Bulu,Bangladesh Nationalist Party (BNP),141031,Md. Borhan Uddin,Bangladesh Jamaat-e-Islami (Jamaat),123941,794,141031,123941,,800,9861,,,,,,,,,,,747,,,,,,,,,,,,,,,,,,,,,,,,,,,,,,
Noakhali 4,Chattogram,Noakhali,"Noakhali Sadar, Subarnachar",700339,366659,333677,196,7,368171,223535,133640,Md. Shahjahan,Bangladesh Nationalist Party (BNP),219182,Md. Ishak Khandaker,Bangladesh Jamaat-e-Islami (Jamaat),148989,,219182,148989,,,14783,2344,,542,,,,,,,,,,,,,,,493,,,,917,,,,,,,,,,,,,,,,,,,
Noakhali 5,Chattogram,Noakhali,"Kabirhat, Companyganj, Noakhali",503851,261779,242072,132,12,268261,167697,98834,Mohammad Fakhrul Islam,Bangladesh Nationalist Party (BNP),147808,Mohammad Belayet Hossain,Bangladesh Jamaat-e-Islami (Jamaat),120453,947,147808,120453,,,6224,1684,277,,,,,,,,,298,,,,,,,162,4855,141,,173,,,,,,,,,,,,,,,,,,,
Noakhali 6,Chattogram,Noakhali,Hatia,339185,178309,160874,96,10,155920,103131,53732,Abdul Hannan Masood,National Citizen Party (NCP),91899,Mohammad Mahbuber Rahman,Bangladesh Nationalist Party (BNP),64021,8547,64021,,91899,,2197,280,,191,,86,,,,,,1239,,,,505,,,,,,,,,,,,,,,,,,,,,,,,,,
Pabna 1,Rajshahi,Pabna,"Santhia,Fence,Fence Municipality (Haturia Nakalia Union,New Varenga Union,Kaitola union, Chakla Union)",464904,237675,227228,125,4,234219,0,0,Mohammad Najibur Rahman,Bangladesh Jamaat-e-Islami (Jamaat),129974,Md. Shamsur Rahman,Bangladesh Nationalist Party (BNP),104245,1033,104245,129974,,,1114,,,,,,,,,,,,,,,,,,,,,,,,,,,,,,,,,,,,,,,,,
Pabna 2,Rajshahi,Pabna,"Fence (Old Varenga Union,Jatsakhini Union,Rooppur Union,Masumdia Union,Dhallachar Union),Sujanagar",373425,191467,181957,108,5,292648,0,0,A. K. M. Selim Reza Habib,Bangladesh Nationalist Party (BNP),215406,Md. Hesab Uddin,Bangladesh Jamaat-e-Islami (Jamaat),77242,,215406,77242,,,5884,2260,,,,,,,,,,,,,,,,,,,,,,,,,,,,,,,333,,,,,,,,,
Pabna 3,Rajshahi,Pabna,"Faridpur, Bhangura, Chatmohar",486806,243937,242863,176,8,291671,0,0,Muhammad Ali Ashgar,Bangladesh Jamaat-e-Islami (Jamaat),147475,Md. Hasan Zafir Tuhin,Bangladesh Nationalist Party (BNP),144206,38027,144206,147475,,,1769,1072,,986,,,,,,,,,,,,1420,,,,,,,,,,,,,,,,,173,,,,,,,,,
Pabna 4,Rajshahi,Pabna,"Atgharia, Ishwardi",440168,221442,218720,129,7,271549,0,0,Md. Abu Taleb Mondol,Bangladesh Jamaat-e-Islami (Jamaat),137675,Md. Habibur Rahman (Habib),Bangladesh Nationalist Party (BNP),133874,27970,133874,137675,,,2688,955,,,,,,,,,459,,,,,,,,,,,,,,,,182,,,,,,,,,,,,,,,
Pabna 5,Rajshahi,Pabna,Pabna Sadar,528044,266433,261608,163,4,346919,0,0,Md. Shamshur Rahman Shimul Biswas,Bangladesh Nationalist Party (BNP),181925,Md. Iqbal Hossain,Bangladesh Jamaat-e-Islami (Jamaat),164994,,181925,164994,,,4268,,,,,,442,,,,,,,,,,,,,,,,,,,,,,,,,,,,,,,,,,,
Panchagarh 1,Rangpur,Panchagarh,"Tetulia, Panchagarh Sadar, Atwari",463700,231976,231723,156,7,344218,0,0,Muhammad Naushad Zamir,Bangladesh Nationalist Party (BNP),176169,Md. Sarjis Alam,National Citizen Party (NCP),168049,,176169,,168049,,,,,836,,,,,,,,3009,,,,1018,,,,,,,,,,,,,,,683,,,,,,,261,,,,
Panchagarh 2,Rangpur,Panchagarh,"Boda, Debiganj",417529,209708,207818,131,8,303512,0,0,Farhad Hossain Azad,Bangladesh Nationalist Party (BNP),174650,Md. Shafiul Alam,Bangladesh Jamaat-e-Islami (Jamaat),128862,1854,174650,128862,,,4391,2152,,,,,,,,,935,953,,,,1352,,,,,,,,,,,,,,,,,,,,,,,,,,
Patuakhali 1,Barishal,Patuakhali,"Mirzaganj, Dumki, Patuakhali Sadar",505840,254339,251493,159,6,259294,153092,89268,Altaf Hossain Chowdhury,Bangladesh Nationalist Party (BNP),152087,Md. Firoz Alam,Islami Andolan Bangladesh (IAB),58161,,152087,,,,58161,1055,,347,,,46310,,,,,1334,,,,,,,,,,,,,,,,,,,,,,,,,,,,,,
Patuakhali 2,Barishal,Patuakhali,Baufal,315282,160501,154779,114,5,188607,113100,61005,Md. Shafiqul Islam,Bangladesh Jamaat-e-Islami (Jamaat),100750,Md. Shahidul Alam Talukdar,Bangladesh Nationalist Party (BNP),72676,,72676,100750,,,14418,,,353,,,410,,,,,,,,,,,,,,,,,,,,,,,,,,,,,,,,,,,
Patuakhali 3,Barishal,Patuakhali,"Dasmina, Galachipa",375871,189020,186848,124,5,233127,131114,76554,Md. Nurul Haque,Gono Odhikar Parishad (GOP),97323,Md. Hasan Mamun,Independent Candidate (Independent),81361,82339,,16255,,,38188,,,97323,,,,,,,,,,,,,,,,,,,,,,,,,,,,,,,,,,,,,,
Patuakhali 4,Barishal,Patuakhali,"Kalapara, Rangabali",312603,158123,154475,110,4,209327,125458,61889,A. B. M. Mosharraf Hossain,Bangladesh Nationalist Party (BNP),124013,Mostafizur Rahman,Islami Andolan Bangladesh (IAB),70127,,124013,,,14985,70127,,,202,,,,,,,,,,,,,,,,,,,,,,,,,,,,,,,,,,,,,,
Pirojpur 1,Barishal,Pirojpur,"Nazirpur, Nesharabad, Pirojpur Sadar",392178,198709,193469,167,2,239764,0,0,Masud Sayeedi,Bangladesh Jamaat-e-Islami (Jamaat),132659,Alamgir Hossain,Bangladesh Nationalist Party (BNP),107105,,107105,132659,,,,,,,,,,,,,,,,,,,,,,,,,,,,,,,,,,,,,,,,,,,,
Pirojpur 2,Barishal,Pirojpur,"Kaukhali, Bhandaria, Indurkani",409288,204312,204972,169,7,230093,148341,70881,Ahmad Sohail Manzoor,Bangladesh Nationalist Party (BNP),105185,Shamim Sayeedi,Bangladesh Jamaat-e-Islami (Jamaat),96897,16219,105185,96897,,,6697,4705,,145,,,390,,,,,,,,,,,,,,,,,,,,,,,,,,,,,,,,,,,
Pirojpur 3,Barishal,Pirojpur,Mathbaria,241361,122045,119315,84,6,136375,84457,43365,Md. Ruhul Amin Dulal,Bangladesh Nationalist Party (BNP),63791,Md. Shamim Hamidi,National Citizen Party (NCP),36616,231,63791,,36616,,35968,169,,,,,,,,,,212,,,,,,,,,,,,,,,,,,,,,,,,,,,,,,
Rajbari 1,Dhaka,Rajbari,"Goalanda, Rajbari Sadar",430216,216150,214058,156,4,255633,157525,87225,Ali Newaz Mahmud Khaiyam,Bangladesh Nationalist Party (BNP),154541,Md. Nurul Islam,Bangladesh Jamaat-e-Islami (Jamaat),101092,,154541,101092,,,,2586,,,,,,,,,,,,,,,,,,,,8087,,,,,,,,,,,,,,,,,,,,
Rajbari 2,Dhaka,Rajbari,"Baliakand, Pangsha, Kalukhali",559696,285544,274146,194,9,304553,207625,114767,Md. Haroon-or-Rashid,Bangladesh Nationalist Party (BNP),237254,Jamil Hijazi,National Citizen Party (NCP),67299,37557,237254,,67299,321,8503,2052,,633,,,,,,,,,,,,,,,,,,,,,,,,,,,,,,266,,,,,,,,
Rajshahi 1,Rajshahi,Rajshahi,"Tanor, Godagari",468780,234078,234699,158,5,341688,0,0,Md. Mujibur Rahman,Bangladesh Jamaat-e-Islami (Jamaat),171786,Md. Sharif Uddin,Bangladesh Nationalist Party (BNP),169902,663,169902,171786,,,,,,407,,,1100,,,,,,,,,,,,,,,,,,,,,,,,,,,,,,,,,,,
Rajshahi 2,Rajshahi,Rajshahi,Rajshahi City Corporation,369564,178249,191307,112,6,288916,0,0,Md. Mizanur Rahman Minu,Bangladesh Nationalist Party (BNP),128546,Mohammad Jahangir,Bangladesh Jamaat-e-Islami (Jamaat),100370,801,128546,100370,,,,,,,,,796,,,,,,,,,,,,,,,,,,,,552,,,,387,,,,,,,,,,,
Rajshahi 3,Rajshahi,Rajshahi,"Paba, Mohanpur",423738,210897,212835,128,6,314245,0,0,Mohammad Shafiqul Haque Milon,Bangladesh Nationalist Party (BNP),176318,Md. Abul Kalam Azad,Bangladesh Jamaat-e-Islami (Jamaat),137927,1177,176318,137927,,,1154,2390,,,,,,,,,,,,,,,,,,,,,,,,,,,295,,,,,,,,,,,,,
Rajshahi 4,Rajshahi,Rajshahi,Bagmara,319909,160720,159185,122,4,224687,0,0,Md. Abdul Bari Sardar,Bangladesh Jamaat-e-Islami (Jamaat),115226,D. M. D. Ziaur Rahman,Bangladesh Nationalist Party (BNP),109461,,109461,115226,,,670,1759,,,,,,,,,,,,,,,,,,,,,,,,,,,,,,,,,,,,,,,,
Rajshahi 5,Rajshahi,Rajshahi,"Durgapur, Puthia",353174,176670,176499,132,7,226870,0,0,Professor Nazrul Islam,Bangladesh Nationalist Party (BNP),153425,Manzoor Rahman,Bangladesh Jamaat-e-Islami (Jamaat),73445,9370,153425,73445,,,620,,,,,,,,,,,,,,,938,,,,,,,,,,,,,,,,,,,,,,,,,,
Rajshahi 6,Rajshahi,Rajshahi,"Charghat, Bagha",357054,178068,178984,118,4,240637,0,0,Md. Abu Sayeed Chand,Bangladesh Nationalist Party (BNP),148672,Md. Nazmul Haque,Bangladesh Jamaat-e-Islami (Jamaat),92965,,148672,92965,,,1628,2930,,,,,,,,,,,,,,,,,,,,,,,,,,,,,,,,,,,,,,,,
Rangamati 1,Chattogram,Rangamati,Rangamati District,509272,263411,245859,213,7,263647,71699,179805,Deepen Dewan,Bangladesh Nationalist Party (BNP),201544,Pahel Chakma,Independent Candidate (Independent),31222,31222,201544,,,22715,3672,2974,,449,,,,,,,,,,,1071,,,,,,,,,,,,,,,,,,,,,,,,,,,
Rangpur 1,Rangpur,Rangpur,"Gangachara, Rangpur City Corporation (Wards No. 1 to 8)",375227,188829,186394,123,6,214495,0,0,Md. Raihan Siraji,Bangladesh Jamaat-e-Islami (Jamaat),145088,Md. Mokarram Hossain Sujon,Bangladesh Nationalist Party (BNP),69407,,69407,145088,,,,,,,,,,,,,,,,,,,,,,,,,,,,,,,,,,,,,,,,,,,,
Rangpur 2,Rangpur,Rangpur,"Taraganj, Badarganj",380921,192287,188625,136,5,65176,0,0,A. T. M. Azharul Islam,Bangladesh Jamaat-e-Islami (Jamaat),43076,Muhammad Ali Sarkar,Bangladesh Nationalist Party (BNP),22100,,22100,43076,,,,17487,,,,,,,,,,,,,,,,,,,,,,,,,,,,,,,,,,,,,,,,
Rangpur 3,Rangpur,Rangpur,"Rangpur Sadar, Rangpur City Corporation (Wards No. 9 to 33)",508223,252369,255849,175,8,260405,0,0,Md. Mahbubur Rahman (Belal),Bangladesh Jamaat-e-Islami (Jamaat),175827,Md. Shamsuzzaman Samu,Bangladesh Nationalist Party (BNP),84578,,84578,175827,,,,37933,,,,,,,,,,,,,,,,,,,,,,,,,,,,,,,,,,,,,,,,
Rangpur 4,Rangpur,Rangpur,"Kaunia, Pirgacha",509905,250787,259113,163,7,287563,0,0,Akhter Hossain,National Citizen Party (NCP),147947,Mohammad Emdadul Haque Bhorosha,Bangladesh Nationalist Party (BNP),139616,,139616,,147947,,,499,,,,,,,,,,,,,,,,,,,,,,,,,,,,,,,,,,,,,,,,
Rangpur 5,Rangpur,Rangpur,Mithapukur,469189,232462,236723,150,10,289349,0,0,Md. Golam Rabbani,Bangladesh Jamaat-e-Islami (Jamaat),175208,Md. Golam Rabbani,Bangladesh Nationalist Party (BNP),114141,,114141,175208,,,,15115,,,,,,,,,,,,,,,,,,,,,,,,,,,,,,,,,,,,,,,,
Rangpur 6,Rangpur,Rangpur,Pirganj,355737,176103,179630,111,6,235809,0,0,Md. Nurul Amin,Bangladesh Jamaat-e-Islami (Jamaat),118890,Md. Sadequl Islam,Bangladesh Nationalist Party (BNP),117703,,234622,118890,,,,,,,,,,,,,,,,,,,,,,,,,,,,,,,,,,,,,,,,,,,,
Satkhira 1,Khulna,Satkhira,"Kalaroa, Tala",496848,247873,248973,168,5,363767,228404,121256,Md. Izzat Ullah,Bangladesh Jamaat-e-Islami (Jamaat),193772,Md. Habibul Islam Habib,Bangladesh Nationalist Party (BNP),169995,,169995,193772,,,2071,2544,,,,,,,,,,,,,,,,,,,,,,,,715,,,,,,,,,,,,,,,,
Satkhira 2,Khulna,Satkhira,Satkhira Sadar,535654,265965,269685,138,5,383252,292828,86619,Muhammad Abdul Khaliq,Bangladesh Jamaat-e-Islami (Jamaat),266959,Md. Abdur Rauf,Bangladesh Nationalist Party (BNP),116293,,116293,266959,,,1976,4278,,,,,,,,,,317,,,,,,,,,,,,,,,,,,,,,,,,,,,,,,
Satkhira 3,Khulna,Satkhira,"Debhata, Asashuni, Kaliganj (Champaful Union, Nalta Union, Tarali Union, Tenancy Shimla Union)",502222,253984,248235,154,6,289612,232925,104883,Hafez Muhaj Rabiul Bashar,Bangladesh Jamaat-e-Islami (Jamaat),184233,Md. Shahidul Alam,Independent Candidate (Independent),105379,105379,56819,184233,,,2497,722,,,,,,,,,,,,,,,,,,,,,,583,,,,,,,,,,,,,,,,,,
Satkhira 4,Khulna,Satkhira,"Kaliganj (Champaful Union, Nalta Union, Tarali Union, Tenancy Shimla Union Except), Shyamnagar",298050,150026,148020,142,4,190673,129741,60779,G. M. Nazrul Islam,Bangladesh Jamaat-e-Islami (Jamaat),106913,Md. Moniruzzaman,Bangladesh Nationalist Party (BNP),85426,,85426,106913,,,4902,1142,,,,,,,,,,,,,,,,,,,,,,,,,,,,,,,,,,,,,,,,
Shariatpur 1,Dhaka,Shariatpur,"Zajira, Shariatpur Sadar",395476,207730,187736,135,8,140115,0,0,Saeed Ahmed,Bangladesh Nationalist Party (BNP),77398,Jalaluddin Ahmad,Khelafat Majlis,62717,15003,77398,,475,62717,10817,,,551,,,,,,,,,,,,616,,,,,,,,,,,,,,,,,,,,,,,,,,
Shariatpur 2,Dhaka,Shariatpur,"Naria, Bhedarganj ( Sakhipur Thana )",415135,215993,199140,133,9,200706,0,0,Md. Shafiqul Rahman (Kiron),Bangladesh Nationalist Party (BNP),129814,Mahmud Hossain,Bangladesh Jamaat-e-Islami (Jamaat),70892,452,129814,70892,,,6505,2547,,283,,,,,,,,,,,,,,,,442,,,,,,,,313,,,,,,,,,,,,,,
Shariatpur 3,Dhaka,Shariatpur,"Damudya, Bhedarganj ( Bhedarganj Thana ), Gosairhat",340142,174068,166072,110,4,177200,0,0,Mia Nuruddin Ahmed Apu,Bangladesh Nationalist Party (BNP),107516,Muhammad Azharul Islam,Bangladesh Jamaat-e-Islami (Jamaat),69684,,107516,69684,,,9814,2064,,,,,,,,,,,,,,,,,,,,,,,,,,,,,,,,,,,,,,,,
Sherpur 1,Mymensingh,Sherpur,Sherpur Sadar,450489,224472,226009,144,6,269980,195866,48359,Md. Rashedul Islam Rashed,Bangladesh Jamaat-e-Islami (Jamaat),127811,Sansila Zebrin,Bangladesh Nationalist Party (BNP),78342,62620,78342,127811,456,,,751,,,,,,,,,,,,,,,,,,,,,,,,,,,,,,,,,,,,,,,,
Sherpur 2,Mymensingh,Sherpur,"Nakla, Nalitabari",440035,215786,224249,154,4,231684,147242,55994,Mohammad Fahim Chowdhury,Bangladesh Nationalist Party (BNP),118472,Md. Golam Kibria,Bangladesh Jamaat-e-Islami (Jamaat),108335,,118472,108335,,,4877,,,,,,1038,,,,,,,,,,,,,,,,,,,,,,,,,,,,,,,,,,,
Sherpur 3,Mymensingh,Sherpur,"Jhenaigati, Sreebardi",413377,205077,208293,126,5,,0,0,Abu Taleb Md. Saifuddin,Islami Andolan Bangladesh (IAB),0,Md. Aminul Islam,Independent Candidate (Independent),0,,,,,,,,,,,,,,,,,,,,,,,,,,,,,,,,,,,,,,,,,,,,,,,
Sirajganj 1,Rajshahi,Sirajganj,"Kazipur,Sirajganj Sadar (Ratankandi Union,Bagbati Union,Bahuli Union,Chongagacha Union,Mehra Union)",385024,189676,195344,173,6,225428,0,0,Md. Selim Reza,Bangladesh Nationalist Party (BNP),116613,Md. Shahinur Alam,Bangladesh Jamaat-e-Islami (Jamaat),108815,263,116613,108815,,,,2234,,1170,,,,,,,,,,,,,,,,,,,,,,,321,,,,,,,,,,,,,,,
Sirajganj 2,Rajshahi,Sirajganj,"Sirajganj Sadar (SIALKOL UNION,Khokshabari Union, Sirajganj Sadar,Kawakhola Union,Kaliaharipur Union,Syedabad Union,Kamarkhand upazila)",469878,235248,234626,145,7,316375,0,0,Iqbal Hassan Mahmud,Bangladesh Nationalist Party (BNP),177578,Muhammad Zahidul Islam,Bangladesh Jamaat-e-Islami (Jamaat),138797,,177578,138797,,,2167,,,410,,,,,,,769,,864,,,,,,,181,,,,,,,,,,,,,,,,,,,,,,
Sirajganj 3,Rajshahi,Sirajganj,"Raiganj, Tarash",444427,222737,221683,153,4,293896,0,0,Md. Aynul Haque,Bangladesh Nationalist Party (BNP),174430,Muha. Abdur Rouf Sarkar,Khelafat Majlis,116802,1006,174430,,,116802,,1658,,,,,,,,,,,,,,,,,,,,,,,,,,,,,,,,,,,,,,,,
Sirajganj 4,Rajshahi,Sirajganj,Ullapara,475821,243680,232125,137,5,327274,0,0,Md. Rafiqul Islam Khan,Bangladesh Jamaat-e-Islami (Jamaat),161872,M. Akbar Ali,Bangladesh Nationalist Party (BNP),161278,,161278,161872,,,2216,1213,,,,,,,,,695,,,,,,,,,,,,,,,,,,,,,,,,,,,,,,,
Sirajganj 5,Rajshahi,Sirajganj,"Belkuchi, Chauhali",426321,218664,207655,124,6,241794,0,0,Md. Amirul Islam Khan,Bangladesh Nationalist Party (BNP),134989,Md. Ali Alam,Bangladesh Jamaat-e-Islami (Jamaat),106805,,134989,106805,,,5759,1224,,235,,,,,,,328,,,,,,,,,,,,,,,,,,,,,,,,,,,,,,,
Sirajganj 6,Rajshahi,Sirajganj,Shahjadpur,485387,246412,238972,160,11,275392,180398,79909,M. A. Muhit,Bangladesh Nationalist Party (BNP),171508,S. M. Saif Mostafiz,National Citizen Party (NCP),103884,693,171508,,103884,,2280,1098,1133,,,,271,,,,,890,400,,,,,,,,,,,,,,,,653,,,,,,,,,,,,,
Sunamganj 1,Sylhet,Sunamganj,"Dharmapasha, Tahirpur, Jamalganj",501555,256185,245360,168,3,254740,0,0,Kamruzzaman Kamrul,Bangladesh Nationalist Party (BNP),161774,Tofayel Ahmed,Bangladesh Jamaat-e-Islami (Jamaat),92966,,161774,92966,,,,,,,,,,,,,,,,,,,1184,,,,,,,,,,,,,,,,,,,,,,,,,
Sunamganj 2,Sylhet,Sunamganj,"Derai, Sullah",306052,154652,151399,111,3,162742,0,0,Md. Nashir Chowdhury,Bangladesh Nationalist Party (BNP),99522,Mohammad Shishir Monir,Bangladesh Jamaat-e-Islami (Jamaat),63220,,99522,63220,,,,,,,,,,,,,1232,,,,,,,,,,,,,,,,,,,,,,,,,,,,,,,
Sunamganj 3,Sylhet,Sunamganj,"Jagannathpur, South Sunamganj",373016,189243,183767,145,7,139539,0,0,Mohammad Kaishar Ahmed,Bangladesh Nationalist Party (BNP),97313,Md. Anwar Hossain,Independent Candidate (Independent),42226,42640,97313,,,15061,,,,,,,4937,,,,,,,,,,,,,,,,,,,,,,,,,,,,,,,,,,,
Sunamganj 4,Sylhet,Sunamganj,"Sunamganj Sadar, Bishwamvarpur",372185,189359,182813,112,5,173827,0,0,Nurul Islam,Bangladesh Nationalist Party (BNP),98092,Md. Samach Uddin,Bangladesh Jamaat-e-Islami (Jamaat),75735,26307,98092,75735,,,1935,1789,,,,,,,,,,,,,,,,,,,,,,,,,,,,,,,,,,,,,,,,
Sunamganj 5,Sylhet,Sunamganj,"Dowarabazar, Chatak",527458,270620,256836,164,5,254036,0,0,Kalim Uddin Ahmed,Bangladesh Nationalist Party (BNP),151915,Abu Tahir Muhammad Abdus Salam,Bangladesh Jamaat-e-Islami (Jamaat),102121,,151915,102121,,2278,,1524,,,,,,,,,,,,,,,,,,,,,,,,,,,,433,,,,,,,,,,,,
Sylhet 1,Sylhet,Sylhet,"Sylhet Sadar, Sylhet City Corporation",680946,353186,327747,215,8,308915,0,0,Khandaker Abdul Muktadir,Bangladesh Nationalist Party (BNP),176936,Mahmudul Hasan,Islami Andolan Bangladesh (IAB),134983,,176936,134983,,,134983,,,314,,,,,,,908,,1113,,,,,,,,,,801,,,,,,,,,,,,,,,,,,,
Sylhet 2,Sylhet,Sylhet,"Osmaninagar, Bishwanath",368932,188679,180253,128,5,156591,0,0,Deleted by Tahsina Rushdie,Bangladesh Nationalist Party (BNP),117956,Muhammad Muntashir Ali,Khelafat Majlis,37446,,117956,,,37446,,,,,,,,,,,,,,,,,,,,,,,,,,,,,,,,,,,,,,,,,,
Sylhet 3,Sylhet,Sylhet,"Dakshin Surma, Balaganj, Fenchuganj",416000,211709,204289,151,6,189064,0,0,Mohammad Abdul Malik,Bangladesh Nationalist Party (BNP),115450,Redwanul Haque Chowdhury,Islami Andolan Bangladesh (IAB),76614,,115450,,,73614,76614,,,,,,,,,,,,,,,,,,,,,,,,,,,,,,,,,,,,,,,,,
Sylhet 4,Sylhet,Sylhet,"Companiganj, Gowainghat, Jaintiapur",512933,267130,245802,169,5,258237,0,0,Ariful Haque Chowdhury,Bangladesh Nationalist Party (BNP),181609,Md. Joynal Abedin,Bangladesh Jamaat-e-Islami (Jamaat),65776,,181609,65776,,,,,,10,,,,,,,,,,,,,,,,,,,,,,,,,,,,,,,,,,,,,,
Sylhet 5,Sylhet,Sylhet,"Kanaighat, Zakiganj",428748,221357,207391,158,4,149129,0,0,Mohammad Abul Hasan,Khelafat Majlis,79355,Ubaidullah Farooq,Jamiat Ulema-e-Islam Bangladesh (JUIB),69774,54614,,,,79355,,,,,69774,,,,,,,,,,,,,,,,,,,,,,,,,,,,,,,,,,,,,
Sylhet 6,Sylhet,Sylhet,"Beanibazar, Golapganj",509093,256938,252155,192,5,211486,0,0,Emran Ahmad Chowdhury,Bangladesh Nationalist Party (BNP),109917,Mohammad Salim Uddin,Bangladesh Jamaat-e-Islami (Jamaat),101569,,109917,101569,,,,,,,,,,,,,,,,,,,,,,,,,,,,,,,,,,,,,,,,,,,,
Tangail 1,Dhaka,Tangail,"Madhupur, Dhanbari",437433,216007,221424,148,6,248394,160506,92878,Fakir Mahbub Anam,Bangladesh Nationalist Party (BNP),153932,Muhammad Abdullahel Kafi,Bangladesh Jamaat-e-Islami (Jamaat),94462,28982,153932,94462,,,1731,2194,,,,,,,,,,,,,,,,,,,,,,,,,,,,,,,,,,,,,,,,
Tangail 2,Dhaka,Tangail,"Gopalpur, Bhuapur",418606,210422,208183,138,4,259084,162060,74875,Md. Abdus Salam Pintu,Bangladesh Nationalist Party (BNP),198213,Md. Humayun Kabir,Bangladesh Jamaat-e-Islami (Jamaat),60871,,198213,60871,,,4777,1854,,,,,,,,,,,,,,,,,,,,,,,,,,,,,,,,,,,,,,,,
Tangail 3,Dhaka,Tangail,Ghatail,382720,191864,190853,119,5,190670,142983,64924,Md. Lutfar Rahman Khan Azad,Independent Candidate (Independent),107901,S. M. Obaidul Haque,Bangladesh Nationalist Party (BNP),82769,108988,82769,,34588,,4075,,,,,,,,,,,,,,,,,,,,,,,,,,,,,,,,,,,,,,,,,
Tangail 4,Dhaka,Tangail,Kalihati,374917,189942,184972,113,6,167851,133210,64711,Md. Lutfar Rahman,Bangladesh Nationalist Party (BNP),105342,Abdul Latif Siddiqui,Independent Candidate (Independent),62509,66661,105342,50192,,,1822,758,,,,,,,,,,,,,,,,,,,,,,,,,,,,,,,,,,,,,,,,
Tangail 5,Dhaka,Tangail,Tangail Sadar,462412,231303,231108,130,10,211562,186833,73269,Sultan Salahuddin Tuku,Bangladesh Nationalist Party (BNP),131279,Ahsan Habib,Bangladesh Jamaat-e-Islami (Jamaat),80283,69408,131279,80283,,,2600,1636,,263,,,,,,221,,1092,,,,1189,,,,,,,,,,109,,,,,,,,,,,,,,,,
Tangail 6,Dhaka,Tangail,"Delduar, Nagarpur",468076,236597,231475,154,8,242866,180601,69158,Md. Rabiul Awal,Bangladesh Nationalist Party (BNP),150952,A. K. M. Abdul Hamid,Bangladesh Jamaat-e-Islami (Jamaat),91914,18157,150952,91914,,,24136,1166,,,,,,,,,,,,,,,,3489,,,,,,,,,,,,,,,,,,,,,,,,
Tangail 7,Dhaka,Tangail,Mirzapur,375437,188871,186560,127,3,213785,146317,47141,Abul Kalam Azad Siddiqui,Bangladesh Nationalist Party (BNP),141253,Mohammad Abdullah Ebne Abul Hossain,Bangladesh Jamaat-e-Islami (Jamaat),71040,,141253,71040,,,,,,,,,,,,,,,,,,,,,,,1492,,,,,,,,,,,,,,,,,,,,,
Tangail 8,Dhaka,Tangail,"Basail, Sakhipur",414826,206623,208198,127,6,191347,151337,70937,Ahmed Azam Khan,Bangladesh Nationalist Party (BNP),114217,Salahuddin Alamgir,Independent Candidate (Independent),77130,77130,114217,55709,,,,565,,,,,,,,,,,,,510,,,,,,,,,,,,,,330,,,,,,,,,,,,,
Thakurgaon 1,Rangpur,Thakurgaon,Thakurgaon Sadar,511629,255053,256572,185,3,379853,0,0,Mirza Fakhrul Islam Alamgir,Bangladesh Nationalist Party (BNP),238836,Delowar Hossain,Bangladesh Jamaat-e-Islami (Jamaat),141017,,238836,141017,,,3951,,,,,,,,,,,,,,,,,,,,,,,,,,,,,,,,,,,,,,,,,
Thakurgaon 2,Rangpur,Thakurgaon,"Baliadangi, Ranisankail (Dharmagarh, Kashipur),  Haripur",340049,175232,164816,104,7,236724,0,0,Md. Abdus Salam,Bangladesh Nationalist Party (BNP),121017,Md. Abdul Hakim,Bangladesh Jamaat-e-Islami (Jamaat),115707,,121017,115707,,,437,2876,,1843,,,451,,,,380,,,,,,,,,,,,,,,,,,,,,,,,,,,,,,,
Thakurgaon 3,Rangpur,Thakurgaon,"Ranisankail, Pirganj",364129,184701,179426,128,10,224731,0,0,Md. Zahidur Rahman,Bangladesh Nationalist Party (BNP),132797,Md. Mizanur Rahman,Bangladesh Jamaat-e-Islami (Jamaat),91934,279,132797,91934,,,1295,27133,,552,,,,,,,1548,,,,,503,,,,,,,,680,113,,,,,,,,,,,,,,,,,
