seat_name,BNP_Alliance_TBS,BNP_Alliance_DS,BNP_Diff_TBS_minus_DS,11_Party_TBS,11_Party_DS,11_Party_Diff_TBS_minus_DS
Bogura 6,216284.0,0.0,216284.0,97626.0,0.0,97626.0
Bogura 7,264212.0,158196.0,106016.0,116665.0,0.0,116665.0
Dinajpur 5,98544.0,0.0,98544.0,110195.0,108948.0,1247.0
Netrakona 5,79412.0,0.0,79412.0,82177.0,82177.0,0.0
Kurigram 3,672.0,79352.0,-78680.0,106923.0,107930.0,-1007.0
Jhenaidah 4,77104.0,0.0,77104.0,105999.0,105999.0,0.0
Chandpur 4,69155.0,69155.0,0.0,66692.0,0.0,66692.0
Mymensingh 10,75949.0,75585.0,364.0,66385.0,0.0,66385.0
Brahmanbaria 5,86035.0,85769.0,266.0,60857.0,0.0,60857.0
Rajshahi 2,128546.0,188546.0,-60000.0,101166.0,100370.0,796.0
Khagrachhari 1,151795.0,151040.0,755.0,58545.0,0.0,58545.0
Satkhira 3,56819.0,0.0,56819.0,184233.0,184233.0,0.0
Tangail 8,114727.0,114217.0,510.0,55709.0,0.0,55709.0
Munshiganj 3,124865.0,124691.0,174.0,54750.0,0.0,54750.0
Kishoreganj 5,66450.0,66450.0,0.0,54400.0,0.0,54400.0
Mymensingh 1,101926.0,101926.0,0.0,53496.0,0.0,53496.0
Narsingdi 2,92739.0,92739.0,0.0,109380.0,55920.0,53460.0
Cumilla 2,77037.0,77037.0,0.0,53384.0,0.0,53384.0
Tangail 4,105342.0,105342.0,0.0,50192.0,0.0,50192.0
Mymensingh 6,49476.0,0.0,49476.0,77325.0,77325.0,0.0
Rangpur 2,53626.0,22100.0,31526.0,89456.0,43076.0,46380.0
Narail 2,45802.0,0.0,45802.0,118142.0,118142.0,0.0
Jamalpur 4,147789.0,147406.0,383.0,44947.0,0.0,44947.0
Netrakona 3,118469.0,118469.0,0.0,41556.0,0.0,41556.0
Madaripur 2,61744.0,61744.0,0.0,36169.0,0.0,36169.0
Chattogram 13,126360.0,126192.0,168.0,35030.0,0.0,35030.0
Gopalganj 1,123791.0,123791.0,0.0,34635.0,0.0,34635.0
Tangail 3,82769.0,82769.0,0.0,34588.0,0.0,34588.0
Narsingdi 3,82061.0,82061.0,0.0,30559.0,0.0,30559.0
Gopalganj 2,40353.0,40048.0,305.0,28604.0,0.0,28604.0
Cumilla 7,48509.0,48509.0,0.0,26319.0,0.0,26319.0
Mymensingh 3,75320.0,75320.0,0.0,25706.0,0.0,25706.0
Gopalganj 3,63591.0,60991.0,2600.0,25153.0,0.0,25153.0
Mymensingh 11,111621.0,111230.0,391.0,22195.0,0.0,22195.0
Chattogram 6,113066.0,112237.0,829.0,22118.0,0.0,22118.0
Chattogram 12,135044.0,135044.0,0.0,21824.0,0.0,21824.0
Brahmanbaria 2,0.0,0.0,0.0,20401.0,0.0,20401.0
Sunamganj 3,97313.0,97313.0,0.0,19377.0,0.0,19377.0
Dhaka 20,162504.0,162504.0,0.0,67534.0,57787.0,9747.0
Lalmonirhat 2,118359.0,123946.0,-5587.0,107886.0,117252.0,-9366.0
Sylhet 4,181609.0,186846.0,-5237.0,65776.0,71391.0,-5615.0
Dinajpur 2,139622.0,144317.0,-4695.0,105933.0,101831.0,4102.0
Jamalpur 1,172115.0,173656.0,-1541.0,93661.0,97820.0,-4159.0
Barishal 2,142322.0,141622.0,700.0,78082.0,74082.0,4000.0
Sylhet 6,108612.0,109917.0,-1305.0,97748.0,101569.0,-3821.0
Chattogram 8,152969.0,152969.0,0.0,56913.0,53564.0,3349.0
Sylhet 1,177250.0,173932.0,3318.0,134983.0,134983.0,0.0
Madaripur 1,67550.0,64524.0,3026.0,64978.0,64909.0,69.0
Dhaka 7,104666.0,104666.0,0.0,101266.0,98483.0,2783.0
Naogaon 2,134533.0,134533.0,0.0,144206.0,141526.0,2680.0
Sunamganj 5,151915.0,151915.0,0.0,104399.0,102121.0,2278.0
Narayanganj 3,156552.0,155400.0,1152.0,137017.0,134918.0,2099.0
Sirajganj 1,116302.0,116613.0,-311.0,106732.0,108815.0,-2083.0
Cox's Bazar 2,125740.0,124660.0,1080.0,91889.0,89817.0,2072.0
Cumilla 5,134485.0,134485.0,0.0,126576.0,124547.0,2029.0
Rangpur 4,140564.0,139616.0,948.0,149966.0,147947.0,2019.0
Dhaka 19,190976.0,190976.0,0.0,125283.0,123283.0,2000.0
Dinajpur 6,205118.0,203887.0,1231.0,190703.0,188719.0,1984.0
Kurigram 4,83762.0,84423.0,-661.0,106347.0,108210.0,-1863.0
Thakurgaon 2,122860.0,121017.0,1843.0,116158.0,115707.0,451.0
Kushtia 3,127858.0,126909.0,949.0,182476.0,180690.0,1786.0
Narayanganj 5,116465.0,114799.0,1666.0,101196.0,101196.0,0.0
Dhaka 12,32589.0,30963.0,1626.0,53773.0,53773.0,0.0
Dinajpur 3,140608.0,139207.0,1401.0,136239.0,134618.0,1621.0
Nilphamari 1,0.0,0.0,0.0,150824.0,149224.0,1600.0
Nilphamari 2,135418.0,134579.0,839.0,146781.0,145202.0,1579.0
Dinajpur 4,166717.0,165577.0,1140.0,129056.0,127666.0,1390.0
Nilphamari 4,82086.0,81526.0,560.0,126222.0,124865.0,1357.0
Moulvibazar 4,170877.0,169608.0,1269.0,50204.0,49189.0,1015.0
Sylhet 2,116697.0,117956.0,-1259.0,37446.0,38635.0,-1189.0
Rangpur 6,117703.0,116919.0,784.0,120128.0,118890.0,1238.0
Rangpur 5,115116.0,114141.0,975.0,176411.0,175208.0,1203.0
Sylhet 3,114255.0,115450.0,-1195.0,73614.0,73614.0,0.0
Sunamganj 1,161774.0,161774.0,0.0,94150.0,92966.0,1184.0
Bogura 5,248841.0,248841.0,0.0,144463.0,143329.0,1134.0
Nilphamari 3,89807.0,89102.0,705.0,109686.0,108560.0,1126.0
Feni 2,131619.0,131210.0,409.0,81182.0,80058.0,1124.0
Faridpur 4,127443.0,127443.0,0.0,76923.0,75805.0,1118.0
Satkhira 4,85426.0,84868.0,558.0,106913.0,105805.0,1108.0
Bhola 1,1103.0,0.0,1103.0,75337.0,75337.0,0.0
Rajshahi 1,170309.0,169902.0,407.0,172886.0,171786.0,1100.0
Jamalpur 3,208467.0,207412.0,1055.0,81430.0,81430.0,0.0
Bagerhat 3,102661.0,103711.0,-1050.0,83550.0,83705.0,-155.0
Chattogram 9,110428.0,109388.0,1040.0,53807.0,53807.0,0.0
Sherpur 2,118472.0,118472.0,0.0,109373.0,108335.0,1038.0
Rajshahi 6,148672.0,147672.0,1000.0,92965.0,92965.0,0.0
Gaibandha 3,139864.0,139864.0,0.0,162457.0,163457.0,-1000.0
Pabna 3,145192.0,144206.0,986.0,147475.0,147465.0,10.0
Kishoreganj 4,132472.0,132472.0,0.0,58708.0,57829.0,879.0
Dhaka 5,87584.0,87491.0,93.0,97510.0,96641.0,869.0
Barishal 3,81790.0,80930.0,860.0,61192.0,61192.0,0.0
Panchagarh 1,177005.0,176169.0,836.0,168732.0,168049.0,683.0
Noakhali 3,141031.0,141031.0,0.0,124741.0,123941.0,800.0
Narayanganj 4,106.0,0.0,106.0,106971.0,106171.0,800.0
Kishoreganj 1,124035.0,124035.0,0.0,101816.0,101132.0,684.0
Faridpur 2,122369.0,121694.0,675.0,89305.0,89305.0,0.0
Jashore 6,80141.0,80141.0,0.0,92906.0,92234.0,672.0
Cumilla 3,159924.0,159291.0,633.0,109599.0,109599.0,0.0
Rajbari 2,237887.0,237254.0,633.0,67620.0,67299.0,321.0
Faridpur 1,126476.0,126475.0,1.0,154145.0,154772.0,-627.0
Kushtia 1,166522.0,165909.0,613.0,86682.0,86682.0,0.0
Jhenaidah 1,173381.0,173381.0,0.0,57665.0,57055.0,610.0
Dhaka 8,59974.0,59366.0,608.0,54127.0,54127.0,0.0
Cox's Bazar 3,182096.0,182096.0,0.0,162429.0,161827.0,602.0
Dhaka 16,85576.0,85467.0,109.0,89424.0,88828.0,596.0
Thakurgaon 3,133349.0,132797.0,552.0,91934.0,91934.0,0.0
Shariatpur 1,77949.0,77398.0,551.0,63192.0,62717.0,475.0
Noakhali 4,219724.0,219182.0,542.0,148989.0,148989.0,0.0
Jamalpur 5,199883.0,199344.0,539.0,113201.0,113201.0,0.0
Dhaka 14,83323.0,83323.0,0.0,101636.0,101113.0,523.0
Cumilla 1,141440.0,141440.0,0.0,95356.0,94845.0,511.0
Bhola 4,189351.0,189351.0,0.0,81937.0,81437.0,500.0
Lakshmipur 3,135612.0,135612.0,0.0,123290.0,122802.0,488.0
Narsingdi 1,161890.0,161405.0,485.0,95349.0,95349.0,0.0
Dhaka 3,99647.0,99163.0,484.0,83264.0,83264.0,0.0
Tangail 5,131763.0,131279.0,484.0,80283.0,80283.0,0.0
Narsingdi 4,163392.0,163392.0,0.0,79208.0,78744.0,464.0
Sherpur 1,78342.0,78342.0,0.0,127811.0,128267.0,-456.0
Pabna 5,181925.0,181925.0,0.0,165436.0,164994.0,442.0
Lakshmipur 2,146745.0,146321.0,424.0,133698.0,133698.0,0.0
Sirajganj 2,177988.0,177578.0,410.0,138797.0,138797.0,0.0
Feni 3,157825.0,157425.0,400.0,108480.0,108160.0,320.0
Kishoreganj 2,144064.0,143669.0,395.0,120975.0,120975.0,0.0
Dinajpur 1,179709.0,179314.0,395.0,117481.0,117481.0,0.0
Jhenaidah 3,150209.0,149821.0,388.0,175857.0,175857.0,0.0
Bogura 2,145411.0,145024.0,387.0,93548.0,93548.0,0.0
Bhola 2,119085.0,119085.0,0.0,94084.0,93703.0,381.0
Chapainawabganj 3,127398.0,127037.0,361.0,189640.0,189640.0,0.0
Mymensingh 5,128898.0,128896.0,2.0,102576.0,102226.0,350.0
Dhaka 13,88723.0,88387.0,336.0,86067.0,86067.0,0.0
Chandpur 2,172821.0,172506.0,315.0,57756.0,57473.0,283.0
Shariatpur 2,130097.0,129814.0,283.0,71205.0,70892.0,313.0
Kushtia 4,139603.0,139603.0,0.0,148509.0,148201.0,308.0
Jashore 4,131917.0,131917.0,0.0,177213.0,176912.0,301.0
Patuakhali 1,152434.0,152434.0,0.0,46010.0,46310.0,-300.0
Natore 1,103024.0,102726.0,298.0,90568.0,90568.0,0.0
Cumilla 10,163960.0,163667.0,293.0,123733.0,123733.0,0.0
Bagerhat 1,114323.0,114323.0,0.0,117818.0,117527.0,291.0
Brahmanbaria 6,95631.0,95342.0,289.0,39976.0,39976.0,0.0
Netrakona 4,161083.0,160801.0,282.0,39840.0,39840.0,0.0
Dhaka 1,173781.0,173781.0,0.0,112893.0,112622.0,271.0
Bhola 3,146250.0,145990.0,260.0,57351.0,57351.0,0.0
Lakshmipur 4,115458.0,115199.0,259.0,73756.0,73756.0,0.0
Cumilla 4,49885.0,49885.0,0.0,166831.0,166583.0,248.0
Gazipur 2,188851.0,188606.0,245.0,140950.0,140950.0,0.0
Sirajganj 5,135224.0,134989.0,235.0,106805.0,106805.0,0.0
Narayanganj 1,158577.0,158358.0,219.0,91690.0,91690.0,0.0
Chandpur 1,133249.0,133032.0,217.0,70368.0,70368.0,0.0
Cumilla 6,201921.0,201706.0,215.0,119851.0,119851.0,0.0
Jhalokathi 2,113631.0,113419.0,212.0,70556.0,70556.0,0.0
Noakhali 6,64212.0,64021.0,191.0,91985.0,91899.0,86.0
Gazipur 1,208688.0,208688.0,0.0,149721.0,149553.0,168.0
Chattogram 10,122978.0,122978.0,0.0,77080.0,76919.0,161.0
Chattogram 7,101574.0,101445.0,129.0,41877.0,41719.0,158.0
Pirojpur 2,105330.0,105185.0,145.0,97287.0,97287.0,0.0
Narayanganj 2,124433.0,124291.0,142.0,81054.0,81054.0,0.0
Barishal 6,82356.0,82217.0,139.0,55988.0,55988.0,0.0
Dhaka 6,78988.0,78850.0,138.0,55697.0,55697.0,0.0
Chandpur 3,165536.0,165404.0,132.0,100865.0,100865.0,0.0
Jhalokathi 1,62142.0,62010.0,132.0,55120.0,55120.0,0.0
Brahmanbaria 4,139959.0,139842.0,117.0,91796.0,91796.0,0.0
Lakshmipur 1,86917.0,86811.0,106.0,59265.0,59265.0,0.0
Chattogram 11,116103.0,115999.0,104.0,76681.0,76681.0,0.0
Khulna 1,121436.0,121352.0,84.0,70346.0,70346.0,0.0
Dhaka 11,91914.0,91833.0,81.0,93872.0,93872.0,0.0
Dhaka 17,72699.0,72699.0,0.0,68360.0,68300.0,60.0
Naogaon 5,129385.0,129358.0,27.0,104747.0,104747.0,0.0
Mymensingh 4,179688.0,179668.0,20.0,171880.0,171880.0,0.0
Naogaon 4,133928.0,133924.0,4.0,97585.0,97585.0,0.0
