standard_name,district,humdata_pop,poverty,election,geocode
Abhaynagar,Jashore,Abhaynagar,Abhaynagar,Avoynagar,Abhaynagar
Adabor,Dhaka,Adabor,Adabar,,
Adamdighi,Bogura,Adamdighi,Adamdighi,Adamdighi,Adamdighi
Aditmari,Lalmonirhat,Aditmari,Aditmari,Aditmari,Aditmari
Agailjhara,Barishal,Agailjhara,Agailjhara,Agailjhara,Agailjhara
Ajmiriganj,Habiganj,Ajmiriganj,Ajmiriganj,Ajmiriganj,Ajmiriganj
Akbarshah,Chattogram,,Akbarshah,,
Akhaura,Brahmanbaria,Akhaura,Akhaura,Akhaura,Akhaura
Akkelpur,Joypurhat,Akkelpur,Akkelpur,Akkelpur,Akkelpur
Alamdanga,Chuadanga,Alamdanga,Alamdanga,Alamdanga,Alamdanga
Alfadanga,Faridpur,Alfadanga,Alfadanga,Alfadanga,Alfadanga
Alikadam,Bandarban,Alikadam,Alikadam,Alikadam,Alikadam
Amtali,Barguna,Amtali,Amtali,Amtali,Amtali
Anowara,Chattogram,Anowara,Anwara,Anwara,Anwara
Araihazar,Narayanganj,Araihazar,Araihazar,Araihazar,Araihazar
Ashuganj,Brahmanbaria,Ashuganj,Ashuganj,Ashuganj,Ashuganj
Assasuni,Satkhira,Assasuni,Ashashuni,Ashashuni,Assasuni
Atgharia,Pabna,Atgharia,Atgharia,,
Atghoria,Pabna,,,Atghoria,Atghoria
Atpara,Netrakona,Atpara,Atpara,Atpara,Atpara
Atrai,Naogaon,Atrai,Atrai,Atrai,Atrai
Atwari,Panchagarh,Atwari,Atowari,Atwari,Atwari
Austagram,Kishoreganj,Austagram,Austagram,Ashtagram,Austagram
Babuganj,Barishal,Babuganj,Babuganj,Babuganj,Babuganj
Badalgachhi,Naogaon,Badalgachhi,Badalgachhi,Badalgachhi,Badalgachi
Badarganj,Rangpur,Badarganj,Badarganj,Badarganj,Badargonj
Badda,Dhaka,Badda,Badda,,
Bagatipara,Natore,Bagati Para,Bagatipara,Bagatipara,Bagatipara
Bagerhat Sadar,Bagerhat,Bagerhat Sadar,Bagerhat Sadar,Bagerhat Sadar,Bagerhat Sadar
Bagha,Rajshahi,Bagha,Bagha,Bagha,Bagha
Baghaichhari,Rangamati,Baghai Chhari,Baghaichhari,Baghaichhari,Baghaichari
Bagharpara,Jashore,,Bagharpara,,
Bagherpara,Jashore,Bagher Para,,Bagerpara,Bagherpara
Baghmara,Rajshahi,Baghmara,Bagmara,Bagmara,Bagmara
Bahubal,Habiganj,Bahubal,Bahubal,Bahubal,Bahubal
Bajitpur,Kishoreganj,Bajitpur,Bajitpur,Bajitpur,Bajitpur
Bakalia,Chattogram,Bakalia,Bakalia,,
Bakerganj,Barishal,Bakerganj,Bakerganj,Bakerganj,Bakerganj
Bakshiganj,Jamalpur,Bakshiganj,Bakshiganj,Bakshiganj,Bokshiganj
Balaganj,Sylhet,Balaganj,Balaganj,Balaganj,Balaganj
Baliadangi,Thakurgaon,Baliadangi,Baliadangi,Baliadangi,Baliadangi
Baliakandi,Rajbari,Balia Kandi,Baliakandi,Baliakandi,Baliakandi
Bamna,Barguna,Bamna,Bamna,Bamna,Bamna
Banani,Dhaka,,Banani,,
Banaripara,Barishal,Banari Para,Banaripara,Banaripara,Banaripara
Bancharampur,Brahmanbaria,,,Bancharampur,Bancharampur
Banchharampur,Brahmanbaria,Banchharampur,Banchharampur,,
Bandar,Narayanganj,Bandar,Bandar,Bandar,Bandar
Bandarban Sadar,Bandarban,Bandarban Sadar,Bandarban Sadar,Bandarban Sadar,Bandarban Sadar
Bangshal,Dhaka,Bangshal,Bangshal,,
Baniachong,Habiganj,Baniachong,Baniachong,Baniachong,Baniachong
Banshkhali,Chattogram,Banshkhali,Banshkhali,Banshkhali,Banshkhali
Baraigram,Natore,Baraigram,Baraigram,Baraigram,Baraigram
Barguna Sadar,Barguna,Barguna Sadar,Barguna Sadar,Barguna Sadar,Barguna Sadar
Barhatta,Netrakona,Barhatta,Barhatta,Barhatta,Barhatta
Barishal Sadar,Barishal,Barisal Sadar (Kotwali),Barishal Sadar,Barisal Sadar,Barisal Sadar
Barkal,Rangamati,Barkal,Barkal,Barkal,Barkal
Barlekha,Moulvibazar,Barlekha,Baralekha,Barlekha,Barlekha
Barura,Cumilla,Barura,Barura,Barura,Barura
Basail,Tangail,Basail,Basail,Basail,Basail
Basan,Gazipur,,Basan,,
Batiaghata,Khulna,Batiaghata,Batiaghata,Batiaghata,Botiaghata
Bauphal,Patuakhali,Bauphal,Bauphal,Bauphal,Bauphal
Bayejid Bostami,Chattogram,Bayejid Bostami,Bayejid Bostami,,
Beanibazar,Sylhet,Beani Bazar,Beanibazar,Beanibazar,Beanibazar
Begumganj,Noakhali,Begumganj,Begumganj,Begumganj,Begumganj
Belabo,Narsingdi,Belabo,Belabo,Belabo,Belabo
Belaichhari,Rangamati,Belai Chhari,Belaichhari,Belaichhari,Belaichari
Belkuchi,Sirajganj,Belkuchi,Belkuchi,Belkuchi,Belkuchi
Bera,Pabna,Bera,Bera,Bera,Bera
Betagi,Barguna,Betagi,Betagi,Betagi,Betagi
Bhairab,Kishoreganj,Bhairab,Bhairab,Bhairab,Bhairab
Bhaluka,Mymensingh,Bhaluka,Bhaluka,Bhaluka,Bhaluka
Bhandaria,Pirojpur,Bhandaria,Bhandaria,Bhandaria,Bhandaria
Bhanga,Faridpur,Bhanga,Bhanga,Bhanga,Bhanga
Bhangura,Pabna,Bhangura,Bhangura,Bhangura,Bhangura
Bhasantek,Dhaka,,Bhasantek,,
Bhatara,Dhaka,,Bhatara,,
Bhedarganj,Shariatpur,Bhedarganj,Bhedarganj,Bhedarganj,Bhedarganj
Bheramara,Kushtia,Bheramara,Bheramara,Bheramara,Bheramara
Bhola Sadar,Bhola,Bhola Sadar,Bhola Sadar,Bhola Sadar,Bhola Sadar
Bholahat,Chapainawabganj,Bholahat,Bholahat,Bholahat,Bholahat
Bhuapur,Tangail,Bhuapur,Bhuanpur,Bhuapur,Bhuapur
Bhurungamari,Kurigram,Bhurungamari,Bhurungamari,Bhurungamari,Bhurungamari
Bijoynagar,Brahmanbaria,Bijoynagar,Bijoynagar,,Bijoynagar
Biman Bandar,Dhaka,Biman Bandar,Airport,,
Biral,Dinajpur,Biral,,Biral,
Birampur,Dinajpur,Birampur,Birampur,Birampur,Birampur
Birganj,Dinajpur,Birganj,Birganj,Birganj,Birganj
Birol,Dinajpur,,Birol,,Birol
Bishwambarpur,Sunamganj,Bishwambarpur,Bishwambharpur,Bishwambarpur,Bishwambarpur
Bishwanath,Sylhet,Bishwanath,Bishwanath,Bishwanath,Bishwanath
Boalia,Rajshahi,Boalia,Boalia,,
Boalkhali,Chattogram,Boalkhali,Boalkhali,,Boalkhali
Boalmari,Faridpur,Boalmari,Boalmari,Boalmari,Boalmari
Bochaganj,Dinajpur,Bochaganj,Bochaganj,Bochaganj,Bochaganj
Boda,Panchagarh,Boda,Boda,Boda,Boda
Bogura Sadar,Bogura,Bogra Sadar,Bogura Sadar,Bogra Sadar,Bogra Sadar
Brahmanbaria Sadar,Brahmanbaria,Brahmanbaria Sadar,Brahmanbaria Sadar,Brahmanbaria Sadar,Brahmanbaria Sadar
Brahmanpara,Cumilla,Brahman Para,Brahmanpara,Brahmanpara,Brahmanpara
Burhanuddin,Bhola,Burhanuddin,Borhanuddin,Borhanuddin,Borhan Sddin
Burichang,Cumilla,Burichang,Burichang,Burichang,Burichang
Cantonment,Dhaka,Cantonment,Cantonment,,
Chak Bazar,Dhaka,Chak Bazar,Chalk Bazar,,
Chakaria,Cox's Bazar,Chakaria,Chakaria,Chakaria,Chakaria
Chandanaish,Chattogram,Chandanaish,Chandanaish,Chandanaish,Chandanaish
Chandgaon,Chattogram,Chandgaon,Chandgaon,,
Chandina,Cumilla,Chandina,Chandina,Chandina,Chandina
Chandpur Sadar,Chandpur,Chandpur Sadar,Chandpur Sadar,Chandpur Sadar,Chandpur Sadar
Chandrima,Rajshahi,,Chandrima,,
Chapai Nawabganj Sadar,Chapainawabganj,,,Chapai Nawabganj Sadar,
Chapainawabganj Sadar,Chapainawabganj,Nawabganj Sadar,Chapainawabganj Sadar,,Chapainawabganj Sadar
Char Bhadrasan,Faridpur,Char Bhadrasan,Char Bhadrasan,,
Char Rajibpur,Kurigram,Char Rajibpur,Rajibpur,Char Rajibpur,Charrajibpur
Charbhadrasan,Faridpur,,,Charbhadrasan,Charbhadrasan
Charfasson,Bhola,Char Fasson,Charfasson,Char Fasson,Charfesson
Charghat,Rajshahi,Charghat,Charghat,Charghat,Charghat
Chatkhil,Noakhali,Chatkhil,Chatkhil,Chatkhil,Chatkhil
Chatmohar,Pabna,Chatmohar,Chatmohar,Chatmohar,Chatmohar
Chauddagram,Cumilla,Chauddagram,Chauddagram,,Chauddagram
Chaugachha,Jashore,Chaugachha,Chaugachha,Chaugachha,Chougachha
Chauhali,Sirajganj,Chauhali,,Chauhali,Chauhali
Chawkbazar,Dhaka,,Chawkbazar,,
Chhagalnaiya,Feni,Chhagalnaiya,Chhagalnaiya,Chhagalnaiya,Chhagalnaiya
Chhatak,Sunamganj,Chhatak,Chhatak,Chhatak,Chhatak
Chilmari,Kurigram,Chilmari,Chilmari,Chilmari,Chilmari
Chirirbandar,Dinajpur,Chirirbandar,Chirirbandar,Chirirbandar,Chirirbandar
Chitalmari,Bagerhat,Chitalmari,Chitalmari,Chitalmari,Chitalmari
Chittagong City Corporation (Wards 11-14),Chattogram,,,Chittagong City Corporation (Wards 42-50),
Chittagong Port,Chattogram,Chittagong Port,Chattogram Port,,
Chouhali,Sirajganj,,Chouhali,,
Chuadanga Sadar,Chuadanga,Chuadanga Sadar,Chuadanga Sadar,Chuadanga Sadar,Chuadanga Sadar
Chunarughat,Habiganj,Chunarughat,Chunarughat,Chunarughat,Chunarughat
Comilla City Corporation,Cumilla,,,Comilla City Corporation,
Comilla Sadar,Cumilla,Comilla Adarsha Sadar,Adarsha Sadar,Cumilla Sadar,Comilla Sadar
Comilla Sadar Dakshin,Cumilla,Comilla Sadar Dakshin,Sadar Dakkhin,,Sadarsouth
Companiganj,Noakhali,Companiganj,Companiganj,Companiganj,Companiganj
Cox's Bazar Sadar,Cox's Bazar,Cox's Bazar Sadar,Cox's Bazar Sadar,Cox's Bazar Sadar,Coxsbazar Sadar
DNCC Wards 1,Dhaka,,,DNCC Wards 1,
DNCC Wards 13,Dhaka,,,DNCC Wards 13,
DNCC Wards 19,Dhaka,,,DNCC Wards 19,
DNCC Wards 25,Dhaka,,,DNCC Wards 25,
DNCC Wards 29,Dhaka,,,DNCC Wards 29,
DNCC Wards 36,Dhaka,,,DNCC Wards 36,
DNCC Wards 4,Dhaka,,,DNCC Wards 4,
DNCC Wards 7,Dhaka,,,DNCC Wards 7,
DSCC Wards 1,Dhaka,,,DSCC Wards 1,
DSCC Wards 14,Dhaka,,,DSCC Wards 14,
DSCC Wards 24,Dhaka,,,DSCC Wards 24,
DSCC Wards 29,Dhaka,,,DSCC Wards 29,
DSCC Wards 33,Dhaka,,,DSCC Wards 33,
DSCC Wards 47,Dhaka,,,DSCC Wards 47,
DSCC Wards 58,Dhaka,,,DSCC Wards 58,
Dacope,Khulna,Dacope,Dacope,Dacope,Dakop
Daganbhuiyan,Feni,Daganbhuiyan,Daganbhuiyan,Daganbhuiyan,Daganbhuiyan
Dakshin Sunamganj,Sunamganj,Dakshin Sunamganj,,,
Dakshin Surma,Sylhet,Dakshin Surma,Dakkhin Surma,South Surma,Dakshinsurma
Dakshinkhan,Dhaka,Dakshinkhan,Dakkhinkhan,,
Damudya,Shariatpur,Damudya,Damudya,Damudya,Damudya
Damurhuda,Chuadanga,Damurhuda,Damurhuda,Damurhuda,Damurhuda
Darussalam,Dhaka,Darus Salam,Darussalam,,
Dasar,Madaripur,,Dasar,Dasherhat,Dasar
Dashmina,Patuakhali,Dashmina,Dashmina,Dashmina,Dashmina
Daudkandi,Cumilla,Daudkandi,Daudkandi,Daudkandi,Daudkandi
Daulatkhan,Bhola,Daulatkhan,Daulatkhan,Daulatkhan,Doulatkhan
Daulatpur,Manikganj,Daulatpur,Daulatpur,Daulatpur,Doulatpur
Debhata,Satkhira,Debhata,Debhata,Debhata,Debhata
Debidwar,Cumilla,Debidwar,Debidwar,,Debidwar
Debiganj,Panchagarh,Debiganj,Debiganj,Debiganj,Debiganj
Delduar,Tangail,Delduar,Delduar,Delduar,Delduar
Demra,Dhaka,Demra,Demra,,
Derai,Sunamganj,Derai,Derai,Dirai,Derai
Dewanganj,Jamalpur,Dewanganj,Dewanganj,Dewanganj,Dewangonj
Dhamoirhat,Naogaon,Dhamoirhat,Dhamoirhat,Dhamoirhat,Dhamoirhat
Dhamrai,Dhaka,Dhamrai,Dhamrai,Dhamrai,Dhamrai
Dhanbari,Tangail,Dhanbari,Dhanbari,Dhanbari,Dhanbari
Dhanmondi,Dhaka,Dhanmondi,Dhanmondi,,
Dharmapasha,Sunamganj,Dharampasha,Dharmapasha,Dharmapasha,Dharmapasha
Dhobaura,Mymensingh,Dhobaura,Dhobaura,Dhobaura,Dhobaura
Dhunat,Bogura,Dhunat,Dhunat,Dhunat,Dhunot
Dhupchanchia,Bogura,Dhupchanchia,Dupchachia,,
Dighalia,Khulna,Dighalia,Dighalia,Dighalia,Digholia
Dighinala,Khagrachhari,Dighinala,Dighinala,Dighinala,Dighinala
Dimla,Nilphamari,Dimla,Dimla,Dimla,Dimla
Dinajpur Sadar,Dinajpur,Dinajpur Sadar,Dinajpur Sadar,Dinajpur Sadar,Dinajpur Sadar
Dohar,Dhaka,Dohar,Dohar,Dohar,Dohar
Domar,Nilphamari,Domar,Domar,Domar,Domar
Double Mooring,Chattogram,Double Mooring,Double Mooring,,
Dowarabazar,Sunamganj,Dowarabazar,Dowarabazar,Doarabazar,Dowarabazar
Dumki,Patuakhali,Dumki,Dumki,Dumki,Dumki
Dumuria,Khulna,Dumuria,Dumuria,Dumuria,Dumuria
Dupchanchia,Bogura,,,Dupchanchia,Dupchanchia
Durgapur,Netrakona,Durgapur,Durgapur,Durgapur,Durgapur
EPZ,Chattogram,,EPZ,,
Eidgaon,Coxsbazar,,Eidgaon,,Eidgaon
Fakirhat,Bagerhat,Fakirhat,Fakirhat,Fakirhat,Fakirhat
Faridganj,Chandpur,Faridganj,Faridganj,Faridganj,Faridgonj
Faridpur Sadar,Faridpur,Faridpur,Faridpur,Faridpur Sadar,Faridpur Sadar
Fatikchhari,Chattogram,Fatikchhari,Fatikchhari,,Fatikchhari
Fenchuganj,Sylhet,Fenchuganj,Fenchuganj,Fenchuganj,Fenchuganj
Feni Sadar,Feni,Feni Sadar,Feni Sadar,Feni Sadar,Feni Sadar
Fulbaria,Mymensingh,Fulbaria,Fulbaria,Fulbaria,Fulbaria
Fulchhari,Gaibandha,Fulchhari,Fulchhari,Phulchhari,Phulchari
Fulgazi,Feni,Fulgazi,Fulgazi,Phulgazi,Fulgazi
Gabtali,Bogura,Gabtali,Gabtali,Gabtali,Gabtali
Gachha,Gazipur,,Gachha,,
Gaffargaon,Mymensingh,Gaffargaon,Gafargaon,Gafargaon,Gafargaon
Gaibandha Sadar,Gaibandha,Gaibandha Sadar,Gaibandha Sadar,Gaibandha Sadar,Gaibandha Sadar
Galachipa,Patuakhali,Galachipa,Galachipa,Galachipa,Galachipa
Gangachara,Rangpur,Gangachara,Gangachara,Gangachara,Gangachara
Gangni,Meherpur,Gangni,Gangni,Gangni,Gangni
Gauripur,Mymensingh,Gauripur,Gouripur,Gouripur,Gouripur
Gaurnadi,Barishal,Gaurnadi,Gaurnadi,,
Gazaria,Munshiganj,Gazaria,Gazaria,Gazaria,Gajaria
Gazipur City Corporation (Wards 1-18),Gazipur,,,Gazipur City Corporation (Wards 39-42),
Gazipur City Corporation (Wards 19-38,Gazipur,,,Gazipur City Corporation (Wards 19-38,
Gazipur Sadar,Gazipur,Gazipur Sadar,Joydebpur,Gazipur Sadar,Gazipur Sadar
Gendaria,Dhaka,Gendaria,Gendaria,,
Ghatail,Tangail,Ghatail,Ghatail,Ghatail,Ghatail
Ghior,Manikganj,Ghior,Ghior,Ghior,Gior
Ghoraghat,Dinajpur,Ghoraghat,Ghoraghat,Ghoraghat,Ghoraghat
Goalandaghat,Rajbari,Goalandaghat,Goalanda,Goalanda,Goalanda
Gobindaganj,Gaibandha,Gobindaganj,Gobindaganj,Gobindaganj,Gobindaganj
Godagari,Rajshahi,Godagari,Godagari,Godagari,Godagari
Golabganj,Sylhet,Golabganj,Golapganj,Golapganj,Golapganj
Gomastapur,Chapainawabganj,Gomastapur,Gomastapur,Gomastapur,Gomostapur
Gopalganj Sadar,Gopalganj,Gopalganj Sadar,Gopalganj Sadar,Gopalganj Sadar,Gopalganj Sadar
Gopalpur,Tangail,Gopalpur,Gopalpur,Gopalpur,Gopalpur
Gosairhat,Shariatpur,Gosairhat,Gosairhat,Gosairhat,Gosairhat
Gournadi,Barishal,,,Gournadi,Gournadi
Gowainghat,Sylhet,Gowainghat,Gowainghat,Goainghat,Gowainghat
Guimara,Khagrachhari,,Guimara,,Guimara
Gulshan,Dhaka,Gulshan,Gulshan,,
Gurudaspur,Natore,Gurudaspur,Gurudaspur,Gurudaspur,Gurudaspur
Habiganj Sadar,Habiganj,Habiganj Sadar,Habiganj Sadar,Habiganj Sadar,Habiganj Sadar
Haimchar,Chandpur,Haim Char,Haimchar,Haimchar,Haimchar
Hajiganj,Chandpur,Hajiganj,Hajiganj,Hajiganj,Hajiganj
Hajirhat,Rangpur,,Hajirhat,,
Hakimpur,Dinajpur,Hakimpur,Hakimpur,Hakimpur,Hakimpur
Halishahar,Chattogram,Halishahar,Halishahar,,
Haluaghat,Mymensingh,Haluaghat,Haluaghat,Haluaghat,Haluaghat
Haragachh,Rangpur,,Haragachh,,
Harinakunda,Jhenaidah,Harinakunda,Harinakundu,Harinakunda,Harinakundu
Haripur,Thakurgaon,Haripur,Haripur,Haripur,Haripur
Harirampur,Manikganj,Harirampur,Harirampur,Harirampur,Harirampur
Hathazari,Chattogram,Hathazari,Hathazari,Hathazari,Hathazari
Hatibandha,Lalmonirhat,Hatibandha,Hatibandha,Hatibandha,Hatibandha
Hatirjheel,Dhaka,,Hatirjheel,,
Hatiya,Noakhali,Hatiya,Hatiya,Hatiya,Hatia
Hazaribagh,Dhaka,Hazaribagh,Hazaribag,,
Hizla,Barishal,Hizla,Hijla,Hizla,Hizla
Homna,Cumilla,Homna,Homna,Homna,Homna
Hossainpur,Kishoreganj,Hossainpur,Hossainpur,Hossainpur,Hossainpur
Indurkani,Pirojpur,,Indurkani,Indurkani,
Ishwardi,Pabna,Ishwardi,Ishwardi,Ishwardi,Ishurdi
Ishwarganj,Mymensingh,Ishwarganj,Ishwarganj,Ishwarganj,Iswarganj
Islampur,Jamalpur,Islampur,Islampur,Islampur,Islampur
Itna,Kishoreganj,Itna,Itna,Itna,Itna
Jagannathpur,Sunamganj,Jagannathpur,Jagannathpur,Jagannathpur,Jagannathpur
Jaintiapur,Sylhet,Jaintiapur,Jaintapur,Jaintiapur,Jaintiapur
Jalalabad,Sylhet,,Jalalabad,,
Jaldhaka,Nilphamari,Jaldhaka,Jaldhaka,Jaldhaka,Jaldhaka
Jamalganj,Sunamganj,Jamalganj,Jamalganj,Jamalganj,Jamalganj
Jamalpur Sadar,Jamalpur,Jamalpur Sadar,Jamalpur Sadar,Jamalpur Sadar,Jamalpur Sadar
Jashore Sadar,Jashore,,Jashore Sadar,,
Jatrabari,Dhaka,Jatrabari,Jatrabari,,
Jessore Sadar,Jashore,,,Jessore Sadar,Jessore Sadar
Jhalokati Sadar,Jhalokati,Jhalokati Sadar,Jhalokati Sadar,Jhalokati Sadar,Jhalakathi Sadar
Jhenaidah Sadar,Jhenaidah,Jhenaidah Sadar,Jhenaidah Sadar,Jhenaidah Sadar,Jhenaidah Sadar
Jhenaigati,Sherpur,Jhenaigati,Jhenaigati,Jhenaigati,Jhenaigati
Jhikargachha,Jashore,Jhikargachha,Jhikargachha,,Jhikargacha
Jibannagar,Chuadanga,Jiban Nagar,Jibannagar,Jibannagar,Jibannagar
Joypurhat Sadar,Joypurhat,Joypurhat Sadar,Joypurhat Sadar,Joypurhat Sadar,Joypurhat Sadar
Jurai Chhari,Rangamati,Jurai Chhari,Jurachhari,Jurachhari,
Juraichari,Rangamati,,,,Juraichari
Juri,Moulvibazar,Juri,Juri,Juri,Juri
Kabirhat,Noakhali,Kabirhat,Kabirhat,Kabirhat,Kabirhat
Kachua,Chandpur,Kachua,Kachua,Kachua,Kachua
Kadamtali,Dhaka,Kadamtali,Kadamtali,,
Kafrul,Dhaka,Kafrul,Kafrul,,
Kahaloo,Bogura,Kahaloo,Kahaloo,Kahaloo,Kahaloo
Kaharole,Dinajpur,Kaharole,Kaharole,Kaharole,Kaharol
Kala Para,Patuakhali,Kala Para,Kalapara,Kolapara,Kalapara
Kalabagan,Dhaka,Kalabagan,Kalabagan,,
Kalai,Joypurhat,Kalai,Kalai,Kalai,Kalai
Kalaroa,Satkhira,Kalaroa,Kalaroa,Kalaroa,Kalaroa
Kalia,Narail,Kalia,Kalia,Kalia,Kalia
Kaliakair,Gazipur,Kaliakair,Kaliakair,Kaliakair,Kaliakair
Kaliganj,Gazipur,Kaliganj,Kaliganj,Kaliganj,Kaliganj
Kalihati,Tangail,Kalihati,Kalihati,Kalihati,Kalihati
Kalkini,Madaripur,Kalkini,Kalkini,Kalkini,Kalkini
Kalmakanda,Netrakona,Kalmakanda,Kalmakanda,Kalmakanda,Kalmakanda
Kalukhali,Rajbari,Kalukhali,Kalukhali,Kalukhali,Kalukhali
Kamalganj,Moulvibazar,Kamalganj,Kamalganj,Kamalganj,Kamolganj
Kamalnagar,Lakshmipur,Kamalnagar,Kamalnagar,Kamalnagar,Kamalnagar
Kamarkhanda,Sirajganj,Kamarkhanda,Kamarkhanda,Kamarkhanda,Kamarkhand
Kamrangichar,Dhaka,Kamrangir Char,Kamrangichar,,
Kanaighat,Sylhet,Kanaighat,Kanaighat,Kanaighat,Kanaighat
Kanthalia,Jhalokati,Kanthalia,Kanthalia,,
Kapasia,Gazipur,Kapasia,Kapasia,Kapasia,Kapasia
Kaptai,Rangamati,Kaptai,Kaptai,Kaptai,Kaptai
Karimganj,Kishoreganj,Karimganj,Karimganj,Karimganj,Karimgonj
Karnaphuli,Chattogram,,Karnaphuli,Karnaphuli,Karnafuli
Kasba,Brahmanbaria,Kasba,Kasba,Kasba,Kasba
Kashiadanga,Rajshahi,,Kashiadanga,,
Kashiani,Gopalganj,Kashiani,Kashiani,Kashiani,Kashiani
Kashimpur,Gazipur,,Kashimpur,,
Kathalia,Jhalakathi,,,Kathalia,Kathalia
Katiadi,Kishoreganj,Katiadi,Katiadi,Katiadi,Katiadi
Kaunia,Rangpur,Kaunia,Kaunia,Kaunia,Kaunia
Kawkhali,Pirojpur,Kawkhali (Betbunia),Kawkhali,Kawkhali,Kawkhali
Kazipur,Sirajganj,Kazipur,Kazipur,Kazipur,Kazipur
Kendua,Netrakona,Kendua,Kendua,Kendua,Kendua
Keraniganj,Dhaka,Keraniganj,Keraniganj,Keraniganj,Keraniganj
Keshabpur,Jashore,Keshabpur,Keshabpur,Keshabpur,Keshabpur
Khagrachhari Sadar,Khagrachhari,Khagrachhari Sadar,Khagrachhari Sadar,Khagrachhari Sadar,Khagrachhari Sadar
Khaliajuri,Netrakona,Khaliajuri,Khaliajuri,Khaliajuri,Khaliajuri
Khalishpur,Khulna,Khalishpur,Khalishpur,,
Khan Jahan Ali,Khulna,Khan Jahan Ali,Khan Jahan Ali,,
Khanjahan Ali Police Station Area,Khulna,,,Khanjahan Ali Police Station Area,
Khansama,Dinajpur,Khansama,Khansama,Khansama,Khansama
Khetlal,Joypurhat,Khetlal,Khetlal,Khetlal,Khetlal
Khilgaon,Dhaka,Khilgaon,Khilgaon,,
Khilkhet,Dhaka,Khilkhet,Khilkhet,,
Khoksa,Kushtia,Khoksa,Khoksa,Khoksa,Khoksa
Khulna City Corporation (Wards 1-8,Khulna,,,Khulna City Corporation (Wards 1-8,
Khulna City Corporation (Wards 9-14,Khulna,,,Khulna City Corporation (Wards 9-14,
Khulna Sadar,Khulna,Khulna Sadar,Khulna Sadar,,
Khulshi,Chattogram,Khulshi,Khulshi,,
Kishoreganj,Nilphamari,Kishoreganj,Kishoreganj,Kishoreganj,Kishorganj
Kishoreganj Sadar,Kishoreganj,Kishoreganj Sadar,Kishoreganj Sadar,Kishoreganj Sadar,Kishoreganj Sadar
Konabari,Gazipur,,Konabari,,
Kotalipara,Gopalganj,Kotali Para,Kotalipara,Kotalipara,Kotalipara
Kotchandpur,Jhenaidah,Kotchandpur,Kotchandpur,Kotchandpur,Kotchandpur
Kotwali,Chattogram,Kotwali,Kotwali,,
Koyra,Khulna,Koyra,Koyra,Koyra,Koyra
Kulaura,Moulvibazar,Kulaura,Kulaura,Kulaura,Kulaura
Kuliarchar,Kishoreganj,Kuliar Char,Kuliarchar,Kuliarchar,Kuliarchar
Kumarkhali,Kushtia,Kumarkhali,Kumarkhali,Kumarkhali,Kumarkhali
Kurigram Sadar,Kurigram,Kurigram Sadar,Kurigram Sadar,Kurigram Sadar,Kurigram Sadar
Kushtia Sadar,Kushtia,Kushtia Sadar,Kushtia Sadar,Kushtia Sadar,Kushtia Sadar
Kutubdia,Cox's Bazar,Kutubdia,Kutubdia,Kutubdia,Kutubdia
Lakhai,Habiganj,Lakhai,Lakhai,,Lakhai
Laksam,Cumilla,Laksam,Laksam,Laksam,Laksam
Lakshmichhari,Khagrachhari,Lakshmichhari,Lakkhichhari,,Laxmichhari
Lakshmipur Sadar,Lakshmipur,Lakshmipur Sadar,Lakshmipur Sadar,Lakshmipur Sadar,Lakshmipur Sadar
Lalbagh,Dhaka,Lalbagh,Lalbag,,
Lalmai,Cumilla,,Lalmai,,Lalmai
Lalmohan,Bhola,Lalmohan,Lalmohan,Lalmohan,Lalmohan
Lalmonirhat Sadar,Lalmonirhat,Lalmonirhat Sadar,Lalmonirhat Sadar,Lalmonirhat Sadar,Lalmonirhat Sadar
Lalpur,Natore,Lalpur,Lalpur,Lalpur,Lalpur
Lama,Bandarban,Lama,Lama,Lama,Lama
Langadu,Rangamati,Langadu,Langadu,Langadu,Langadu
Lohagara,Chattogram,Lohagara,Lohagara,Lohagara,Lohagara
Lohajang,Munshiganj,Lohajang,Louhajang,Lohajang,Louhajanj
Madan,Netrakona,Madan,Madan,Madan,Madan
Madarganj,Jamalpur,Madarganj,Madarganj,Madarganj,Madarganj
Madaripur Sadar,Madaripur,Madaripur Sadar,Madaripur Sadar,Madaripur Sadar,Madaripur Sadar
Madhabpur,Habiganj,Madhabpur,Madhabpur,Madhabpur,Madhabpur
Madhukhali,Faridpur,Madhukhali,Madhukhali,Madhukhali,Madhukhali
Madhupur,Tangail,Madhupur,Madhupur,Madhupur,Madhupur
Madhyanagar,Sunamganj,,Madhyanagar,,Madhyanagar
Magura Sadar,Magura,Magura Sadar,Magura Sadar,Magura Sadar,Magura Sadar
Mahadebpur,Naogaon,Mahadebpur,Mahadebpur,Mahadebpur,Mohadevpur
Mahalchhari,Khagrachhari,Mahalchhari,Mahalchhari,Mahalchhari,Mohalchari
Maheshkhali,Cox's Bazar,Maheshkhali,Maheshkhali,Maheshkhali,Moheshkhali
Maheshpur,Jhenaidah,Maheshpur,Maheshpur,,
Mahiganj,Rangpur,,Mahiganj,,
Manda,Naogaon,Manda,Manda,Manda,Manda
Manikchhari,Khagrachhari,Manikchhari,Manikchhari,Manikchhari,Manikchari
Manikganj Sadar,Manikganj,Manikganj Sadar,Manikganj Sadar,Manikganj Sadar,Manikganj Sadar
Manirampur,Jashore,Manirampur,Manirampur,Monirampur,Manirampur
Manohardi,Narsingdi,Manohardi,Manohardi,,
Manoharganj,Cumilla,Manoharganj,Manoharganj,Manoharganj,Monohargonj
Manpura,Bhola,Manpura,Monpura,Manpura,Monpura
Mathbaria,Pirojpur,Mathbaria,Mathbaria,Mathbaria,Mathbaria
Matihar,Rajshahi,Matihar,Matihar,,
Matiranga,Khagrachhari,Matiranga,Matiranga,Matiranga,Matiranga
Matlab Dakkhin,Chandpur,,Matlab Dakkhin,,
Matlab Dakshin,Chandpur,Matlab Dakshin,,,
Matlab North,Chandpur,,,Matlab North,Matlab North
Matlab South,Chandpur,,,Matlab South,Matlab South
Matlab Uttar,Chandpur,Matlab Uttar,Matlab Uttar,,
Meghna,Cumilla,Meghna,Meghna,Meghna,Meghna
Mehendiganj,Barishal,Mehendiganj,Mehendiganj,Mehendiganj,Mehendiganj
Meherpur Sadar,Meherpur,Meherpur Sadar,Meherpur Sadar,Meherpur Sadar,Meherpur Sadar
Melandah,Jamalpur,,,Melandah,Melandah
Melandaha,Jamalpur,Melandaha,Melandaha,,
Mirpur,Dhaka,Mirpur,Mirpur,Mirpur,Mirpur
Mirsharai,Chattogram,Mirsharai,Mirsarai,Mirsharai,Mirsharai
Mirzaganj,Patuakhali,Mirzaganj,Mirzaganj,Mirzaganj,Mirzaganj
Mirzapur,Tangail,Mirzapur,Mirzapur,Mirzapur,Mirzapur
Mitha Pukur,Rangpur,Mitha Pukur,,,
Mithamain,Kishoreganj,Mithamain,Mithamain,Mithamain,Mithamoin
Mithapukur,Rangpur,,Mithapukur,Mithapukur,Mithapukur
Moglabazar,Sylhet,,Moglabazar,,
Mohammadpur,Dhaka,Mohammadpur,Mohammadpur,Mohammadpur,Mohammadpur
Mohanganj,Netrakona,Mohanganj,Mohanganj,Mohanganj,Mohongonj
Mohanpur,Rajshahi,Mohanpur,Mohanpur,Mohanpur,Mohonpur
Moheshpur,Jhenaidah,,,Moheshpur,Moheshpur
Mollahat,Bagerhat,Mollahat,Mollahat,Mollahat,Mollahat
Mongla,Bagerhat,Mongla,Mongla,Mongla,Mongla
Monohardi,Narsingdi,,,Monohardi,Monohardi
Morrelganj,Bagerhat,Morrelganj,Morelganj,Morrelganj,Morrelganj
Motijheel,Dhaka,Motijheel,Motijheel,,
Moulvibazar Sadar,Moulvibazar,Maulvi Bazar Sadar,Moulvibazar Sadar,Moulvibazar Sadar,Moulvibazar Sadar
Mugda,Dhaka,,Mugda,,
Mujibnagar,Meherpur,Mujib Nagar,Mujibnagar,Mujibnagar,Mujibnagar
Muksudpur,Gopalganj,Muksudpur,Muksudpur,Muksudpur,Muksudpur
Muktagachha,Mymensingh,Muktagachha,Muktagachha,Muktagachha,Muktagacha
Muladi,Barishal,Muladi,Muladi,Muladi,Muladi
Munshiganj Sadar,Munshiganj,Munshiganj Sadar,Munshiganj Sadar,Munshiganj Sadar,Munshiganj Sadar
Muradnagar,Cumilla,Muradnagar,Muradnagar,Muradnagar,Muradnagar
Mymensingh City Corporation,Mymensingh,,,Mymensingh City Corporation,
Mymensingh Sadar,Mymensingh,Mymensingh Sadar,Mymensingh Sadar,Mymensingh Sadar,Mymensingh Sadar
Nabiganj,Habiganj,Nabiganj,Nabiganj,Nabiganj,Nabiganj
Nabinagar,Brahmanbaria,Nabinagar,Nabinagar,Nabinagar,Nabinagar
Nachole,Chapainawabganj,Nachole,Nachole,Nachole,Nachol
Nagarkanda,Faridpur,Nagarkanda,Nagarkanda,Nagarkanda,Nagarkanda
Nagarpur,Tangail,Nagarpur,Nagarpur,Nagarpur,Nagarpur
Nageshwari,Kurigram,Nageshwari,Nageshwari,Nageswari,Nageshwari
Naikhongchhari,Bandarban,Naikhongchhari,Naikkhongchhari,Naikhongchhari,Naikhongchhari
Nakla,Sherpur,Nakla,Nakla,Nakla,Nokla
Nalchity,Jhalokati,Nalchity,Nalchhity,Nalchity,Nalchity
Naldanga,Natore,,Naldanga,Naldanga,Naldanga
Nalitabari,Sherpur,Nalitabari,Nalitabari,Nalitabari,Nalitabari
Nandail,Mymensingh,Nandail,Nandail,Nandail,Nandail
Nandigram,Bogura,Nandigram,Nandigram,Nandigram,Nondigram
Nangalkot,Cumilla,Nangalkot,Nangalkot,,Nangalkot
Naniarchar,Rangamati,Naniarchar,Naniarchar,Naniarchar,Naniarchar
Naogaon Sadar,Naogaon,Naogaon Sadar,Naogaon Sadar,Naogaon Sadar,Naogaon Sadar
Narail Sadar,Narail,Narail Sadar,Narail Sadar,Narail Sadar,Narail Sadar
Narayanganj City Corporation (Wards 1-18),Narayanganj,,,Narayanganj City Corporation (Wards 19-27),
Narayanganj Sadar,Narayanganj,Narayanganj Sadar,Narayanganj Sadar,Narayanganj Sadar,Narayanganj Sadar
Naria,Shariatpur,Naria,Naria,,Naria
Narsingdi Sadar,Narsingdi,Narsingdi Sadar,Narsingdi Sadar,Narsingdi Sadar,Narsingdi Sadar
Nasirnagar,Brahmanbaria,Nasirnagar,Nasirnagar,Nasirnagar,Nasirnagar
Natore Sadar,Natore,Natore Sadar,Natore Sadar,Natore Sadar,Natore Sadar
Nawabganj,Dhaka,Nawabganj,Nababganj,Nawabganj,Nawabganj
Nazirpur,Pirojpur,Nazirpur,Nazirpur,,Nazirpur
Nesarabad (Swarupkati),Pirojpur,Nesarabad (Swarupkati),Nesarabad (Swarupkathi),Nesarabad (Swarupkati),Nesarabad
Netrokona Sadar,Netrakona,Netrokona Sadar,Netrakona Sadar,Netrokona Sadar,Netrokona Sadar
New Market,Dhaka,New Market,Newmarket,,
Niamatpur,Naogaon,Niamatpur,Niamatpur,Niamatpur,Niamatpur
Nikli,Kishoreganj,Nikli,Nikli,,Nikli
Nilphamari Sadar,Nilphamari,Nilphamari Sadar,Nilphamari Sadar,Nilphamari Sadar,Nilphamari Sadar
Noakhali Sadar,Noakhali,Noakhali Sadar (Sudharam),Noakhali Sadar,Noakhali Sadar,Noakhali Sadar
Osmaninagar,Sylhet,,Osmaninagar,,Osmaninagar
Paba,Rajshahi,Paba,Paba,Paba,Paba
Pabna Sadar,Pabna,Pabna Sadar,Pabna Sadar,Pabna Sadar,Pabna Sadar
Pahartali,Chattogram,Pahartali,Pahartali,,
Paikgachha,Khulna,Paikgachha,Paikgachha,Paikgacha,Paikgasa
Pakundia,Kishoreganj,Pakundia,Pakundia,Pakundia,Pakundia
Palash,Narsingdi,Palash,Palash,Palash,Palash
Palashbari,Gaibandha,Palashbari,Palashbari,Palashbari,Palashbari
Pallabi,Dhaka,Pallabi,Pallabi,,
Palong,Shariatpur,,,Palong,
Paltan,Dhaka,Paltan,Paltan,,
Panchagarh Sadar,Panchagarh,Panchagarh Sadar,Panchagarh Sadar,Panchagarh Sadar,Panchagarh Sadar
Panchbibi,Joypurhat,Panchbibi,Panchbibi,Panchbibi,Panchbibi
Panchhari,Khagrachhari,Panchhari,Panchhari,,Panchari
Panchlaish,Chattogram,Panchlaish,Panchlaish,,
Pangsha,Rajbari,Pangsha,Pangsha,Pangsha,Pangsa
Parbatipur,Dinajpur,Parbatipur,Parbatipur,Parbatipur,Parbatipur
Parshuram,Feni,Parshuram,Parshuram,Parshuram,Parshuram
Patenga,Chattogram,Patenga,Patenga,,
Patgram,Lalmonirhat,Patgram,Patgram,Patgram,Patgram
Patharghata,Barguna,Patharghata,Patharghata,Patharghata,Pathorghata
Patiya,Chattogram,Patiya,Patiya,Patiya,Patiya
Patnitala,Naogaon,Patnitala,Patnitala,Patnitala,Patnitala
Patuakhali Sadar,Patuakhali,Patuakhali Sadar,Patuakhali Sadar,Patuakhali Sadar,Patuakhali Sadar
Pekua,Cox's Bazar,Pekua,Pekua,Pekua,Pekua
Phulbari,Dinajpur,Phulbari,Phulbari,Fulbari,Phulbari
Phulpur,Mymensingh,Phulpur,Fulpur,Phulpur,Phulpur
Phultala,Khulna,Phultala,Phultala,Fultala,Fultola
Pirgachha,Rangpur,Pirgachha,Pirgachha,Pirgachha,Pirgacha
Pirganj,Rangpur,Pirganj,Pirganj,Pirganj,Pirgonj
Pirojpur Sadar,Pirojpur,Pirojpur Sadar,Pirojpur Sadar,Pirojpur Sadar,Pirojpur Sadar
Porsha,Naogaon,Porsha,Porsha,Porsha,Porsha
Pubail,Gazipur,,Pubail,Pubail Thana Area,
Purbadhala,Netrakona,Purbadhala,Purbadhala,Purbadhala,Purbadhala
Puthia,Rajshahi,Puthia,Puthia,Puthia,Puthia
Rajapur,Jhalokati,Rajapur,Rajapur,Rajapur,Rajapur
Rajarhat,Kurigram,Rajarhat,Rajarhat,Rajarhat,Rajarhat
Rajasthali,Rangamati,Rajasthali,Rajasthali,Rajasthali,Rajasthali
Rajbari Sadar,Rajbari,Rajbari Sadar,Rajbari Sadar,Rajbari Sadar,Rajbari Sadar
Rajnagar,Moulvibazar,Rajnagar,Rajnagar,Rajnagar,Rajnagar
Rajoir,Madaripur,Rajoir,Rajoir,,Rajoir
Rajpara,Rajshahi,Rajpara,Rajpara,,
Rajshahi City Corporation,Rajshahi,,,Rajshahi City Corporation,
Ramganj,Lakshmipur,Ramganj,Ramganj,Ramganj,Ramganj
Ramgarh,Khagrachhari,Ramgarh,Ramgarh,Ramgarh,Ramgarh
Ramgati,Lakshmipur,Ramgati,Ramgati,Ramgati,Ramgati
Ramna,Dhaka,Ramna,Ramna,,
Rampal,Bagerhat,Rampal,Rampal,Rampal,Rampal
Rampura,Dhaka,Rampura,Rampura,,
Ramu,Cox's Bazar,Ramu,Ramu,Ramu,Ramu
Rangabali,Patuakhali,,Rangabali,Rangabali,Rangabali
Rangamati Sadar,Rangamati,Rangamati Sadar,Rangamati Sadar,Rangamati Sadar,Rangamati Sadar
Rangpur City Corporation (Wards 1-8),Rangpur,,,Rangpur City Corporation (Wards 9-15),
Rangpur Sadar,Rangpur,Rangpur Sadar,Rangpur Sadar,Rangpur Sadar,Rangpur Sadar
Rangunia,Chattogram,Rangunia,Rangunia,Rangunia,Rangunia
Raninagar,Naogaon,Raninagar,Raninagar,Raninagar,Raninagar
Ranisankail,Thakurgaon,Ranisankail,Ranishankail,Ranisankail,Ranisankail
Raozan,Chattogram,Raozan,Raozan,Raozan,Raozan
Raumari,Kurigram,Raumari,Roumari,,
Rowangchhari,Bandarban,Rowangchhari,Rowangchhari,Rowangchhari,Rowangchhari
Rowmari,Kurigram,,,Rowmari,Rowmari
Royganj,Sirajganj,Royganj,Rayganj,Raiganj,Raigonj
Roypur,Lakshmipur,Roypur,Raipur,Raipur,Raipur
Roypura,Narsingdi,Roypura,Raipura,Raipura,Raipura
Ruma,Bandarban,Ruma,Ruma,,Ruma
Rupganj,Narayanganj,Rupganj,Rupganj,Rupganj,Rupganj
Rupnagar,Dhaka,,Rupnagar,,
Rupsa,Khulna,Rupsa,Rupsa,Rupsa,Rupsha
Sabujbagh,Dhaka,Sabujbagh,Sabujbag,,
Sadarghat,Chattogram,,Sadarghat,,
Sadarpur,Faridpur,Sadarpur,Sadarpur,,Sadarpur
Sadullapur,Gaibandha,Sadullapur,Sadullapur,Sadullapur,Sadullapur
Saghatta,Gaibandha,Saghatta,Saghata,Shaghata,Saghata
Saidpur,Nilphamari,Saidpur,Saidpur,Saidpur,Syedpur
Sakhipur,Tangail,Sakhipur,Sakhipur,Sakhipur,Sakhipur
Saltha,Faridpur,Saltha,Saltha,Salta,Saltha
Sandwip,Chattogram,Sandwip,Sandwip,Sandwip,Sandwip
Santhia,Pabna,Santhia,Santhia,Santhia,Santhia
Sapahar,Naogaon,Sapahar,Sapahar,Sapahar,Sapahar
Sarail,Brahmanbaria,Sarail,Sarail,Sarail,Sarail
Sarankhola,Bagerhat,Sarankhola,Sharankhola,Sharankhola,Sarankhola
Sariakandi,Bogura,Sariakandi,Sariakandi,Sariakandi,Shariakandi
Sarishabari,Jamalpur,Sarishabari,Sarishabari,Sarishabari,Sarishabari
Satkania,Chattogram,Satkania,Satkania,Satkania,Satkania
Satkhira Sadar,Satkhira,Satkhira Sadar,Satkhira Sadar,Satkhira Sadar,Satkhira Sadar
Saturia,Manikganj,Saturia,Saturia,Saturia,Saturia
Savar,Dhaka,Savar,Savar,Savar Upazila (excluding parts in Dhaka-2 and Dhaka-20),Savar
Senbagh,Noakhali,Senbagh,Senbag,Senbagh,Senbug
Serajdikhan,Munshiganj,Serajdikhan,Sirajdikhan,Sirajdikhan,Sirajdikhan
Shah Ali,Dhaka,Shah Ali,Shah Ali,,
Shah Makhdum,Rajshahi,Shah Makhdum,Shah Makhdum,,
Shahbagh,Dhaka,Shahbagh,Shahbag,,
Shahjadpur,Sirajganj,Shahjadpur,Shahjadpur,Shahjadpur,Shahjadpur
Shahparan,Sylhet,,Shahparan,,
Shahrasti,Chandpur,Shahrasti,Shahrasti,Shahrasti,Shahrasti
Shailkupa,Jhenaidah,Shailkupa,Shailkupa,Shailkupa,Shailkupa
Shajahanpur,Bogura,Shajahanpur,Shajahanpur,Shahjahanpur,Shajahanpur
Shalikha,Magura,Shalikha,Shalikha,Shalikha,Shalikha
Shantiganj,Sunamganj,,Shantiganj,,
Shariatpur Sadar,Shariatpur,Shariatpur Sadar,Shariatpur Sadar,Shariatpur Sadar,Shariatpur Sadar
Sharsha,Jashore,Sharsha,Sharsha,Sharsha,Sharsha
Shayestaganj,Habiganj,,Shayestaganj,Shaistaganj,
Sher-E-Bangla Nagar,Dhaka,Sher-e-bangla Nagar,Sher-E-Bangla Nagar,,
Sherpur,Bogura,Sherpur,Sherpur,Sherpur,Sherpur
Sherpur Sadar,Sherpur,Sherpur Sadar,Sherpur Sadar,Sherpur Sadar,Sherpur Sadar
Shib Char,Madaripur,Shib Char,Shibchar,Shibchar,Shibchar
Shibalaya,Manikganj,Shibalaya,Shibalay,Shibalaya,Shibaloy
Shibganj,Bogura,Shibganj,Shibganj,Shibganj,Shibganj
Shibpur,Narsingdi,Shibpur,Shibpur,Shibpur,Shibpur
Shyamnagar,Satkhira,Shyamnagar,Shyamnagar,Shyamnagar,Shyamnagar
Shyampur,Dhaka,Shyampur,Shyampur,,
Singair,Manikganj,Singair,Singair,Singair,Singiar
Singra,Natore,Singra,Singra,Singra,Singra
Sirajganj Sadar,Sirajganj,Sirajganj Sadar,Sirajganj Sadar,Sirajganj Sadar,Sirajganj Sadar
Sitakunda,Chattogram,Sitakunda,Sitakunda,,Sitakunda
Sonadanga,Khulna,Sonadanga,Sonadanga,,
Sonagazi,Feni,Sonagazi,Sonagazi,Sonagazi,Sonagazi
Sonaimuri,Noakhali,Sonaimuri,Sonaimuri,Sonaimuri,Sonaimori
Sonargaon,Narayanganj,Sonargaon,Sonargaon,Sonargaon,Sonargaon
Sonatola,Bogura,Sonatola,Sonatala,Sonatala,Sonatala
South Sunamganj,Sunamganj,,,South Sunamganj,South Sunamganj
Sreebardi,Sherpur,Sreebardi,Sreebardi,Sreebardi,Sreebordi
Sreemangal,Moulvibazar,Sreemangal,Sreemangal,Sreemangal,Sreemangal
Sreenagar,Munshiganj,Sreenagar,Sreenagar,Srinagar,Sreenagar
Sreepur,Gazipur,Sreepur,Sreepur,Sreepur,Sreepur
Subarnachar,Noakhali,Subarnachar,Subarnachar,Subarnachar,Subarnachar
Sujanagar,Pabna,Sujanagar,Sujanagar,Sujanagar,Sujanagar
Sulla,Sunamganj,Sulla,Shalla,Shalla,Shalla
Sunamganj Sadar,Sunamganj,Sunamganj Sadar,Sunamganj Sadar,Sunamganj Sadar,Sunamganj Sadar
Sundarganj,Gaibandha,Sundarganj,Sundarganj,Sundarganj,Sundarganj
Sutrapur,Dhaka,Sutrapur,Sutrapur,,
Sylhet City Corporation,Sylhet,,,Sylhet City Corporation,
Sylhet Sadar,Sylhet,Sylhet Sadar,Sylhet Sadar,Sylhet Sadar,Sylhet Sadar
Tahirpur,Sunamganj,Tahirpur,Tahirpur,Tahirpur,Tahirpur
Tajhat,Rangpur,,Tajhat,,
Tala,Satkhira,Tala,Tala,Tala,Tala
Taltali,Barguna,,Taltali,Taltali,Taltali
Tangail Sadar,Tangail,Tangail Sadar,Tangail Sadar,Tangail Sadar,Tangail Sadar
Tanore,Rajshahi,Tanore,Tanore,Tanore,Tanore
Taraganj,Rangpur,Taraganj,Taraganj,Taraganj,Taragonj
Tarail,Kishoreganj,Tarail,Tarail,Tarail,Tarail
Tarakanda,Mymensingh,,Tarakanda,Tarakanda,Tarakanda
Tarash,Sirajganj,Tarash,Tarash,Tarash,Tarash
Tazumuddin,Bhola,Tazumuddin,Tazumuddin,Tazumuddin,Tazumuddin
Tejgaon,Dhaka,Tejgaon,Tejgaon,,
Tejgaon Ind. Area,Dhaka,Tejgaon Ind. Area,Tejgaon Shilpa Elaka,,
Teknaf,Cox's Bazar,Teknaf,Teknaf,Teknaf,Teknaf
Tentulia,Panchagarh,Tentulia,Tentulia,,
Terokhada,Khulna,Terokhada,Terokhada,Terokhada,Terokhada
Tetulia,Panchagarh,,,Tetulia,Tetulia
Thakurgaon Sadar,Thakurgaon,Thakurgaon Sadar,Thakurgaon Sadar,Thakurgaon Sadar,Thakurgaon Sadar
Thanchi,Bandarban,Thanchi,Thanchi,Thanchi,Thanchi
Titas,Cumilla,Titas,Titas,Titas,Titas
Tongi,Gazipur,,Tongi Purba,,
Tongibari,Munshiganj,Tongibari,Tongibari,Tongibari,Tongibari
Trishal,Mymensingh,Trishal,Trishal,Trishal,Trishal
Tungipara,Gopalganj,Tungi Para,Tungipara,Tungipara,Tungipara
Turag,Dhaka,Turag,Turag,,
Ujirpur,Barishal,,Ujirpur,,
Ukhia,Cox's Bazar,Ukhia,Ukhia,Ukhia,Ukhiya
Ulipur,Kurigram,Ulipur,Ulipur,Ulipur,Ulipur
Ullahpara,Sirajganj,,,Ullahpara,
Ullapara,Sirajganj,Ullah Para,Ullapara,,Ullapara
Uttara,Dhaka,Uttara,Uttara Purba,,
Uttarkhan,Dhaka,Uttar Khan,Uttarkhan,,
Wari,Dhaka,,Wari,,
Wazirpur,Barishal,Wazirpur,,Wazirpur,Wazirpur
Zakiganj,Sylhet,Zakiganj,Zakiganj,Zakiganj,Zakiganj
Zanjira,Shariatpur,Zanjira,Zajira,Jajira,Zajira
Zianagar,Pirojpur,Zianagar,,,Zianagar
