division,district,total_population,male_population,female_population,hijra_population,sex_ratio,rural_male,rural_female,rural_hijra,rural_total,urban_male,urban_female,urban_hijra,urban_total,ethnic_minority_total,ethnic_minority_male,ethnic_minority_female,ethnic_minority_pct,pct_muslim,pct_hindu,pct_buddhist,pct_christian,pct_other_religion,literacy_rate_total,literacy_rate_male,literacy_rate_female,literacy_rate_hijra,total_households,slum_households,slum_population,floating_households,floating_population,regular_households,regular_population,household_size,population_2011,households_2011,hh_size_2011,density_2011,population_2022,households_2022,hh_size_2022,density_2022,dwelling_units_rural,dwelling_units_urban,dwelling_units_total
Khulna,Bagerhat,1613079,801716,810581,90,98.91,610926,616307,59,1227292,190790,194274,31,385095,1046,568,478,0.06,83.22,16.38,0.0,0.37,0.03,81.32,82.38,80.29,58.62,408862,2687,10062,180,190,405995,1602827,3.95,1476090,354223,4.17,373,1613079,408862,3.95,407,308340,89537,397877
Chattogram,Bandarban,481109,246590,234035,17,105.36,144443,141920,13,286376,102147,92115,4,194266,197975,99192,98783,12.0,52.68,3.42,29.52,9.78,4.61,63.64,68.86,58.14,31.25,106167,1,2,93,93,106073,481014,4.53,388335,80102,4.85,87,481109,106167,4.53,107,65878,36789,102667
Barishal,Barguna,1010530,494625,515608,96,95.93,381255,398244,35,779534,113370,117364,61,230795,1131,550,581,0.07,92.75,6.87,0.31,0.02,0.04,80.49,82.1,78.96,73.63,255390,454,1802,43,46,254893,1008682,3.96,892781,215842,4.14,488,1010530,255390,3.96,552,186565,50829,237394
Barishal,Barishal,2570450,1254840,1314423,151,95.47,864346,928508,56,1792910,390494,385915,95,776504,843,479,364,0.05,88.8,10.7,0.01,0.43,0.05,79.62,80.57,78.73,63.89,629842,8636,33163,735,1820,620471,2535467,4.08,2324310,513673,4.52,835,2570450,629842,4.08,923,419233,135869,555102
Barishal,Bhola,1932514,945076,985131,129,95.93,680149,716414,61,1396624,264927,268717,68,533712,773,379,394,0.05,97.07,2.87,0.0,0.01,0.05,67.12,67.03,67.2,59.84,448933,165,726,35,37,448733,1931751,4.3,1776795,372723,4.77,522,1932514,448933,4.3,568,315624,112164,427788
Rajshahi,Bogura,3734300,1852193,1880480,433,98.5,1366121,1405482,289,2771892,486072,474998,144,961214,5993,2979,3014,0.36,94.13,5.8,0.0,0.02,0.05,72.44,75.39,69.56,58.41,1025249,1966,7587,274,300,1023009,3726413,3.64,3400874,867137,3.92,1173,3734300,1025249,3.64,1288,732904,195948,928852
Chattogram,Brahmanbaria,3306559,1537743,1767766,202,86.99,1211818,1412028,129,2623975,325925,355738,73,681736,672,339,333,0.04,93.24,6.68,0.01,0.02,0.05,72.01,71.63,72.33,45.92,712613,1765,8369,638,665,710210,3297525,4.64,2840498,538937,5.27,1510,3306559,712613,4.64,1758,611998,117923,729921
Chattogram,Chandpur,2635748,1228774,1405682,132,87.41,896978,1046963,81,1944022,331796,358719,51,690566,2863,1422,1441,0.17,94.37,5.55,0.01,0.02,0.05,78.05,78.26,77.86,55.12,635458,3440,13831,141,163,631877,2621754,4.15,2416018,506521,4.77,1468,2635748,635458,4.15,1602,487577,141150,628727
Rajshahi,Chapainawabganj,1835527,887057,948165,88,93.56,662772,705218,67,1368057,224285,242947,21,467253,23275,11466,11809,1.41,95.53,3.92,0.0,0.39,0.15,71.92,70.75,72.99,58.82,448029,3058,12039,47,60,444924,1823428,4.1,1647521,357982,4.6,968,1835527,448029,4.1,1078,268320,88027,356347
Chattogram,Chattogram,9169464,4566039,4597076,645,99.32,2087177,2195390,188,4282755,2478862,2401686,457,4881005,48144,25098,23046,2.92,87.47,10.7,1.63,0.09,0.11,80.85,82.66,79.07,52.25,2143958,81958,304235,2004,2161,2059996,8863068,4.28,7616352,1532014,4.97,1442,9169464,2143958,4.28,1736,790842,518514,1309356
Khulna,Chuadanga,1234066,607558,626245,93,97.02,460177,472922,31,933130,147381,153323,62,300766,707,355,352,0.04,97.58,2.25,0.0,0.13,0.04,71.12,71.96,70.31,56.04,326718,1564,5606,67,78,325087,1228382,3.78,1129015,277464,4.07,962,1234066,326718,3.78,1051,234694,67222,301916
Chattogram,Cox's Bazar,2823265,1432864,1388086,173,103.23,799867,791456,67,1591390,632997,596630,106,1229733,14861,7639,7222,0.9,94.52,3.82,1.5,0.07,0.09,71.45,72.37,70.5,52.44,587127,3185,13208,259,264,583683,2809793,4.81,2289990,415954,5.51,919,2823265,587127,4.81,1133,284492,202783,487275
Chattogram,Cumilla,6212216,2898583,3310416,373,87.56,2279967,2661184,216,4941367,618616,649232,157,1268005,2044,1159,885,0.12,95.51,4.33,0.09,0.01,0.05,76.51,77.45,75.71,46.54,1407396,6581,28008,393,453,1400422,6183755,4.41,5387288,1053572,5.11,1712,6212216,1407396,4.41,1974,1175221,224021,1399242
Dhaka,Dhaka,14734025,7883940,6829098,2185,115.45,1804575,1690406,534,3495515,6079365,5138692,1651,11219708,27129,13887,13242,1.64,94.82,4.55,0.11,0.43,0.09,84.68,86.23,82.86,57.71,4036445,208268,692628,5969,6476,3822208,14034921,3.65,12043977,2786133,4.32,8229,14734025,4036445,3.65,10067,566107,720695,1286802
Rangpur,Dinajpur,3315238,1660997,1653305,162,100.47,1342078,1339092,96,2681266,318919,314213,66,633198,52939,25946,26993,3.21,78.56,19.49,0.03,1.39,0.53,76.04,78.92,73.16,54.19,837002,8543,32358,280,290,828179,3282590,3.96,2990128,715773,4.18,868,3315238,837002,3.96,963,635159,129576,764735
Dhaka,Faridpur,2162876,1050193,1112061,151,94.44,795984,851073,84,1647141,254209,260988,67,515264,6452,3339,3113,0.39,91.47,8.44,0.0,0.05,0.04,71.99,73.12,70.94,43.84,525879,1820,6750,294,303,523765,2155823,4.11,1912969,420174,4.55,932,2162876,525879,4.11,1054,456146,118076,574222
Chattogram,Feni,1648896,780065,868124,84,89.86,537182,622047,54,1159283,242883,246077,30,488990,906,583,323,0.05,94.35,5.52,0.04,0.01,0.07,80.59,82.37,79.02,58.54,377189,7168,27069,391,401,369630,1621426,4.37,1437371,277665,5.18,1451,1648896,377189,4.37,1665,234713,65423,300136
Rangpur,Gaibandha,2562232,1238621,1317944,195,93.98,1045534,1115197,131,2160862,193087,202747,64,395898,4149,2043,2106,0.25,92.87,6.9,0.0,0.14,0.09,66.87,70.15,63.83,39.67,700289,1709,6210,58,60,698522,2555962,3.66,2379255,612283,3.89,1125,2562232,700289,3.66,1212,699662,110036,809698
Dhaka,Gazipur,5263474,2734086,2524805,599,108.29,948236,930351,131,1878718,1785850,1594454,468,3380772,9770,5015,4755,0.59,94.4,5.0,0.03,0.5,0.07,81.25,83.46,78.86,59.11,1579844,41266,117394,592,634,1537986,5145446,3.33,3403912,826458,4.12,1884,5263474,1579844,3.33,2914,458356,376221,834577
Dhaka,Gopalganj,1295053,634105,660770,65,95.96,504344,531464,35,1035843,129761,129306,30,259097,2470,1336,1134,0.15,72.07,26.94,0.01,0.93,0.04,79.76,81.6,78.01,56.45,308707,196,758,60,62,308451,1294233,4.2,1172415,249872,4.69,798,1295053,308707,4.2,882,269568,53242,322810
Sylhet,Habiganj,2358886,1143541,1214429,189,94.16,970842,1032700,134,2003676,172699,181729,55,354483,41563,20736,20827,2.52,83.94,15.84,0.01,0.11,0.1,69.32,70.5,68.22,44.32,491886,707,3123,128,139,491051,2355624,4.8,2089001,393302,5.31,792,2358886,491886,4.8,895,380841,60815,441656
Mymensingh,Jamalpur,2499737,1215902,1282768,170,94.79,898235,950366,92,1848693,317667,332402,78,650147,1222,634,588,0.07,98.33,1.58,0.0,0.04,0.04,61.53,64.08,59.14,43.83,652046,877,3451,92,101,651077,2496185,3.83,2292674,563367,4.07,1084,2499737,652046,3.83,1182,513709,165355,679064
Khulna,Jashore,3076849,1522763,1549146,195,98.3,1160407,1193337,121,2353865,362356,355809,74,718239,5386,2725,2661,0.33,89.57,10.18,0.01,0.17,0.07,76.96,79.56,74.43,59.26,798057,7345,26358,230,265,790482,3050226,3.86,2764547,656413,4.21,1060,3076849,798057,3.86,1180,608880,145563,754443
Barishal,Jhalokati,661161,316521,344424,40,91.9,226727,250150,20,476897,89794,94274,20,184088,203,98,105,0.01,90.66,9.28,0.0,0.02,0.04,83.08,84.01,82.25,63.16,162403,231,955,47,53,162125,660153,4.07,682669,158139,4.32,966,661161,162403,4.07,935,110604,34531,145135
Khulna,Jhenaidah,2005849,995544,1009712,148,98.6,784195,798153,91,1582439,211349,211559,57,422965,5624,2737,2887,0.34,91.52,8.38,0.01,0.05,0.05,72.7,74.82,70.63,57.34,519296,787,2793,87,95,518422,2002961,3.86,1771304,422332,4.19,902,2005849,519296,3.86,1021,408520,90891,499411
Rajshahi,Joypurhat,956430,472531,483563,94,97.72,361248,370759,56,732063,111283,112804,38,224125,26324,13136,13188,1.6,89.87,9.09,0.02,0.5,0.52,73.63,76.81,70.54,60.44,269904,1876,6511,36,74,267992,949845,3.54,913768,242556,3.77,903,956430,269904,3.54,945,181745,46687,228432
Chattogram,Khagrachhari,714119,357406,356477,51,100.26,207354,208557,24,415935,150052,147920,27,297999,349378,172667,176711,21.17,46.56,16.75,35.92,0.62,0.16,71.73,77.13,66.35,57.14,169526,327,1312,83,83,169116,712724,4.21,613917,133792,4.59,223,714119,169526,4.21,260,108101,66732,174833
Khulna,Khulna,2613385,1311388,1300698,228,100.82,773450,772594,91,1546135,537938,528104,137,1066179,3260,1709,1551,0.2,78.63,20.75,0.01,0.54,0.07,80.56,83.5,77.6,65.77,670923,18690,66977,294,309,651939,2546099,3.9,2318527,547347,4.24,528,2613385,670923,3.9,595,395795,176198,571993
Dhaka,Kishoregonj,3267630,1572370,1694057,225,92.82,1138353,1232849,135,2371337,434017,461208,90,895315,1021,530,491,0.06,95.09,4.84,0.0,0.01,0.05,67.47,67.8,67.17,48.15,760958,258,1079,328,353,760372,3266198,4.29,2911907,627322,4.64,1083,3267630,760958,4.29,1215,589624,187784,777408
Rangpur,Kurigram,2329161,1145222,1182688,91,96.83,895556,926554,64,1822174,249666,256134,27,505827,275,136,139,0.02,93.79,6.14,0.0,0.01,0.07,64.99,68.19,61.93,47.19,605724,1584,5826,43,43,604097,2323292,3.85,2069273,508045,4.07,922,2329161,605724,3.85,1037,600884,150027,750911
Khulna,Kushtia,2149692,1055681,1093549,124,96.54,829101,863348,77,1692526,226580,230201,47,456828,2117,1068,1049,0.13,97.23,2.73,0.0,0.01,0.03,68.88,70.05,67.77,51.22,565343,2316,8297,243,253,562784,2141142,3.8,1946838,477289,4.08,1210,2149692,565343,3.8,1336,458786,100056,558842
Chattogram,Lakshmipur,1938111,912932,1024669,118,89.1,679974,775312,74,1455360,232958,249357,44,482359,150,89,61,0.01,96.75,3.19,0.01,0.01,0.05,73.84,73.72,73.95,57.76,459381,24,98,145,522,459212,1937491,4.22,1729188,365339,4.73,1200,1938111,459381,4.22,1346,341706,101057,442763
Rangpur,Lalmonirhat,1428406,714203,713566,66,100.09,568960,567326,47,1136333,145243,146240,19,291502,118,62,56,0.01,86.95,12.96,0.0,0.04,0.04,71.18,74.41,67.98,50.82,342039,2891,11420,160,174,338988,1416812,4.18,1256099,290444,4.32,1007,1428406,342039,4.18,1145,354089,81708,435797
Dhaka,Madaripur,1293027,615579,677043,79,90.92,463499,513921,38,977458,152080,163122,41,315243,508,243,265,0.03,88.65,11.2,0.01,0.1,0.04,74.84,76.77,73.13,59.21,313274,191,758,70,102,313013,1292167,4.13,1165952,252149,4.62,1036,1293027,313274,4.13,1149,239615,67366,306981
Khulna,Magura,1033115,508940,523988,48,97.13,411936,425822,27,837785,97004,98166,21,195191,8548,4254,4294,0.52,84.23,15.69,0.0,0.03,0.05,72.1,74.25,70.04,70.83,254154,248,973,15,15,253891,1032127,4.06,918419,205902,4.46,884,1033115,254154,4.06,994,219980,44385,264365
Dhaka,Manikganj,1558024,751784,805890,107,93.29,639418,688119,75,1327612,112366,117771,32,230169,909,433,476,0.06,91.0,8.91,0.01,0.03,0.04,71.08,74.27,68.15,57.69,393524,73,262,182,234,393269,1557528,3.96,1392867,324794,4.29,1007,1558024,393524,3.96,1126,423346,57907,481253
Khulna,Meherpur,705356,340025,365165,39,93.12,262884,283453,21,546358,77141,81712,18,158871,161,42,119,0.01,97.85,1.2,0.0,0.92,0.03,68.04,68.79,67.34,50.0,195323,190,734,0,0,195133,704622,3.61,655392,166312,3.94,884,705356,195323,3.61,951,143685,38004,181689
Sylhet,Moulvibazar,2123445,1020312,1102247,144,92.57,874466,951027,114,1825607,145846,151220,30,297096,73288,36292,36996,4.44,74.61,24.44,0.01,0.84,0.1,75.74,77.58,74.08,50.37,446354,2444,10106,125,137,443785,2113202,4.76,1919062,361177,5.31,686,2123445,446354,4.76,759,344358,46112,390470
Dhaka,Munshiganj,1625418,788145,836564,93,94.21,642166,688649,78,1330893,145979,147915,15,293909,4808,2348,2460,0.29,92.31,7.51,0.01,0.11,0.06,77.8,78.98,76.71,68.89,399633,577,2207,189,204,398867,1623007,4.07,1445660,313258,4.61,1439,1625418,399633,4.07,1618,369703,63701,433404
Mymensingh,Mymensingh,5899052,2897880,2997931,471,96.66,2219365,2326022,255,4545642,678515,671909,216,1350640,27652,13444,14208,1.68,96.01,3.42,0.01,0.5,0.06,70.74,72.14,69.41,49.12,1460900,7407,28914,361,399,1453132,5869739,4.04,5110272,1155436,4.42,1163,5899052,1460900,4.04,1342,1160739,257567,1418306
Rajshahi,Naogaon,2784598,1374312,1408840,173,97.55,1166422,1200521,139,2367082,207890,208319,34,416243,107292,53248,54044,6.5,86.82,11.45,0.01,0.77,0.95,72.14,74.66,69.7,48.5,765459,271,1031,66,98,765122,2783469,3.64,2600157,655801,3.96,757,2784598,765459,3.64,811,547688,81921,629609
Khulna,Narail,788673,383380,404814,43,94.71,297346,316273,33,613652,86034,88541,10,174585,8278,4205,4073,0.5,84.16,15.78,0.0,0.02,0.03,74.53,76.04,73.12,63.41,195663,478,1782,26,27,195159,786864,4.03,721668,162607,4.44,746,788673,195663,4.03,815,165259,40618,205877
Dhaka,Narayanganj,3909138,2015845,1892162,364,106.54,1199205,1124996,193,2324394,816640,767166,171,1583977,1267,716,551,0.08,95.17,4.71,0.03,0.04,0.06,79.09,80.82,77.25,50.14,1023190,8934,31800,383,416,1013873,3876922,3.82,2948217,675652,4.36,4308,3909138,1023190,3.82,5712,387260,207964,595224
Dhaka,Narsingdi,2584452,1265578,1317873,178,96.03,941282,998430,108,1939820,324296,319443,70,643809,508,280,228,0.03,94.5,5.4,0.01,0.03,0.06,74.69,75.98,73.47,54.97,621514,2785,11029,152,163,618577,2573260,4.16,2224944,477976,4.65,1934,2584452,621514,4.16,2247,512490,120129,632619
Rajshahi,Natore,1859921,919696,939633,116,97.88,743019,759842,56,1502917,176677,179791,60,356528,11189,5456,5733,0.68,93.76,5.75,0.0,0.42,0.06,71.43,73.36,69.56,57.02,501957,79,273,113,120,501765,1859528,3.71,1706673,423875,4.03,898,1859921,501957,3.71,979,403908,81959,485867
Mymensingh,Netrakona,2324856,1138660,1184308,219,96.15,959567,1003968,165,1963700,179093,180340,54,359487,21604,10539,11065,1.31,90.42,8.69,0.01,0.76,0.12,66.13,67.27,65.04,37.96,548449,945,3897,95,106,547409,2320853,4.24,2229642,479146,4.65,798,2324856,548449,4.24,832,476007,72560,548567
Rangpur,Nilphamari,2092567,1041582,1050499,80,99.15,776391,785250,61,1561702,265191,265249,19,530459,127,61,66,0.01,84.27,15.63,0.02,0.05,0.04,69.13,72.08,66.23,55.41,505604,86,359,124,134,505394,2092074,4.14,1834231,421572,4.35,1186,2092567,505604,4.14,1353,497910,135058,632968
Chattogram,Noakhali,3625252,1730561,1893604,198,91.39,1409213,1562565,126,2971904,321348,331039,72,652459,1003,533,470,0.06,95.84,4.05,0.02,0.03,0.06,75.36,75.48,75.26,48.4,776034,4937,21973,329,363,770768,3602916,4.67,3108083,593918,5.23,843,3625252,776034,4.67,984,613979,110718,724697
Rajshahi,Pabna,2909622,1449989,1459013,165,99.38,1127792,1140763,114,2268669,322197,318250,51,640498,2368,1199,1169,0.14,97.18,2.55,0.0,0.22,0.04,70.38,71.13,69.64,46.54,743557,3560,13287,192,202,739805,2896133,3.91,2523179,590749,4.27,1062,2909622,743557,3.91,1225,698089,155710,853799
Rangpur,Panchagarh,1179843,588888,590750,43,99.68,494138,495711,21,989870,94750,95039,22,189811,2011,1051,960,0.12,84.04,15.67,0.0,0.23,0.06,73.59,76.59,70.62,58.54,281628,772,2930,41,42,280815,1176871,4.19,987644,228581,4.32,703,1179843,281628,4.19,840,261564,45421,306985
Barishal,Patuakhali,1727254,843027,883656,93,95.4,683989,721195,54,1405238,159038,162461,39,321538,1111,621,490,0.07,93.59,6.22,0.08,0.02,0.09,76.54,78.46,74.73,64.04,424745,426,1858,127,136,424192,1725260,4.07,1535854,346462,4.43,477,1727254,424745,4.07,536,324549,65509,390058
Barishal,Pirojpur,1198193,582661,615179,54,94.71,463516,495092,33,958641,119145,120087,21,239253,120,62,58,0.01,84.84,15.1,0.0,0.01,0.05,85.41,85.88,84.97,71.15,298488,97,373,83,89,298308,1197731,4.01,1113257,256002,4.35,871,1198193,298488,4.01,938,228876,50285,279161
Dhaka,Rajbari,1189821,581907,607499,95,95.79,493390,516294,73,1009757,88517,91205,22,179744,3324,1681,1643,0.2,90.63,9.29,0.0,0.01,0.06,69.37,70.66,68.16,48.31,295219,1933,7282,202,218,293084,1182321,4.03,1049778,238153,4.41,961,1189821,295219,4.03,1089,269485,43753,313238
Rajshahi,Rajshahi,2915013,1458223,1455185,223,100.21,903740,914983,124,1818847,554483,540202,99,1094784,47832,23722,24110,2.9,93.97,4.54,0.01,1.2,0.28,75.07,77.42,72.72,54.34,775260,5466,19165,363,397,769431,2895451,3.76,2595197,633758,4.09,1070,2915013,775260,3.76,1202,420375,189765,610140
Chattogram,Rangamati,647587,333015,314205,33,105.99,173778,165550,17,339345,159237,148655,16,307908,372864,187973,184891,22.6,36.22,5.1,57.25,1.32,0.11,71.33,77.71,64.56,46.88,153484,1471,6074,53,53,151960,641460,4.22,595979,128496,4.64,97,647587,153484,4.22,106,84248,66268,150516
Rangpur,Rangpur,3169615,1568608,1600067,225,98.03,1047879,1089533,100,2137512,520729,510534,125,1031388,15940,7707,8233,0.97,90.61,8.93,0.05,0.25,0.15,70.59,73.34,67.92,50.0,834309,7734,29111,169,180,826406,3140324,3.8,2881086,720180,4.0,1200,3169615,834309,3.8,1320,652914,235474,888388
Khulna,Satkhira,2196581,1093119,1102656,140,99.14,877649,886338,81,1764068,215470,216318,59,431847,3865,1983,1882,0.23,84.25,15.34,0.0,0.28,0.12,75.23,78.57,71.94,63.24,566752,2028,7281,94,96,564630,2189204,3.88,1985959,469890,4.23,520,2196581,566752,3.88,574,463120,104030,567150
Dhaka,Shariatpur,1294561,621288,672752,87,92.35,470188,514590,41,984819,151100,158162,46,309308,437,232,205,0.03,96.65,3.3,0.02,0.01,0.03,72.8,74.1,71.63,45.24,308963,826,3465,83,110,308054,1290986,4.19,1155824,247880,4.66,984,1294561,308963,4.19,1103,268278,77185,345463
Mymensingh,Sherpur,1501853,732433,768857,112,95.26,550651,580721,44,1131416,181782,188136,68,369986,11081,5484,5597,0.67,96.92,2.43,0.0,0.55,0.1,63.57,65.63,61.63,37.96,396151,57,229,89,90,396005,1501534,3.79,1358325,341443,3.98,995,1501853,396151,3.79,1101,323331,93110,416441
Rajshahi,Sirajganj,3357708,1665494,1690917,282,98.5,1326432,1350178,200,2676810,339062,340739,82,679883,20319,9921,10398,1.23,95.58,4.36,0.0,0.01,0.05,69.37,71.9,66.91,50.91,842314,1437,5633,62,65,840815,3352010,3.99,3097489,714971,4.33,1290,3357708,842314,3.99,1398,854935,180880,1035815
Sylhet,Sunamganj,2695495,1322590,1371517,223,96.43,1124932,1167292,140,2292364,197658,204225,83,401966,5285,2666,2619,0.32,88.16,11.67,0.01,0.09,0.06,64.77,66.0,63.61,35.21,528550,1103,5016,139,143,527308,2690336,5.1,2467968,440332,5.6,659,2695495,528550,5.1,719,402857,66175,469032
Sylhet,Sylhet,3857037,1894232,1959054,284,96.69,1381052,1460800,140,2841992,513180,498254,144,1011578,16458,8219,8239,1.0,92.52,7.32,0.01,0.06,0.08,76.26,78.32,74.29,48.56,746867,25096,109339,450,476,721321,3747222,5.16,3434188,596081,5.76,995,3857037,746867,5.16,1117,460711,123148,583859
Dhaka,Tangail,4037608,1945002,2090982,349,93.02,1498172,1625556,181,3123909,446830,465426,168,912424,23708,11955,11753,1.44,93.17,6.36,0.01,0.38,0.09,69.62,72.5,66.97,57.85,1061749,2386,9084,172,195,1059191,4028329,3.8,3605083,870102,4.14,1056,4037608,1061749,3.8,1183,990020,225184,1215204
Rangpur,Thakurgaon,1533894,768400,764809,67,100.47,625034,623337,48,1248419,143366,141472,19,284857,15511,8080,7431,0.94,77.02,22.11,0.01,0.63,0.23,74.3,78.27,70.34,58.46,382400,1106,4256,116,155,381178,1529483,4.01,1390042,320786,4.33,780,1533894,382400,4.01,861,347705,69969,417674
